station,fold,model,ordering,n_train,n_test,mae,mae_4dp
EGLC,2022-23,"B+D,L,R,T",record,495,364,1.0970480192866763,1.0970
EGLC,2022-23,B,canonical,495,364,1.1676942078095525,1.1677
EGLC,2023-24,"B+D,L,R,T",record,859,366,0.8714881558099459,0.8715
EGLC,2023-24,B,canonical,859,366,0.9470167774837449,0.9470
LFPG,2022-23,"B+D,L,R,T",record,493,365,1.1133895478467908,1.1134
LFPG,2022-23,B,canonical,493,365,1.1581288431631402,1.1581
LFPG,2023-24,"B+D,L,R,T",record,858,366,1.1221218810408342,1.1221
LFPG,2023-24,B,canonical,858,366,1.1605941837409353,1.1606
DSM,2022-23,"B+D,L,R,T",record,495,364,1.6498714917606239,1.6499
DSM,2022-23,B,canonical,495,364,1.7262636931223527,1.7263
DSM,2023-24,"B+D,L,R,T",record,859,366,1.4882809710048912,1.4883
DSM,2023-24,B,canonical,859,366,1.5787427636597116,1.5787
YSDU,2022-23,"B+D,L,R,T",record,493,357,1.1431189528380674,1.1431
YSDU,2022-23,B,canonical,493,357,1.199133818957037,1.1991
YSDU,2023-24,"B+D,L,R,T",record,850,363,1.0948569148657197,1.0949
YSDU,2023-24,B,canonical,850,363,1.126391420782976,1.1264
RNO,2022-23,"B+D,L,R,T",record,493,364,1.3384891085072084,1.3385
RNO,2022-23,B,canonical,493,364,1.4011745129574764,1.4012
RNO,2023-24,"B+D,L,R,T",record,857,365,1.14583207633231,1.1458
RNO,2023-24,B,canonical,857,365,1.2971855086239619,1.2972
