model,ordering,columns
"B+D,L,R,T",record,temp|season_sin|season_cos|cloud_cover|wind_speed_10m|dewpoint_depression_t2m_floored|lapse_rate_t2_t850|dswrf_2h_wm2|pressure_tendency_3h_hpa
"B+D,L,R,T",session73,temp|season_sin|season_cos|cloud_cover|wind_speed_10m|lapse_rate_t2_t850|dewpoint_depression_t2m_floored|pressure_tendency_3h_hpa|dswrf_2h_wm2
"B+D,L,R,T",draw001,pressure_tendency_3h_hpa|cloud_cover|season_cos|season_sin|dswrf_2h_wm2|lapse_rate_t2_t850|temp|wind_speed_10m|dewpoint_depression_t2m_floored
"B+D,L,R,T",draw002,lapse_rate_t2_t850|season_sin|pressure_tendency_3h_hpa|season_cos|wind_speed_10m|cloud_cover|dswrf_2h_wm2|dewpoint_depression_t2m_floored|temp
"B+D,L,R,T",draw003,season_cos|lapse_rate_t2_t850|dewpoint_depression_t2m_floored|dswrf_2h_wm2|season_sin|temp|pressure_tendency_3h_hpa|cloud_cover|wind_speed_10m
"B+D,L,R,T",draw004,dswrf_2h_wm2|season_sin|season_cos|pressure_tendency_3h_hpa|temp|cloud_cover|dewpoint_depression_t2m_floored|lapse_rate_t2_t850|wind_speed_10m
"B+D,L,R,T",draw005,dewpoint_depression_t2m_floored|temp|season_sin|wind_speed_10m|lapse_rate_t2_t850|cloud_cover|season_cos|dswrf_2h_wm2|pressure_tendency_3h_hpa
"B+D,L,R,T",draw006,lapse_rate_t2_t850|pressure_tendency_3h_hpa|dswrf_2h_wm2|season_cos|temp|cloud_cover|season_sin|dewpoint_depression_t2m_floored|wind_speed_10m
"B+D,L,R,T",draw007,pressure_tendency_3h_hpa|wind_speed_10m|season_sin|temp|dewpoint_depression_t2m_floored|lapse_rate_t2_t850|cloud_cover|dswrf_2h_wm2|season_cos
"B+D,L,R,T",draw008,lapse_rate_t2_t850|temp|season_sin|pressure_tendency_3h_hpa|season_cos|wind_speed_10m|dewpoint_depression_t2m_floored|dswrf_2h_wm2|cloud_cover
"B+D,L,R,T",draw009,season_sin|cloud_cover|pressure_tendency_3h_hpa|dswrf_2h_wm2|lapse_rate_t2_t850|temp|dewpoint_depression_t2m_floored|wind_speed_10m|season_cos
"B+D,L,R,T",draw010,cloud_cover|wind_speed_10m|season_cos|lapse_rate_t2_t850|season_sin|dswrf_2h_wm2|pressure_tendency_3h_hpa|dewpoint_depression_t2m_floored|temp
"B+D,L,R,T",draw011,season_sin|dswrf_2h_wm2|dewpoint_depression_t2m_floored|lapse_rate_t2_t850|temp|season_cos|pressure_tendency_3h_hpa|cloud_cover|wind_speed_10m
"B+D,L,R,T",draw012,lapse_rate_t2_t850|season_sin|season_cos|cloud_cover|pressure_tendency_3h_hpa|dewpoint_depression_t2m_floored|temp|dswrf_2h_wm2|wind_speed_10m
"B+D,L,R,T",draw013,pressure_tendency_3h_hpa|wind_speed_10m|dewpoint_depression_t2m_floored|lapse_rate_t2_t850|season_sin|season_cos|temp|dswrf_2h_wm2|cloud_cover
"B+D,L,R,T",draw014,temp|wind_speed_10m|lapse_rate_t2_t850|dewpoint_depression_t2m_floored|dswrf_2h_wm2|pressure_tendency_3h_hpa|cloud_cover|season_cos|season_sin
"B+D,L,R,T",draw015,season_sin|lapse_rate_t2_t850|temp|dewpoint_depression_t2m_floored|wind_speed_10m|pressure_tendency_3h_hpa|cloud_cover|dswrf_2h_wm2|season_cos
"B+D,L,R,T",draw016,dewpoint_depression_t2m_floored|season_cos|season_sin|pressure_tendency_3h_hpa|dswrf_2h_wm2|wind_speed_10m|cloud_cover|temp|lapse_rate_t2_t850
"B+D,L,R,T",draw017,pressure_tendency_3h_hpa|dewpoint_depression_t2m_floored|season_sin|lapse_rate_t2_t850|cloud_cover|season_cos|wind_speed_10m|temp|dswrf_2h_wm2
"B+D,L,R,T",draw018,dswrf_2h_wm2|season_cos|season_sin|dewpoint_depression_t2m_floored|pressure_tendency_3h_hpa|wind_speed_10m|temp|lapse_rate_t2_t850|cloud_cover
"B+D,L,R,T",draw019,dswrf_2h_wm2|season_cos|dewpoint_depression_t2m_floored|cloud_cover|lapse_rate_t2_t850|pressure_tendency_3h_hpa|season_sin|temp|wind_speed_10m
"B+D,L,R,T",draw020,season_sin|temp|cloud_cover|dswrf_2h_wm2|pressure_tendency_3h_hpa|wind_speed_10m|lapse_rate_t2_t850|season_cos|dewpoint_depression_t2m_floored
"B+D,L,R,T",draw021,dewpoint_depression_t2m_floored|season_sin|temp|dswrf_2h_wm2|season_cos|wind_speed_10m|lapse_rate_t2_t850|cloud_cover|pressure_tendency_3h_hpa
"B+D,L,R,T",draw022,dewpoint_depression_t2m_floored|cloud_cover|season_cos|temp|wind_speed_10m|season_sin|lapse_rate_t2_t850|pressure_tendency_3h_hpa|dswrf_2h_wm2
"B+D,L,R,T",draw023,lapse_rate_t2_t850|pressure_tendency_3h_hpa|season_sin|wind_speed_10m|temp|cloud_cover|dewpoint_depression_t2m_floored|dswrf_2h_wm2|season_cos
"B+D,L,R,T",draw024,pressure_tendency_3h_hpa|dswrf_2h_wm2|dewpoint_depression_t2m_floored|season_cos|lapse_rate_t2_t850|temp|season_sin|wind_speed_10m|cloud_cover
"B+D,L,R,T",draw025,temp|dswrf_2h_wm2|cloud_cover|season_cos|lapse_rate_t2_t850|wind_speed_10m|dewpoint_depression_t2m_floored|season_sin|pressure_tendency_3h_hpa
"B+D,L,R,T",draw026,cloud_cover|pressure_tendency_3h_hpa|season_sin|temp|season_cos|lapse_rate_t2_t850|wind_speed_10m|dswrf_2h_wm2|dewpoint_depression_t2m_floored
"B+D,L,R,T",draw027,pressure_tendency_3h_hpa|wind_speed_10m|lapse_rate_t2_t850|dswrf_2h_wm2|temp|season_cos|season_sin|dewpoint_depression_t2m_floored|cloud_cover
"B+D,L,R,T",draw028,dswrf_2h_wm2|pressure_tendency_3h_hpa|season_sin|temp|dewpoint_depression_t2m_floored|lapse_rate_t2_t850|cloud_cover|wind_speed_10m|season_cos
"B+D,L,R,T",draw029,pressure_tendency_3h_hpa|season_sin|dswrf_2h_wm2|cloud_cover|dewpoint_depression_t2m_floored|wind_speed_10m|lapse_rate_t2_t850|season_cos|temp
"B+D,L,R,T",draw030,wind_speed_10m|dewpoint_depression_t2m_floored|lapse_rate_t2_t850|season_sin|season_cos|pressure_tendency_3h_hpa|cloud_cover|dswrf_2h_wm2|temp
"B+D,L,R,T",draw031,temp|lapse_rate_t2_t850|dewpoint_depression_t2m_floored|season_cos|season_sin|dswrf_2h_wm2|wind_speed_10m|pressure_tendency_3h_hpa|cloud_cover
"B+D,L,R,T",draw032,season_sin|cloud_cover|pressure_tendency_3h_hpa|dswrf_2h_wm2|season_cos|dewpoint_depression_t2m_floored|lapse_rate_t2_t850|temp|wind_speed_10m
"B+D,L,R,T",draw033,temp|pressure_tendency_3h_hpa|cloud_cover|dswrf_2h_wm2|dewpoint_depression_t2m_floored|season_cos|season_sin|wind_speed_10m|lapse_rate_t2_t850
"B+D,L,R,T",draw034,season_sin|season_cos|dewpoint_depression_t2m_floored|lapse_rate_t2_t850|dswrf_2h_wm2|temp|wind_speed_10m|cloud_cover|pressure_tendency_3h_hpa
"B+D,L,R,T",draw035,season_cos|cloud_cover|temp|wind_speed_10m|season_sin|dewpoint_depression_t2m_floored|lapse_rate_t2_t850|dswrf_2h_wm2|pressure_tendency_3h_hpa
"B+D,L,R,T",draw036,pressure_tendency_3h_hpa|season_cos|season_sin|wind_speed_10m|dewpoint_depression_t2m_floored|dswrf_2h_wm2|lapse_rate_t2_t850|cloud_cover|temp
"B+D,L,R,T",draw037,temp|pressure_tendency_3h_hpa|lapse_rate_t2_t850|wind_speed_10m|season_cos|dswrf_2h_wm2|season_sin|cloud_cover|dewpoint_depression_t2m_floored
"B+D,L,R,T",draw038,season_sin|temp|dswrf_2h_wm2|cloud_cover|dewpoint_depression_t2m_floored|lapse_rate_t2_t850|season_cos|wind_speed_10m|pressure_tendency_3h_hpa
"B+D,L,R,T",draw039,lapse_rate_t2_t850|dswrf_2h_wm2|pressure_tendency_3h_hpa|cloud_cover|temp|dewpoint_depression_t2m_floored|wind_speed_10m|season_sin|season_cos
"B+D,L,R,T",draw040,season_cos|temp|season_sin|dswrf_2h_wm2|cloud_cover|lapse_rate_t2_t850|wind_speed_10m|dewpoint_depression_t2m_floored|pressure_tendency_3h_hpa
"B+D,L,R,T",draw041,dewpoint_depression_t2m_floored|pressure_tendency_3h_hpa|lapse_rate_t2_t850|cloud_cover|season_sin|temp|dswrf_2h_wm2|season_cos|wind_speed_10m
"B+D,L,R,T",draw042,wind_speed_10m|pressure_tendency_3h_hpa|season_sin|lapse_rate_t2_t850|dewpoint_depression_t2m_floored|dswrf_2h_wm2|season_cos|cloud_cover|temp
"B+D,L,R,T",draw043,pressure_tendency_3h_hpa|temp|wind_speed_10m|dewpoint_depression_t2m_floored|season_sin|dswrf_2h_wm2|cloud_cover|lapse_rate_t2_t850|season_cos
"B+D,L,R,T",draw044,dswrf_2h_wm2|dewpoint_depression_t2m_floored|cloud_cover|temp|season_sin|season_cos|pressure_tendency_3h_hpa|lapse_rate_t2_t850|wind_speed_10m
"B+D,L,R,T",draw045,temp|lapse_rate_t2_t850|cloud_cover|season_sin|dswrf_2h_wm2|pressure_tendency_3h_hpa|dewpoint_depression_t2m_floored|wind_speed_10m|season_cos
"B+D,L,R,T",draw046,season_sin|wind_speed_10m|pressure_tendency_3h_hpa|dewpoint_depression_t2m_floored|temp|lapse_rate_t2_t850|dswrf_2h_wm2|cloud_cover|season_cos
"B+D,L,R,T",draw047,dswrf_2h_wm2|season_cos|cloud_cover|season_sin|dewpoint_depression_t2m_floored|pressure_tendency_3h_hpa|wind_speed_10m|lapse_rate_t2_t850|temp
"B+D,L,R,T",draw048,wind_speed_10m|pressure_tendency_3h_hpa|season_cos|dewpoint_depression_t2m_floored|lapse_rate_t2_t850|temp|cloud_cover|dswrf_2h_wm2|season_sin
"B+D,L,R,T",draw049,season_cos|dewpoint_depression_t2m_floored|temp|dswrf_2h_wm2|wind_speed_10m|season_sin|cloud_cover|pressure_tendency_3h_hpa|lapse_rate_t2_t850
"B+D,L,R,T",draw050,dswrf_2h_wm2|pressure_tendency_3h_hpa|temp|season_sin|lapse_rate_t2_t850|wind_speed_10m|season_cos|dewpoint_depression_t2m_floored|cloud_cover
"B+D,L,R,T",draw051,cloud_cover|dewpoint_depression_t2m_floored|pressure_tendency_3h_hpa|wind_speed_10m|dswrf_2h_wm2|season_sin|lapse_rate_t2_t850|season_cos|temp
"B+D,L,R,T",draw052,season_cos|dswrf_2h_wm2|dewpoint_depression_t2m_floored|lapse_rate_t2_t850|wind_speed_10m|cloud_cover|season_sin|pressure_tendency_3h_hpa|temp
"B+D,L,R,T",draw053,season_sin|season_cos|cloud_cover|wind_speed_10m|pressure_tendency_3h_hpa|dswrf_2h_wm2|lapse_rate_t2_t850|temp|dewpoint_depression_t2m_floored
"B+D,L,R,T",draw054,lapse_rate_t2_t850|season_cos|pressure_tendency_3h_hpa|cloud_cover|dswrf_2h_wm2|season_sin|wind_speed_10m|dewpoint_depression_t2m_floored|temp
"B+D,L,R,T",draw055,wind_speed_10m|dewpoint_depression_t2m_floored|temp|season_cos|lapse_rate_t2_t850|dswrf_2h_wm2|cloud_cover|season_sin|pressure_tendency_3h_hpa
"B+D,L,R,T",draw056,dswrf_2h_wm2|season_cos|pressure_tendency_3h_hpa|cloud_cover|dewpoint_depression_t2m_floored|lapse_rate_t2_t850|wind_speed_10m|temp|season_sin
"B+D,L,R,T",draw057,lapse_rate_t2_t850|pressure_tendency_3h_hpa|temp|wind_speed_10m|dswrf_2h_wm2|season_sin|dewpoint_depression_t2m_floored|season_cos|cloud_cover
"B+D,L,R,T",draw058,temp|wind_speed_10m|cloud_cover|lapse_rate_t2_t850|season_sin|dswrf_2h_wm2|season_cos|pressure_tendency_3h_hpa|dewpoint_depression_t2m_floored
"B+D,L,R,T",draw059,temp|dewpoint_depression_t2m_floored|wind_speed_10m|season_sin|pressure_tendency_3h_hpa|dswrf_2h_wm2|season_cos|cloud_cover|lapse_rate_t2_t850
"B+D,L,R,T",draw060,lapse_rate_t2_t850|season_cos|pressure_tendency_3h_hpa|dswrf_2h_wm2|season_sin|temp|cloud_cover|dewpoint_depression_t2m_floored|wind_speed_10m
"B+D,L,R,T",draw061,pressure_tendency_3h_hpa|season_sin|wind_speed_10m|dewpoint_depression_t2m_floored|temp|cloud_cover|lapse_rate_t2_t850|dswrf_2h_wm2|season_cos
"B+D,L,R,T",draw062,season_sin|temp|season_cos|cloud_cover|dswrf_2h_wm2|pressure_tendency_3h_hpa|wind_speed_10m|lapse_rate_t2_t850|dewpoint_depression_t2m_floored
"B+D,L,R,T",draw063,dewpoint_depression_t2m_floored|season_cos|temp|pressure_tendency_3h_hpa|season_sin|cloud_cover|wind_speed_10m|dswrf_2h_wm2|lapse_rate_t2_t850
"B+D,L,R,T",draw064,cloud_cover|season_sin|pressure_tendency_3h_hpa|lapse_rate_t2_t850|wind_speed_10m|season_cos|dewpoint_depression_t2m_floored|temp|dswrf_2h_wm2
"B+D,L,R,T",draw065,dswrf_2h_wm2|lapse_rate_t2_t850|wind_speed_10m|season_sin|cloud_cover|dewpoint_depression_t2m_floored|pressure_tendency_3h_hpa|season_cos|temp
"B+D,L,R,T",draw066,wind_speed_10m|pressure_tendency_3h_hpa|dewpoint_depression_t2m_floored|season_sin|season_cos|lapse_rate_t2_t850|cloud_cover|dswrf_2h_wm2|temp
"B+D,L,R,T",draw067,season_cos|dewpoint_depression_t2m_floored|dswrf_2h_wm2|cloud_cover|pressure_tendency_3h_hpa|lapse_rate_t2_t850|temp|wind_speed_10m|season_sin
"B+D,L,R,T",draw068,season_cos|cloud_cover|temp|dswrf_2h_wm2|lapse_rate_t2_t850|pressure_tendency_3h_hpa|season_sin|dewpoint_depression_t2m_floored|wind_speed_10m
"B+D,L,R,T",draw069,wind_speed_10m|pressure_tendency_3h_hpa|dswrf_2h_wm2|lapse_rate_t2_t850|temp|season_cos|dewpoint_depression_t2m_floored|cloud_cover|season_sin
"B+D,L,R,T",draw070,dewpoint_depression_t2m_floored|temp|season_cos|season_sin|lapse_rate_t2_t850|cloud_cover|wind_speed_10m|dswrf_2h_wm2|pressure_tendency_3h_hpa
"B+D,L,R,T",draw071,season_cos|temp|wind_speed_10m|pressure_tendency_3h_hpa|lapse_rate_t2_t850|cloud_cover|dswrf_2h_wm2|dewpoint_depression_t2m_floored|season_sin
"B+D,L,R,T",draw072,temp|season_sin|pressure_tendency_3h_hpa|dewpoint_depression_t2m_floored|wind_speed_10m|season_cos|cloud_cover|lapse_rate_t2_t850|dswrf_2h_wm2
"B+D,L,R,T",draw073,dewpoint_depression_t2m_floored|season_cos|pressure_tendency_3h_hpa|temp|dswrf_2h_wm2|cloud_cover|wind_speed_10m|season_sin|lapse_rate_t2_t850
"B+D,L,R,T",draw074,dswrf_2h_wm2|lapse_rate_t2_t850|temp|pressure_tendency_3h_hpa|dewpoint_depression_t2m_floored|cloud_cover|season_sin|wind_speed_10m|season_cos
"B+D,L,R,T",draw075,lapse_rate_t2_t850|wind_speed_10m|temp|dewpoint_depression_t2m_floored|season_sin|pressure_tendency_3h_hpa|dswrf_2h_wm2|cloud_cover|season_cos
"B+D,L,R,T",draw076,season_cos|cloud_cover|pressure_tendency_3h_hpa|dswrf_2h_wm2|dewpoint_depression_t2m_floored|temp|lapse_rate_t2_t850|wind_speed_10m|season_sin
"B+D,L,R,T",draw077,season_cos|wind_speed_10m|dewpoint_depression_t2m_floored|cloud_cover|lapse_rate_t2_t850|dswrf_2h_wm2|pressure_tendency_3h_hpa|temp|season_sin
"B+D,L,R,T",draw078,season_cos|season_sin|dewpoint_depression_t2m_floored|dswrf_2h_wm2|pressure_tendency_3h_hpa|lapse_rate_t2_t850|cloud_cover|temp|wind_speed_10m
"B+D,L,R,T",draw079,wind_speed_10m|dewpoint_depression_t2m_floored|pressure_tendency_3h_hpa|dswrf_2h_wm2|lapse_rate_t2_t850|season_cos|temp|season_sin|cloud_cover
"B+D,L,R,T",draw080,wind_speed_10m|pressure_tendency_3h_hpa|dswrf_2h_wm2|season_cos|lapse_rate_t2_t850|cloud_cover|season_sin|dewpoint_depression_t2m_floored|temp
"B+D,L,R,T",draw081,dewpoint_depression_t2m_floored|wind_speed_10m|pressure_tendency_3h_hpa|lapse_rate_t2_t850|season_sin|season_cos|dswrf_2h_wm2|temp|cloud_cover
"B+D,L,R,T",draw082,season_cos|dswrf_2h_wm2|pressure_tendency_3h_hpa|season_sin|dewpoint_depression_t2m_floored|lapse_rate_t2_t850|wind_speed_10m|cloud_cover|temp
"B+D,L,R,T",draw083,season_sin|lapse_rate_t2_t850|season_cos|dswrf_2h_wm2|wind_speed_10m|temp|dewpoint_depression_t2m_floored|cloud_cover|pressure_tendency_3h_hpa
"B+D,L,R,T",draw084,dswrf_2h_wm2|temp|pressure_tendency_3h_hpa|wind_speed_10m|cloud_cover|dewpoint_depression_t2m_floored|season_cos|season_sin|lapse_rate_t2_t850
"B+D,L,R,T",draw085,season_sin|cloud_cover|dswrf_2h_wm2|pressure_tendency_3h_hpa|temp|wind_speed_10m|dewpoint_depression_t2m_floored|lapse_rate_t2_t850|season_cos
"B+D,L,R,T",draw086,pressure_tendency_3h_hpa|temp|lapse_rate_t2_t850|dswrf_2h_wm2|season_sin|dewpoint_depression_t2m_floored|cloud_cover|season_cos|wind_speed_10m
"B+D,L,R,T",draw087,cloud_cover|wind_speed_10m|dewpoint_depression_t2m_floored|pressure_tendency_3h_hpa|lapse_rate_t2_t850|temp|dswrf_2h_wm2|season_sin|season_cos
"B+D,L,R,T",draw088,season_sin|lapse_rate_t2_t850|pressure_tendency_3h_hpa|dswrf_2h_wm2|dewpoint_depression_t2m_floored|wind_speed_10m|temp|cloud_cover|season_cos
"B+D,L,R,T",draw089,lapse_rate_t2_t850|pressure_tendency_3h_hpa|season_cos|cloud_cover|dswrf_2h_wm2|season_sin|wind_speed_10m|temp|dewpoint_depression_t2m_floored
"B+D,L,R,T",draw090,temp|lapse_rate_t2_t850|pressure_tendency_3h_hpa|dewpoint_depression_t2m_floored|season_cos|dswrf_2h_wm2|cloud_cover|season_sin|wind_speed_10m
"B+D,L,R,T",draw091,season_cos|wind_speed_10m|season_sin|temp|dswrf_2h_wm2|cloud_cover|pressure_tendency_3h_hpa|dewpoint_depression_t2m_floored|lapse_rate_t2_t850
"B+D,L,R,T",draw092,pressure_tendency_3h_hpa|season_cos|temp|dswrf_2h_wm2|lapse_rate_t2_t850|wind_speed_10m|season_sin|dewpoint_depression_t2m_floored|cloud_cover
"B+D,L,R,T",draw093,temp|cloud_cover|lapse_rate_t2_t850|wind_speed_10m|pressure_tendency_3h_hpa|season_cos|season_sin|dewpoint_depression_t2m_floored|dswrf_2h_wm2
"B+D,L,R,T",draw094,dewpoint_depression_t2m_floored|dswrf_2h_wm2|wind_speed_10m|lapse_rate_t2_t850|cloud_cover|pressure_tendency_3h_hpa|season_cos|temp|season_sin
"B+D,L,R,T",draw095,dswrf_2h_wm2|season_sin|dewpoint_depression_t2m_floored|wind_speed_10m|temp|lapse_rate_t2_t850|season_cos|pressure_tendency_3h_hpa|cloud_cover
"B+D,L,R,T",draw096,pressure_tendency_3h_hpa|cloud_cover|season_cos|dewpoint_depression_t2m_floored|season_sin|wind_speed_10m|dswrf_2h_wm2|lapse_rate_t2_t850|temp
"B+D,L,R,T",draw097,lapse_rate_t2_t850|temp|wind_speed_10m|season_cos|dswrf_2h_wm2|season_sin|pressure_tendency_3h_hpa|dewpoint_depression_t2m_floored|cloud_cover
"B+D,L,R,T",draw098,pressure_tendency_3h_hpa|dewpoint_depression_t2m_floored|lapse_rate_t2_t850|dswrf_2h_wm2|season_sin|season_cos|cloud_cover|wind_speed_10m|temp
"B+D,L,R,T",draw099,temp|cloud_cover|lapse_rate_t2_t850|season_cos|dewpoint_depression_t2m_floored|season_sin|pressure_tendency_3h_hpa|wind_speed_10m|dswrf_2h_wm2
"B+D,L,R,T",draw100,dswrf_2h_wm2|temp|season_cos|cloud_cover|wind_speed_10m|lapse_rate_t2_t850|season_sin|pressure_tendency_3h_hpa|dewpoint_depression_t2m_floored
B,canonical,temp|season_sin|season_cos|cloud_cover|wind_speed_10m
B,perm001,temp|season_sin|season_cos|wind_speed_10m|cloud_cover
B,perm002,temp|season_sin|cloud_cover|season_cos|wind_speed_10m
B,perm003,temp|season_sin|cloud_cover|wind_speed_10m|season_cos
B,perm004,temp|season_sin|wind_speed_10m|season_cos|cloud_cover
B,perm005,temp|season_sin|wind_speed_10m|cloud_cover|season_cos
B,perm006,temp|season_cos|season_sin|cloud_cover|wind_speed_10m
B,perm007,temp|season_cos|season_sin|wind_speed_10m|cloud_cover
B,perm008,temp|season_cos|cloud_cover|season_sin|wind_speed_10m
B,perm009,temp|season_cos|cloud_cover|wind_speed_10m|season_sin
B,perm010,temp|season_cos|wind_speed_10m|season_sin|cloud_cover
B,perm011,temp|season_cos|wind_speed_10m|cloud_cover|season_sin
B,perm012,temp|cloud_cover|season_sin|season_cos|wind_speed_10m
B,perm013,temp|cloud_cover|season_sin|wind_speed_10m|season_cos
B,perm014,temp|cloud_cover|season_cos|season_sin|wind_speed_10m
B,perm015,temp|cloud_cover|season_cos|wind_speed_10m|season_sin
B,perm016,temp|cloud_cover|wind_speed_10m|season_sin|season_cos
B,perm017,temp|cloud_cover|wind_speed_10m|season_cos|season_sin
B,perm018,temp|wind_speed_10m|season_sin|season_cos|cloud_cover
B,perm019,temp|wind_speed_10m|season_sin|cloud_cover|season_cos
B,perm020,temp|wind_speed_10m|season_cos|season_sin|cloud_cover
B,perm021,temp|wind_speed_10m|season_cos|cloud_cover|season_sin
B,perm022,temp|wind_speed_10m|cloud_cover|season_sin|season_cos
B,perm023,temp|wind_speed_10m|cloud_cover|season_cos|season_sin
B,perm024,season_sin|temp|season_cos|cloud_cover|wind_speed_10m
B,perm025,season_sin|temp|season_cos|wind_speed_10m|cloud_cover
B,perm026,season_sin|temp|cloud_cover|season_cos|wind_speed_10m
B,perm027,season_sin|temp|cloud_cover|wind_speed_10m|season_cos
B,perm028,season_sin|temp|wind_speed_10m|season_cos|cloud_cover
B,perm029,season_sin|temp|wind_speed_10m|cloud_cover|season_cos
B,perm030,season_sin|season_cos|temp|cloud_cover|wind_speed_10m
B,perm031,season_sin|season_cos|temp|wind_speed_10m|cloud_cover
B,perm032,season_sin|season_cos|cloud_cover|temp|wind_speed_10m
B,perm033,season_sin|season_cos|cloud_cover|wind_speed_10m|temp
B,perm034,season_sin|season_cos|wind_speed_10m|temp|cloud_cover
B,perm035,season_sin|season_cos|wind_speed_10m|cloud_cover|temp
B,perm036,season_sin|cloud_cover|temp|season_cos|wind_speed_10m
B,perm037,season_sin|cloud_cover|temp|wind_speed_10m|season_cos
B,perm038,season_sin|cloud_cover|season_cos|temp|wind_speed_10m
B,perm039,season_sin|cloud_cover|season_cos|wind_speed_10m|temp
B,perm040,season_sin|cloud_cover|wind_speed_10m|temp|season_cos
B,perm041,season_sin|cloud_cover|wind_speed_10m|season_cos|temp
B,perm042,season_sin|wind_speed_10m|temp|season_cos|cloud_cover
B,perm043,season_sin|wind_speed_10m|temp|cloud_cover|season_cos
B,perm044,season_sin|wind_speed_10m|season_cos|temp|cloud_cover
B,perm045,season_sin|wind_speed_10m|season_cos|cloud_cover|temp
B,perm046,season_sin|wind_speed_10m|cloud_cover|temp|season_cos
B,perm047,season_sin|wind_speed_10m|cloud_cover|season_cos|temp
B,perm048,season_cos|temp|season_sin|cloud_cover|wind_speed_10m
B,perm049,season_cos|temp|season_sin|wind_speed_10m|cloud_cover
B,perm050,season_cos|temp|cloud_cover|season_sin|wind_speed_10m
B,perm051,season_cos|temp|cloud_cover|wind_speed_10m|season_sin
B,perm052,season_cos|temp|wind_speed_10m|season_sin|cloud_cover
B,perm053,season_cos|temp|wind_speed_10m|cloud_cover|season_sin
B,perm054,season_cos|season_sin|temp|cloud_cover|wind_speed_10m
B,perm055,season_cos|season_sin|temp|wind_speed_10m|cloud_cover
B,perm056,season_cos|season_sin|cloud_cover|temp|wind_speed_10m
B,perm057,season_cos|season_sin|cloud_cover|wind_speed_10m|temp
B,perm058,season_cos|season_sin|wind_speed_10m|temp|cloud_cover
B,perm059,season_cos|season_sin|wind_speed_10m|cloud_cover|temp
B,perm060,season_cos|cloud_cover|temp|season_sin|wind_speed_10m
B,perm061,season_cos|cloud_cover|temp|wind_speed_10m|season_sin
B,perm062,season_cos|cloud_cover|season_sin|temp|wind_speed_10m
B,perm063,season_cos|cloud_cover|season_sin|wind_speed_10m|temp
B,perm064,season_cos|cloud_cover|wind_speed_10m|temp|season_sin
B,perm065,season_cos|cloud_cover|wind_speed_10m|season_sin|temp
B,perm066,season_cos|wind_speed_10m|temp|season_sin|cloud_cover
B,perm067,season_cos|wind_speed_10m|temp|cloud_cover|season_sin
B,perm068,season_cos|wind_speed_10m|season_sin|temp|cloud_cover
B,perm069,season_cos|wind_speed_10m|season_sin|cloud_cover|temp
B,perm070,season_cos|wind_speed_10m|cloud_cover|temp|season_sin
B,perm071,season_cos|wind_speed_10m|cloud_cover|season_sin|temp
B,perm072,cloud_cover|temp|season_sin|season_cos|wind_speed_10m
B,perm073,cloud_cover|temp|season_sin|wind_speed_10m|season_cos
B,perm074,cloud_cover|temp|season_cos|season_sin|wind_speed_10m
B,perm075,cloud_cover|temp|season_cos|wind_speed_10m|season_sin
B,perm076,cloud_cover|temp|wind_speed_10m|season_sin|season_cos
B,perm077,cloud_cover|temp|wind_speed_10m|season_cos|season_sin
B,perm078,cloud_cover|season_sin|temp|season_cos|wind_speed_10m
B,perm079,cloud_cover|season_sin|temp|wind_speed_10m|season_cos
B,perm080,cloud_cover|season_sin|season_cos|temp|wind_speed_10m
B,perm081,cloud_cover|season_sin|season_cos|wind_speed_10m|temp
B,perm082,cloud_cover|season_sin|wind_speed_10m|temp|season_cos
B,perm083,cloud_cover|season_sin|wind_speed_10m|season_cos|temp
B,perm084,cloud_cover|season_cos|temp|season_sin|wind_speed_10m
B,perm085,cloud_cover|season_cos|temp|wind_speed_10m|season_sin
B,perm086,cloud_cover|season_cos|season_sin|temp|wind_speed_10m
B,perm087,cloud_cover|season_cos|season_sin|wind_speed_10m|temp
B,perm088,cloud_cover|season_cos|wind_speed_10m|temp|season_sin
B,perm089,cloud_cover|season_cos|wind_speed_10m|season_sin|temp
B,perm090,cloud_cover|wind_speed_10m|temp|season_sin|season_cos
B,perm091,cloud_cover|wind_speed_10m|temp|season_cos|season_sin
B,perm092,cloud_cover|wind_speed_10m|season_sin|temp|season_cos
B,perm093,cloud_cover|wind_speed_10m|season_sin|season_cos|temp
B,perm094,cloud_cover|wind_speed_10m|season_cos|temp|season_sin
B,perm095,cloud_cover|wind_speed_10m|season_cos|season_sin|temp
B,perm096,wind_speed_10m|temp|season_sin|season_cos|cloud_cover
B,perm097,wind_speed_10m|temp|season_sin|cloud_cover|season_cos
B,perm098,wind_speed_10m|temp|season_cos|season_sin|cloud_cover
B,perm099,wind_speed_10m|temp|season_cos|cloud_cover|season_sin
B,perm100,wind_speed_10m|temp|cloud_cover|season_sin|season_cos
B,perm101,wind_speed_10m|temp|cloud_cover|season_cos|season_sin
B,perm102,wind_speed_10m|season_sin|temp|season_cos|cloud_cover
B,perm103,wind_speed_10m|season_sin|temp|cloud_cover|season_cos
B,perm104,wind_speed_10m|season_sin|season_cos|temp|cloud_cover
B,perm105,wind_speed_10m|season_sin|season_cos|cloud_cover|temp
B,perm106,wind_speed_10m|season_sin|cloud_cover|temp|season_cos
B,perm107,wind_speed_10m|season_sin|cloud_cover|season_cos|temp
B,perm108,wind_speed_10m|season_cos|temp|season_sin|cloud_cover
B,perm109,wind_speed_10m|season_cos|temp|cloud_cover|season_sin
B,perm110,wind_speed_10m|season_cos|season_sin|temp|cloud_cover
B,perm111,wind_speed_10m|season_cos|season_sin|cloud_cover|temp
B,perm112,wind_speed_10m|season_cos|cloud_cover|temp|season_sin
B,perm113,wind_speed_10m|season_cos|cloud_cover|season_sin|temp
B,perm114,wind_speed_10m|cloud_cover|temp|season_sin|season_cos
B,perm115,wind_speed_10m|cloud_cover|temp|season_cos|season_sin
B,perm116,wind_speed_10m|cloud_cover|season_sin|temp|season_cos
B,perm117,wind_speed_10m|cloud_cover|season_sin|season_cos|temp
B,perm118,wind_speed_10m|cloud_cover|season_cos|temp|season_sin
B,perm119,wind_speed_10m|cloud_cover|season_cos|season_sin|temp
