station,fold,model,n_orderings,record_order_mae,min,max,range,sd,min_pct,max_pct,range_pct,sd_pct
EGLC,2022-23,B,120,1.1676942078095525,1.1568641149441021,1.1773380415510875,0.020473926606985327,0.0034677746637701203,-0.9274767994067752,0.8258869211679666,1.7533637205747419,0.2969762666096657
EGLC,2023-24,B,120,0.9470167774837449,0.9421085006002046,0.9561477957763312,0.014039295176126676,0.0032397947695691496,-0.5182882711520482,0.9641875951604315,1.4824758663124797,0.34210531920853526
LFPG,2022-23,B,120,1.1581288431631402,1.1438689787004406,1.1581288431631402,0.014259864462699667,0.0023858049791677053,-1.2312848045259284,0.0,1.2312848045259284,0.20600514297282102
LFPG,2023-24,B,120,1.1605941837409353,1.1497776544722091,1.170376211179239,0.020598556707029925,0.004286226853364026,-0.9319820330187484,0.8428464984007991,1.7748285314195473,0.3693131426480409
DSM,2022-23,B,120,1.7262636931223527,1.7198994190954708,1.7494821108179648,0.029582691722493948,0.006222804144425236,-0.36867334070906665,1.3450099071258403,1.713683247834907,0.360478191670117
DSM,2023-24,B,120,1.5787427636597116,1.5653584384232373,1.588533318532527,0.023174880109289697,0.00439510827177475,-0.8477837900233866,0.6201488360345532,1.4679326260579397,0.2783929322080547
YSDU,2022-23,B,120,1.199133818957037,1.1842107803447328,1.2067157906886514,0.022505010343918608,0.004573505703104804,-1.2444848420073564,0.6322873737485669,1.8767722157559235,0.381400777027761
YSDU,2023-24,B,120,1.126391420782976,1.1188534057299675,1.1380586504688452,0.019205244738877747,0.0037125983095425714,-0.6692180812038344,1.0358059792180587,1.705024060421893,0.3296010819189189
RNO,2022-23,B,120,1.4011745129574764,1.3848166645923323,1.4123108486005278,0.027494184008195477,0.00614462001152783,-1.1674383321901407,0.7947857700855395,1.9622241022756803,0.4385335270307125
RNO,2023-24,B,120,1.2971855086239619,1.2842827010618427,1.3089869547851838,0.024704253723341063,0.005078566443324479,-0.9946771280081814,0.9097732038142134,1.9044503318223949,0.3915065662976577
EGLC,2022-23,"B+D,L,R,T",102,1.0970480192866763,1.0855750005054468,1.1095268385569081,0.023951838051461394,0.005311723310625352,-1.0458082581188675,1.1374907069560964,2.183298965074964,0.48418330075279165
EGLC,2023-24,"B+D,L,R,T",102,0.8714881558099459,0.8670725218542983,0.8862716458053455,0.01919912395104717,0.003749404523092417,-0.5066774489371892,1.6963500762279509,2.20302752516514,0.43023011822894897
LFPG,2022-23,"B+D,L,R,T",102,1.1133895478467908,1.1086862036297231,1.1361812010264565,0.027494997396733334,0.00581695767739953,-0.4224347377935731,2.0470511173508847,2.4694858551444576,0.522454848677992
LFPG,2023-24,"B+D,L,R,T",102,1.1221218810408342,1.1071166770821748,1.1296875642732849,0.02257088719111011,0.003714238289973384,-1.3372169469453035,0.6742300778800465,2.0114470248253498,0.33100132460907095
DSM,2022-23,"B+D,L,R,T",102,1.6498714917606239,1.6278252041287604,1.6663789040455148,0.03855369991675439,0.006921675739306225,-1.3362427159910037,1.0005271542255345,2.3367698702165383,0.4195281737924881
DSM,2023-24,"B+D,L,R,T",102,1.4882809710048912,1.4724870712789806,1.5046885762192215,0.03220150494024088,0.006744487185641504,-1.0612176083422291,1.102453470412365,2.163671078754594,0.4531729772159627
YSDU,2022-23,"B+D,L,R,T",102,1.1431189528380674,1.1334003390693126,1.1600728644259852,0.02667252535667264,0.005887757230364748,-0.8501839414547393,1.4831275035573206,2.33331144501206,0.5150607656138476
YSDU,2023-24,"B+D,L,R,T",102,1.0948569148657197,1.084644043838291,1.1144218271291368,0.029777783290845905,0.0051637673307602825,-0.9328041763960828,1.7869834859486395,2.7197876623447224,0.4716385548328569
RNO,2022-23,"B+D,L,R,T",102,1.3384891085072084,1.3264438368779639,1.3483864330058113,0.021942596127847436,0.004795786338256782,-0.8999155505029381,0.739440047415942,1.6393555979188803,0.3582984955032941
RNO,2023-24,"B+D,L,R,T",102,1.14583207633231,1.1337867770500536,1.1609673614127858,0.027180584362732185,0.005017924716441175,-1.0512272723951097,1.3208990560748024,2.372126328469912,0.43792845566891725
