family,var_key,var_code,level_requested,present_v16_floor,steps_v16_floor,present_recent,steps_recent,decode_station,decode_error,decoded_step_decoded,decoded_short_name,decoded_units,decoded_valid_date,decoded_valid_time,decoded_grid_min,decoded_grid_max,decoded_point_value,decoded_bytes
radiation,dswrf_sfc,DSWRF,surface,True,surface:18-24 hour ave fcst,True,surface:18-24 hour ave fcst,EGLC,,18-24 hour ave fcst,sdswrf,W m**-2,20250615,1200,0.0,999.32,574.2255564799995,945843
radiation,uswrf_sfc,USWRF,surface,True,surface:18-24 hour ave fcst,True,surface:18-24 hour ave fcst,EGLC,,18-24 hour ave fcst,suswrf,W m**-2,20250615,1200,0.0,686.128,75.81090374400017,818438
radiation,uswrf_toa,USWRF,top of atmosphere,True,top of atmosphere:18-24 hour ave fcst,True,top of atmosphere:18-24 hour ave fcst,EGLC,,18-24 hour ave fcst,suswrf,W m**-2,20250615,1200,0.0,830.864,193.41712012800065,968377
radiation,dlwrf_sfc,DLWRF,surface,True,surface:18-24 hour ave fcst,True,surface:18-24 hour ave fcst,EGLC,,18-24 hour ave fcst,sdlwrf,W m**-2,20250615,1200,62.917761230468756,523.1177612304688,333.3361008304688,937742
radiation,ulwrf_sfc,ULWRF,surface,True,surface:18-24 hour ave fcst,True,surface:18-24 hour ave fcst,EGLC,,18-24 hour ave fcst,sulwrf,W m**-2,20250615,1200,100.29186401367188,772.2918640136719,410.64265321367185,725187
radiation,ulwrf_toa,ULWRF,top of atmosphere,True,top of atmosphere:18-24 hour ave fcst,True,top of atmosphere:18-24 hour ave fcst,EGLC,,18-24 hour ave fcst,sulwrf,W m**-2,20250615,1200,87.85079345703126,410.55079345703126,265.23245385703126,895021
radiation,lcdc,LCDC,low cloud layer,True,low cloud layer:24 hour fcst; low cloud layer:18-24 hour ave fcst,True,low cloud layer:24 hour fcst; low cloud layer:18-24 hour ave fcst,EGLC,,24 hour fcst,lcc,%,20250615,1200,0.0,100.0,74.54671680000023,800309
radiation,mcdc,MCDC,middle cloud layer,True,middle cloud layer:24 hour fcst; middle cloud layer:18-24 hour ave fcst,True,middle cloud layer:24 hour fcst; middle cloud layer:18-24 hour ave fcst,EGLC,,24 hour fcst,mcc,%,20250615,1200,0.0,100.0,0.0,633214
radiation,hcdc,HCDC,high cloud layer,True,high cloud layer:24 hour fcst; high cloud layer:18-24 hour ave fcst,True,high cloud layer:24 hour fcst; high cloud layer:18-24 hour ave fcst,EGLC,,24 hour fcst,hcc,%,20250615,1200,0.0,100.0,0.0,769138
upper_air,tmp_925,TMP,925 mb,True,925 mb:24 hour fcst,True,925 mb:24 hour fcst,EGLC,,24 hour fcst,t,K,20250615,1200,226.31392578125,320.26392578125,284.72775154125,867056
upper_air,tmp_850,TMP,850 mb,True,850 mb:24 hour fcst,True,850 mb:24 hour fcst,EGLC,,24 hour fcst,t,K,20250615,1200,222.70064453125,315.57064453125,278.53498481125,857131
upper_air,tmp_700,TMP,700 mb,True,700 mb:24 hour fcst,True,700 mb:24 hour fcst,EGLC,,24 hour fcst,t,K,20250615,1200,214.62064453125,304.77064453125,270.99218809125,776899
upper_air,hgt_500,HGT,500 mb,True,500 mb:24 hour fcst,True,500 mb:24 hour fcst,EGLC,,24 hour fcst,gh,gpm,20250615,1200,4640.448125,5946.548125,5708.13039764,822724
upper_air,hgt_850,HGT,850 mb,True,850 mb:24 hour fcst,True,850 mb:24 hour fcst,EGLC,,24 hour fcst,gh,gpm,20250615,1200,713.2961875,1672.8641875,1546.9540258360003,914560
upper_air,ugrd_850,UGRD,850 mb,True,850 mb:24 hour fcst,True,850 mb:24 hour fcst,EGLC,,24 hour fcst,u,m s**-1,20250615,1200,-38.499443359375,41.200556640625,6.899369760625007,956252
upper_air,vgrd_850,VGRD,850 mb,True,850 mb:24 hour fcst,True,850 mb:24 hour fcst,EGLC,,24 hour fcst,v,m s**-1,20250615,1200,-40.533107910156254,30.14689208984375,-0.7891243101562583,970191
upper_air,rh_850,RH,850 mb,True,850 mb:24 hour fcst,True,850 mb:24 hour fcst,EGLC,,24 hour fcst,r,%,20250615,1200,0.9,100.0,99.5051452,882068
moisture,rh_2m,RH,2 m above ground,True,2 m above ground:24 hour fcst,True,2 m above ground:24 hour fcst,EGLC,,24 hour fcst,2r,%,20250615,1200,1.5,100.0,51.77045440000009,791530
moisture,dpt_2m,DPT,2 m above ground,True,2 m above ground:24 hour fcst,True,2 m above ground:24 hour fcst,EGLC,,24 hour fcst,2d,K,20250615,1200,194.3999755859375,300.6999755859375,283.72570158593754,536181
moisture,spfh_2m,SPFH,2 m above ground,True,2 m above ground:24 hour fcst,True,2 m above ground:24 hour fcst,EGLC,,24 hour fcst,2sh,kg kg**-1,20250615,1200,4.999493408203126e-06,0.023276679493408208,0.007809642719008208,1230233
moisture,pwat,PWAT,entire atmosphere (considered as a single layer),True,entire atmosphere (considered as a single layer):24 hour fcst,True,entire atmosphere (considered as a single layer):24 hour fcst,EGLC,,24 hour fcst,pwat,kg m**-2,20250615,1200,0.11825900878906251,78.71985900878907,21.29488730958905,1235245
pressure,prmsl,PRMSL,mean sea level,True,mean sea level:24 hour fcst,True,mean sea level:24 hour fcst,EGLC,,24 hour fcst,prmsl,Pa,20250615,1200,93044.7375,106757.13750000001,102212.81616080001,881904
pressure,pres_sfc,PRES,surface,True,surface:24 hour fcst,True,surface:24 hour fcst,EGLC,,24 hour fcst,sp,Pa,20250615,1200,49554.715625000004,104759.515625,101766.61564419999,840129
precip,apcp_sfc,APCP,surface,True,surface:18-24 hour acc fcst; surface:0-1 day acc fcst,True,surface:18-24 hour acc fcst; surface:0-1 day acc fcst,EGLC,,18-24 hour acc fcst,tp,kg m**-2,20250615,1200,0.0,125.3125,0.06571575000000074,364240
precip,prate_sfc,PRATE,surface,True,surface:24 hour fcst; surface:18-24 hour ave fcst,True,surface:24 hour fcst; surface:18-24 hour ave fcst,EGLC,,24 hour fcst,prate,kg m**-2 s**-1,20250615,1200,0.0,0.014365200000000003,1.5250126399999923e-05,675026
precip,snod_sfc,SNOD,surface,True,surface:24 hour fcst,True,surface:24 hour fcst,EGLC,,24 hour fcst,sde,m,20250615,1200,0.0,2.38944,0.0,441082
precip,weasd_sfc,WEASD,surface,True,surface:24 hour fcst,True,surface:24 hour fcst,EGLC,,24 hour fcst,sdwe,kg m**-2,20250615,1200,0.0,593.92,0.0,404541
