stage,item,target_date,rebuild,record,detail
3G4alt,input t2m_raw (L file),2021-03-24,6.711,6.71,differs at 3 decimals
3G4alt,input t2m_raw (L file),2021-03-25,5.637,5.636,differs at 3 decimals
3G4alt,input t2m_raw (L file),2021-03-30,8.232,8.231,differs at 3 decimals
3G4alt,input t2m_raw (L file),2021-04-03,18.403,18.402,differs at 3 decimals
3G4alt,input t2m_raw (L file),2021-04-04,18.661,18.66,differs at 3 decimals
3G4alt,input t2m_raw (L file),2021-04-05,14.269,14.268,differs at 3 decimals
3G4alt,input t2m_raw (L file),2021-04-06,13.696,13.695,differs at 3 decimals
3G4alt,input t2m_raw (L file),2021-04-10,16.663,16.662,differs at 3 decimals
3G4alt,input t2m_raw (L file),2021-04-12,12.525,12.524,differs at 3 decimals
3G4alt,input t2m_raw (L file),2021-04-13,6.953,6.952,differs at 3 decimals
3G4alt,input t2m_raw (L file),2021-04-14,6.258,6.257,differs at 3 decimals
3G4alt,input t2m_raw (L file),2021-04-15,10.844,10.843,differs at 3 decimals
3G4alt,input t2m_raw (L file),2021-04-18,15.712,15.711,differs at 3 decimals
3G4alt,input t2m_raw (L file),2021-04-19,19.429,19.428,differs at 3 decimals
3G4alt,input t2m_raw (L file),2021-04-20,17.282,17.281,differs at 3 decimals
3G4alt,input t2m_raw (L file),2021-04-23,18.424,18.423,differs at 3 decimals
3G4alt,input t2m_raw (L file),2021-04-24,10.718,10.717,differs at 3 decimals
3G4alt,input t2m_raw (L file),2021-04-25,8.053,8.052,differs at 3 decimals
3G4alt,input t2m_raw (L file),2021-04-27,10.414,10.413,differs at 3 decimals
3G4alt,input t2m_raw (L file),2021-05-01,21.526,21.525,differs at 3 decimals
3G4alt,input t2m_raw (L file),2021-05-02,14.071,14.07,differs at 3 decimals
3G4alt,input t2m_raw (L file),2021-05-03,15.055,15.054,differs at 3 decimals
3G4alt,input t2m_raw (L file),2021-05-04,19.94,19.939,differs at 3 decimals
3G4alt,input t2m_raw (L file),2021-05-05,22.493,22.492,differs at 3 decimals
3G4alt,input t2m_raw (L file),2021-05-07,19.823,19.822,differs at 3 decimals
3G4alt,input t2m_raw (L file),2021-05-08,14.547,14.546,differs at 3 decimals
3G4alt,input t2m_raw (L file),2021-05-10,15.91,15.909,differs at 3 decimals
3G4alt,input t2m_raw (L file),2021-05-12,23.456,23.455,differs at 3 decimals
3G4alt,input t2m_raw (L file),2021-05-14,25.258,25.257,differs at 3 decimals
3G4alt,input t2m_raw (L file),2021-05-15,14.656,14.655,differs at 3 decimals
3G4alt,input t2m_raw (L file),2021-05-17,22.848,22.847,differs at 3 decimals
3G4alt,input t2m_raw (L file),2021-05-19,19.157,19.156,differs at 3 decimals
3G4alt,input t2m_raw (L file),2021-05-20,6.594,6.593,differs at 3 decimals
3G4alt,input t2m_raw (L file),2021-05-22,9.045,9.044,differs at 3 decimals
3G4alt,input t2m_raw (L file),2021-05-24,20.405,20.404,differs at 3 decimals
3G4alt,input t2m_raw (L file),2021-05-26,18.737,18.736,differs at 3 decimals
3G4alt,input t2m_raw (L file),2021-05-27,23.164,23.163,differs at 3 decimals
3G4alt,input t2m_raw (L file),2021-05-29,22.971,22.97,differs at 3 decimals
3G4alt,input t2m_raw (L file),2021-06-01,28.769,28.768,differs at 3 decimals
3G4alt,input t2m_raw (L file),2021-06-03,31.547,31.546,differs at 3 decimals
3G4alt,input t2m_raw (L file),2021-06-07,24.657,24.656,differs at 3 decimals
3G4alt,input t2m_raw (L file),2021-06-09,17.15,17.149,differs at 3 decimals
3G4alt,input t2m_raw (L file),2021-06-10,14.308,14.307,differs at 3 decimals
3G4alt,input t2m_raw (L file),2021-06-13,27.956,27.955,differs at 3 decimals
3G4alt,input t2m_raw (L file),2021-06-17,32.795,32.794,differs at 3 decimals
3G4alt,input t2m_raw (L file),2021-06-18,34.185,34.184,differs at 3 decimals
3G4alt,input t2m_raw (L file),2021-06-20,32.482,32.481,differs at 3 decimals
3G4alt,input t2m_raw (L file),2021-06-22,28.548,28.547,differs at 3 decimals
3G4alt,input t2m_raw (L file),2021-06-25,26.578,26.577,differs at 3 decimals
3G4alt,input t2m_raw (L file),2021-06-27,32.435,32.434,differs at 3 decimals
3G4alt,input t2m_raw (L file),2021-06-28,33.378,33.377,differs at 3 decimals
3G4alt,input t2m_raw (L file),2021-06-29,33.222,33.221,differs at 3 decimals
3G4alt,input t2m_raw (L file),2021-07-01,30.831,30.83,differs at 3 decimals
3G4alt,input t2m_raw (L file),2021-07-02,29.687,29.686,differs at 3 decimals
3G4alt,input t2m_raw (L file),2021-07-04,30.187,30.186,differs at 3 decimals
3G4alt,input t2m_raw (L file),2021-07-09,34.536,34.535,differs at 3 decimals
3G4alt,input t2m_raw (L file),2021-07-11,36.223,36.222,differs at 3 decimals
3G4alt,input t2m_raw (L file),2021-07-16,29.471,29.47,differs at 3 decimals
3G4alt,input t2m_raw (L file),2021-07-18,31.365,31.364,differs at 3 decimals
3G4alt,input t2m_raw (L file),2021-07-20,30.84,30.839,differs at 3 decimals
3G4alt,input t2m_raw (L file),2021-07-21,31.432,31.431,differs at 3 decimals
3G4alt,input t2m_raw (L file),2021-07-26,32.837,32.836,differs at 3 decimals
3G4alt,input t2m_raw (L file),2021-07-29,30.627,30.626,differs at 3 decimals
3G4alt,input t2m_raw (L file),2021-07-31,25.342,25.341,differs at 3 decimals
3G4alt,input t2m_raw (L file),2021-08-01,28.645,28.644,differs at 3 decimals
3G4alt,input t2m_raw (L file),2021-08-05,28.847,28.846,differs at 3 decimals
3G4alt,input t2m_raw (L file),2021-08-06,26.124,26.123,differs at 3 decimals
3G4alt,input t2m_raw (L file),2021-08-07,30.738,30.737,differs at 3 decimals
3G4alt,input t2m_raw (L file),2021-08-08,31.074,31.073,differs at 3 decimals
3G4alt,input t2m_raw (L file),2021-08-10,30.695,30.694,differs at 3 decimals
3G4alt,input t2m_raw (L file),2021-08-12,32.534,32.533,differs at 3 decimals
3G4alt,input t2m_raw (L file),2021-08-13,32.061,32.06,differs at 3 decimals
3G4alt,input t2m_raw (L file),2021-08-16,34.86,34.859,differs at 3 decimals
3G4alt,input t2m_raw (L file),2021-08-17,30.886,30.885,differs at 3 decimals
3G4alt,input t2m_raw (L file),2021-08-18,19.769,19.768,differs at 3 decimals
3G4alt,input t2m_raw (L file),2021-08-19,21.456,21.455,differs at 3 decimals
3G4alt,input t2m_raw (L file),2021-08-21,25.91,25.909,differs at 3 decimals
3G4alt,input t2m_raw (L file),2021-09-03,25.129,25.128,differs at 3 decimals
3G4alt,input t2m_raw (L file),2021-09-04,28.153,28.152,differs at 3 decimals
3G4alt,input t2m_raw (L file),2021-09-06,30.207,30.206,differs at 3 decimals
3G4alt,input t2m_raw (L file),2021-09-07,30.951,30.95,differs at 3 decimals
3G4alt,input t2m_raw (L file),2021-09-11,26.456,26.455,differs at 3 decimals
3G4alt,input t2m_raw (L file),2021-09-12,27.797,27.796,differs at 3 decimals
3G4alt,input t2m_raw (L file),2021-09-13,25.86,25.859,differs at 3 decimals
3G4alt,input t2m_raw (L file),2021-09-14,26.773,26.772,differs at 3 decimals
3G4alt,input t2m_raw (L file),2021-09-15,27.808,27.807,differs at 3 decimals
3G4alt,input t2m_raw (L file),2021-09-28,13.742,13.741,differs at 3 decimals
3G4alt,input t2m_raw (L file),2021-09-30,17.675,17.674,differs at 3 decimals
3G4alt,input t2m_raw (L file),2021-10-01,19.965,19.964,differs at 3 decimals
3G4alt,input t2m_raw (L file),2021-10-02,21.944,21.943,differs at 3 decimals
3G4alt,input t2m_raw (L file),2021-10-04,24.352,24.351,differs at 3 decimals
3G4alt,input t2m_raw (L file),2021-10-10,15.736,15.735,differs at 3 decimals
3G4alt,input t2m_raw (L file),2021-10-13,11.746,11.745,differs at 3 decimals
3G4alt,input t2m_raw (L file),2021-10-14,9.903,9.902,differs at 3 decimals
3G4alt,input t2m_raw (L file),2021-10-15,14.987,14.986,differs at 3 decimals
3G4alt,input t2m_raw (L file),2021-10-16,17.907,17.906,differs at 3 decimals
3G4alt,input t2m_raw (L file),2021-10-17,17.296,17.295,differs at 3 decimals
3G4alt,input t2m_raw (L file),2021-10-19,11.629,11.628,differs at 3 decimals
3G4alt,input t2m_raw (L file),2021-10-22,6.826,6.825,differs at 3 decimals
3G4alt,input t2m_raw (L file),2021-10-23,9.233,9.232,differs at 3 decimals
3G4alt,input t2m_raw (L file),2021-10-24,10.427,10.426,differs at 3 decimals
3G4alt,input t2m_raw (L file),2021-10-27,13.478,13.477,differs at 3 decimals
3G4alt,input t2m_raw (L file),2021-10-30,16.096,16.095,differs at 3 decimals
3G4alt,input t2m_raw (L file),2021-11-01,13.026,13.025,differs at 3 decimals
3G4alt,input t2m_raw (L file),2021-11-02,12.759,12.758,differs at 3 decimals
3G4alt,input t2m_raw (L file),2021-11-12,14.858,14.857,differs at 3 decimals
3G4alt,input t2m_raw (L file),2021-11-15,17.516,17.515,differs at 3 decimals
3G4alt,input t2m_raw (L file),2021-11-16,11.505,11.504,differs at 3 decimals
3G4alt,input t2m_raw (L file),2021-11-17,7.517,7.516,differs at 3 decimals
3G4alt,input t2m_raw (L file),2021-11-24,4.592,4.591,differs at 3 decimals
3G4alt,input t2m_raw (L file),2021-11-27,11.441,11.44,differs at 3 decimals
3G4alt,input t2m_raw (L file),2021-11-28,13.464,13.463,differs at 3 decimals
3G4alt,input t2m_raw (L file),2021-11-29,15.038,15.037,differs at 3 decimals
3G4alt,input t2m_raw (L file),2021-12-01,12.626,12.625,differs at 3 decimals
3G4alt,input t2m_raw (L file),2021-12-05,13.777,13.776,differs at 3 decimals
3G4alt,input t2m_raw (L file),2021-12-09,2.525,2.524,differs at 3 decimals
3G4alt,input t2m_raw (L file),2021-12-11,4.71,4.709,differs at 3 decimals
3G4alt,input t2m_raw (L file),2021-12-12,6.408,6.407,differs at 3 decimals
3G4alt,input t2m_raw (L file),2021-12-13,2.712,2.711,differs at 3 decimals
3G4alt,input t2m_raw (L file),2021-12-18,0.317,0.316,differs at 3 decimals
3G4alt,input t2m_raw (L file),2021-12-19,3.545,3.544,differs at 3 decimals
3G4alt,input t2m_raw (L file),2021-12-20,2.365,2.364,differs at 3 decimals
3G4alt,input t2m_raw (L file),2021-12-21,4.007,4.006,differs at 3 decimals
3G4alt,input t2m_raw (L file),2021-12-22,3.532,3.531,differs at 3 decimals
3G4alt,input t2m_raw (L file),2021-12-28,-2.863,-2.864,differs at 3 decimals
3G4alt,input t2m_raw (L file),2021-12-29,-1.899,-1.9,differs at 3 decimals
3G4alt,input t2m_raw (L file),2022-01-01,-3.246,-3.247,differs at 3 decimals
3G4alt,input t2m_raw (L file),2022-01-08,2.994,2.993,differs at 3 decimals
3G4alt,input t2m_raw (L file),2022-01-09,2.709,2.708,differs at 3 decimals
3G4alt,input t2m_raw (L file),2022-01-10,4.351,4.35,differs at 3 decimals
3G4alt,input t2m_raw (L file),2022-01-11,6.898,6.897,differs at 3 decimals
3G4alt,input t2m_raw (L file),2022-01-12,10.217,10.216,differs at 3 decimals
3G4alt,input t2m_raw (L file),2022-01-13,11.613,11.612,differs at 3 decimals
3G4alt,input t2m_raw (L file),2022-01-14,5.349,5.348,differs at 3 decimals
3G4alt,input t2m_raw (L file),2022-01-15,4.485,4.484,differs at 3 decimals
3G4alt,input t2m_raw (L file),2022-01-16,5.918,5.917,differs at 3 decimals
3G4alt,input t2m_raw (L file),2022-01-17,7.418,7.417,differs at 3 decimals
3G4alt,input t2m_raw (L file),2022-01-19,6.104,6.103,differs at 3 decimals
3G4alt,input t2m_raw (L file),2022-01-21,4.523,4.522,differs at 3 decimals
3G4alt,input t2m_raw (L file),2022-01-22,2.564,2.563,differs at 3 decimals
3G4alt,input t2m_raw (L file),2022-01-26,4.346,4.345,differs at 3 decimals
3G4alt,input t2m_raw (L file),2022-01-27,4.491,4.49,differs at 3 decimals
3G4alt,input t2m_raw (L file),2022-01-29,4.845,4.844,differs at 3 decimals
3G4alt,input t2m_raw (L file),2022-01-31,7.072,7.071,differs at 3 decimals
3G4alt,input t2m_raw (L file),2022-02-01,-0.211,-0.212,differs at 3 decimals
3G4alt,input t2m_raw (L file),2022-02-02,-0.985,-0.986,differs at 3 decimals
3G4alt,input t2m_raw (L file),2022-02-14,12.843,12.842,differs at 3 decimals
3G4alt,input t2m_raw (L file),2022-02-18,8.305,8.304,differs at 3 decimals
3G4alt,input t2m_raw (L file),2022-02-22,-3.162,-3.163,differs at 3 decimals
3G4alt,input t2m_raw (L file),2022-02-23,-4.19,-4.191,differs at 3 decimals
3G4alt,input t2m_raw (L file),2022-02-25,0.1,0.099,differs at 3 decimals
3G4alt,input t2m_raw (L file),2022-03-04,8.836,8.835,differs at 3 decimals
3G4alt,input t2m_raw (L file),2022-03-05,0.55,0.549,differs at 3 decimals
3G4alt,input t2m_raw (L file),2022-03-08,7.619,7.618,differs at 3 decimals
3G4alt,input t2m_raw (L file),2022-03-09,8.31,8.309,differs at 3 decimals
3G4alt,input t2m_raw (L file),2022-03-13,6.977,6.976,differs at 3 decimals
3G4alt,input t2m_raw (L file),2022-03-14,11.99,11.989,differs at 3 decimals
3G4alt,input t2m_raw (L file),2022-03-17,9.083,9.082,differs at 3 decimals
3G4alt,input t2m_raw (L file),2022-03-20,5.428,5.427,differs at 3 decimals
3G4alt,input t2m_raw (L file),2022-03-23,17.096,17.095,differs at 3 decimals
3G4alt,input t2m_raw (L file),2022-03-30,13.532,13.531,differs at 3 decimals
3G4alt,input t2m_raw (L file),2022-04-05,13.283,13.282,differs at 3 decimals
3G4alt,input t2m_raw (L file),2022-04-07,18.567,18.566,differs at 3 decimals
3G4alt,input t2m_raw (L file),2022-04-10,8.377,8.376,differs at 3 decimals
3G4alt,input t2m_raw (L file),2022-04-15,11.096,11.095,differs at 3 decimals
3G4alt,input t2m_raw (L file),2022-04-16,8.593,8.592,differs at 3 decimals
3G4alt,input t2m_raw (L file),2022-04-17,13.823,13.822,differs at 3 decimals
3G4alt,input t2m_raw (L file),2022-04-22,6.027,6.026,differs at 3 decimals
3G4alt,input t2m_raw (L file),2022-04-24,13.542,13.541,differs at 3 decimals
3G4alt,input t2m_raw (L file),2022-04-25,16.878,16.877,differs at 3 decimals
3G4alt,input t2m_raw (L file),2022-04-26,16.332,16.331,differs at 3 decimals
3G4alt,input t2m_raw (L file),2022-04-28,11.08,11.079,differs at 3 decimals
3G4alt,input t2m_raw (L file),2022-04-30,16.917,16.916,differs at 3 decimals
3G4alt,input t2m_raw (L file),2022-05-03,11.691,11.69,differs at 3 decimals
3G4alt,input t2m_raw (L file),2022-05-05,18.219,18.218,differs at 3 decimals
3G4alt,input t2m_raw (L file),2022-05-06,19.902,19.901,differs at 3 decimals
3G4alt,input t2m_raw (L file),2022-05-08,6.289,6.288,differs at 3 decimals
3G4alt,input t2m_raw (L file),2022-05-09,3.706,3.705,differs at 3 decimals
3G4alt,input t2m_raw (L file),2022-05-10,4.762,4.761,differs at 3 decimals
3G4alt,input t2m_raw (L file),2022-05-12,11.699,11.698,differs at 3 decimals
3G4alt,input t2m_raw (L file),2022-05-13,16.745,16.744,differs at 3 decimals
3G4alt,input t2m_raw (L file),2022-05-15,25.217,25.216,differs at 3 decimals
3G4alt,input t2m_raw (L file),2022-05-16,22.512,22.511,differs at 3 decimals
3G4alt,input t2m_raw (L file),2022-05-18,23.77,23.769,differs at 3 decimals
3G4alt,input t2m_raw (L file),2022-05-21,15.263,15.262,differs at 3 decimals
3G4alt,input t2m_raw (L file),2022-05-22,19.362,19.361,differs at 3 decimals
3G4alt,input t2m_raw (L file),2022-05-23,19.701,19.7,differs at 3 decimals
3G4alt,input t2m_raw (L file),2022-05-26,26.669,26.668,differs at 3 decimals
3G4alt,input t2m_raw (L file),2022-05-28,17.432,17.431,differs at 3 decimals
3G4alt,input t2m_raw (L file),2022-05-30,12.953,12.952,differs at 3 decimals
3G4alt,input t2m_raw (L file),2022-05-31,15.162,15.161,differs at 3 decimals
3G4alt,input t2m_raw (L file),2022-06-03,22.996,22.995,differs at 3 decimals
3G4alt,input t2m_raw (L file),2022-06-05,15.029,15.028,differs at 3 decimals
3G4alt,input t2m_raw (L file),2022-06-06,21.689,21.688,differs at 3 decimals
3G4alt,input t2m_raw (L file),2022-06-07,24.394,24.393,differs at 3 decimals
3G4alt,input t2m_raw (L file),2022-06-08,27.101,27.1,differs at 3 decimals
3G4alt,input t2m_raw (L file),2022-06-11,28.681,28.68,differs at 3 decimals
3G4alt,input t2m_raw (L file),2022-06-13,16.264,16.263,differs at 3 decimals
3G4alt,input t2m_raw (L file),2022-06-22,27.959,27.958,differs at 3 decimals
3G4alt,input t2m_raw (L file),2022-06-23,25.219,25.218,differs at 3 decimals
3G4alt,input t2m_raw (L file),2022-06-24,27.876,27.875,differs at 3 decimals
3G4alt,input t2m_raw (L file),2022-06-26,30.172,30.171,differs at 3 decimals
3G4alt,input t2m_raw (L file),2022-06-28,30.111,30.11,differs at 3 decimals
3G4alt,input t2m_raw (L file),2022-06-30,28.219,28.218,differs at 3 decimals
3G4alt,input t2m_raw (L file),2022-07-01,27.538,27.537,differs at 3 decimals
3G4alt,input t2m_raw (L file),2022-07-03,21.681,21.68,differs at 3 decimals
3G4alt,input t2m_raw (L file),2022-07-07,26.701,26.7,differs at 3 decimals
3G4alt,input t2m_raw (L file),2022-07-08,28.62,28.619,differs at 3 decimals
3G4alt,input t2m_raw (L file),2022-07-09,28.165,28.164,differs at 3 decimals
3G4alt,input t2m_raw (L file),2022-07-10,28.076,28.075,differs at 3 decimals
3G4alt,input t2m_raw (L file),2022-07-14,31.613,31.612,differs at 3 decimals
3G4alt,input t2m_raw (L file),2022-07-15,32.657,32.656,differs at 3 decimals
3G4alt,input t2m_raw (L file),2022-07-16,33.562,33.561,differs at 3 decimals
3G4alt,input t2m_raw (L file),2022-07-22,31.922,31.921,differs at 3 decimals
3G4alt,input t2m_raw (L file),2022-07-24,31.068,31.067,differs at 3 decimals
3G4alt,input t2m_raw (L file),2022-07-28,33.923,33.922,differs at 3 decimals
3G4alt,input t2m_raw (L file),2022-07-31,32.586,32.585,differs at 3 decimals
3G4alt,input t2m_raw (L file),2022-08-01,29.481,29.48,differs at 3 decimals
3G4alt,input t2m_raw (L file),2022-08-04,30.944,30.943,differs at 3 decimals
3G4alt,input t2m_raw (L file),2022-08-05,26.031,26.03,differs at 3 decimals
3G4alt,input t2m_raw (L file),2022-08-08,30.764,30.763,differs at 3 decimals
3G4alt,input t2m_raw (L file),2022-08-10,28.365,28.364,differs at 3 decimals
3G4alt,input t2m_raw (L file),2022-08-16,30.891,30.89,differs at 3 decimals
3G4alt,input t2m_raw (L file),2022-08-18,27.958,27.957,differs at 3 decimals
3G4alt,input t2m_raw (L file),2022-08-19,28.471,28.47,differs at 3 decimals
3G4alt,input t2m_raw (L file),2022-08-20,30.137,30.136,differs at 3 decimals
3G4alt,input t2m_raw (L file),2022-08-23,30.393,30.392,differs at 3 decimals
3G4alt,input t2m_raw (L file),2022-08-24,32.09,32.089,differs at 3 decimals
3G4alt,input t2m_raw (L file),2022-08-25,31.054,31.053,differs at 3 decimals
3G4alt,input t2m_raw (L file),2022-09-03,32.553,32.552,differs at 3 decimals
3G4alt,input t2m_raw (L file),2022-09-08,32.796,32.795,differs at 3 decimals
3G4alt,input t2m_raw (L file),2022-09-12,25.921,25.92,differs at 3 decimals
3G4alt,input t2m_raw (L file),2022-09-13,23.708,23.707,differs at 3 decimals
3G4alt,input t2m_raw (L file),2022-09-22,16.344,16.343,differs at 3 decimals
3G4alt,input t2m_raw (L file),2022-09-23,20.462,20.461,differs at 3 decimals
3G4alt,input t2m_raw (L file),2022-10-01,19.702,19.701,differs at 3 decimals
3G4alt,input t2m_raw (L file),2022-10-06,23.624,23.623,differs at 3 decimals
3G4alt,input t2m_raw (L file),2022-10-07,23.957,23.956,differs at 3 decimals
3G4alt,input t2m_raw (L file),2022-10-08,23.947,23.946,differs at 3 decimals
3G4alt,input t2m_raw (L file),2022-10-10,21.48,21.479,differs at 3 decimals
3G4alt,input t2m_raw (L file),2022-10-11,22.805,22.804,differs at 3 decimals
3G4alt,input t2m_raw (L file),2022-10-17,21.046,21.045,differs at 3 decimals
3G4alt,input t2m_raw (L file),2022-10-18,20.954,20.953,differs at 3 decimals
3G4alt,input t2m_raw (L file),2022-10-22,10.152,10.151,differs at 3 decimals
3G4alt,input t2m_raw (L file),2022-10-24,12.32,12.319,differs at 3 decimals
3G4alt,input t2m_raw (L file),2022-10-25,11.067,11.066,differs at 3 decimals
3G4alt,input t2m_raw (L file),2022-10-27,9.439,9.438,differs at 3 decimals
3G4alt,input t2m_raw (L file),2022-11-03,1.654,1.653,differs at 3 decimals
3G4alt,input t2m_raw (L file),2022-11-06,10.798,10.797,differs at 3 decimals
3G4alt,input t2m_raw (L file),2022-11-07,3.292,3.291,differs at 3 decimals
3G4alt,input t2m_raw (L file),2022-11-10,0.579,0.578,differs at 3 decimals
3G4alt,input t2m_raw (L file),2022-11-12,2.405,2.404,differs at 3 decimals
3G4alt,input t2m_raw (L file),2022-11-15,3.91,3.909,differs at 3 decimals
3G4alt,input t2m_raw (L file),2022-11-24,7.946,7.945,differs at 3 decimals
3G4alt,input t2m_raw (L file),2022-12-02,-0.57,-0.571,differs at 3 decimals
3G4alt,input t2m_raw (L file),2022-12-05,2.535,2.534,differs at 3 decimals
3G4alt,input t2m_raw (L file),2022-12-08,1.461,1.46,differs at 3 decimals
3G4alt,input t2m_raw (L file),2022-12-11,0.116,0.115,differs at 3 decimals
3G4alt,input t2m_raw (L file),2022-12-15,0.416,0.415,differs at 3 decimals
3G4alt,input t2m_raw (L file),2022-12-18,0.992,0.991,differs at 3 decimals
3G4alt,input t2m_raw (L file),2022-12-22,3.211,3.21,differs at 3 decimals
3G4alt,input t2m_raw (L file),2022-12-23,5.828,5.827,differs at 3 decimals
3G4alt,input t2m_raw (L file),2022-12-29,1.546,1.545,differs at 3 decimals
3G4alt,input t2m_raw (L file),2023-01-02,-3.337,-3.338,differs at 3 decimals
3G4alt,input t2m_raw (L file),2023-01-04,-2.704,-2.705,differs at 3 decimals
3G4alt,input t2m_raw (L file),2023-01-16,-0.951,-0.952,differs at 3 decimals
3G4alt,input t2m_raw (L file),2023-01-18,-0.34,-0.341,differs at 3 decimals
3G4alt,input t2m_raw (L file),2023-01-22,-2.977,-2.978,differs at 3 decimals
3G4alt,input t2m_raw (L file),2023-01-23,-2.818,-2.819,differs at 3 decimals
3G4alt,input t2m_raw (L file),2023-01-25,1.074,1.073,differs at 3 decimals
3G4alt,input t2m_raw (L file),2023-01-26,2.818,2.817,differs at 3 decimals
3G4alt,input t2m_raw (L file),2023-01-28,2.548,2.547,differs at 3 decimals
3G4alt,input t2m_raw (L file),2023-01-29,-1.89,-1.891,differs at 3 decimals
3G4alt,input t2m_raw (L file),2023-01-30,-7.027,-7.028,differs at 3 decimals
3G4alt,input t2m_raw (L file),2023-01-31,-4.106,-4.107,differs at 3 decimals
3G4alt,input t2m_raw (L file),2023-02-02,3.908,3.907,differs at 3 decimals
3G4alt,input t2m_raw (L file),2023-02-04,5.255,5.254,differs at 3 decimals
3G4alt,input t2m_raw (L file),2023-02-06,-0.325,-0.326,differs at 3 decimals
3G4alt,input t2m_raw (L file),2023-02-11,1.984,1.983,differs at 3 decimals
3G4alt,input t2m_raw (L file),2023-02-12,2.985,2.984,differs at 3 decimals
3G4alt,input t2m_raw (L file),2023-02-14,-3.044,-3.045,differs at 3 decimals
3G4alt,input t2m_raw (L file),2023-02-15,-2.252,-2.253,differs at 3 decimals
3G4alt,input t2m_raw (L file),2023-02-18,4.811,4.81,differs at 3 decimals
3G4alt,input t2m_raw (L file),2023-02-19,6.157,6.156,differs at 3 decimals
3G4alt,input t2m_raw (L file),2023-02-20,10.229,10.228,differs at 3 decimals
3G4alt,input t2m_raw (L file),2023-02-21,8.328,8.327,differs at 3 decimals
3G4alt,input t2m_raw (L file),2023-02-27,-0.455,-0.456,differs at 3 decimals
3G4alt,input t2m_raw (L file),2023-03-01,-3.578,-3.579,differs at 3 decimals
3G4alt,input t2m_raw (L file),2023-03-04,1.402,1.401,differs at 3 decimals
3G4alt,input t2m_raw (L file),2023-03-06,-2.393,-2.394,differs at 3 decimals
3G4alt,input t2m_raw (L file),2023-03-08,-1.041,-1.042,differs at 3 decimals
3G4alt,input t2m_raw (L file),2023-03-10,3.761,3.76,differs at 3 decimals
3G4alt,input t2m_raw (L file),2023-03-11,2.896,2.895,differs at 3 decimals
3G4alt,input t2m_raw (L file),2023-03-12,3.799,3.798,differs at 3 decimals
3G4alt,input t2m_raw (L file),2023-03-14,1.22,1.219,differs at 3 decimals
3G4alt,input t2m_raw (L file),2023-03-16,4.599,4.598,differs at 3 decimals
3G4alt,input t2m_raw (L file),2023-03-18,9.26,9.259,differs at 3 decimals
3G4alt,input t2m_raw (L file),2023-03-19,3.722,3.721,differs at 3 decimals
3G4alt,input t2m_raw (L file),2023-03-22,4.622,4.621,differs at 3 decimals
3G4alt,input t2m_raw (L file),2023-03-25,0.665,0.664,differs at 3 decimals
3G4alt,input t2m_raw (L file),2023-03-27,3.459,3.458,differs at 3 decimals
3G4alt,input t2m_raw (L file),2023-03-28,6.461,6.46,differs at 3 decimals
3G4alt,input t2m_raw (L file),2023-03-29,2.094,2.093,differs at 3 decimals
3G4alt,input t2m_raw (L file),2023-03-30,3.981,3.98,differs at 3 decimals
3G4alt,input t2m_raw (L file),2023-04-06,9.943,9.942,differs at 3 decimals
3G4alt,input t2m_raw (L file),2023-04-12,13.345,13.344,differs at 3 decimals
3G4alt,input t2m_raw (L file),2023-04-13,5.593,5.592,differs at 3 decimals
3G4alt,input t2m_raw (L file),2023-04-17,10.098,10.097,differs at 3 decimals
3G4alt,input t2m_raw (L file),2023-04-18,2.856,2.855,differs at 3 decimals
3G4alt,input t2m_raw (L file),2023-04-20,9.989,9.988,differs at 3 decimals
3G4alt,input t2m_raw (L file),2023-04-22,14.562,14.561,differs at 3 decimals
3G4alt,input t2m_raw (L file),2023-04-27,21.016,21.015,differs at 3 decimals
3G4alt,input t2m_raw (L file),2023-05-04,8.861,8.86,differs at 3 decimals
3G4alt,input t2m_raw (L file),2023-05-06,8.435,8.434,differs at 3 decimals
3G4alt,input t2m_raw (L file),2023-05-08,10.889,10.888,differs at 3 decimals
3G4alt,input t2m_raw (L file),2023-05-13,20.846,20.845,differs at 3 decimals
3G4alt,input t2m_raw (L file),2023-05-17,24.281,24.28,differs at 3 decimals
3G4alt,input t2m_raw (L file),2023-05-20,26.236,26.235,differs at 3 decimals
3G4alt,input t2m_raw (L file),2023-05-22,22.684,22.683,differs at 3 decimals
3G4alt,input t2m_raw (L file),2023-05-27,19.413,19.412,differs at 3 decimals
3G4alt,input t2m_raw (L file),2023-05-28,18.424,18.423,differs at 3 decimals
3G4alt,input t2m_raw (L file),2023-05-30,19.473,19.472,differs at 3 decimals
3G4alt,input t2m_raw (L file),2023-06-02,19.58,19.579,differs at 3 decimals
3G4alt,input t2m_raw (L file),2023-06-07,22.725,22.724,differs at 3 decimals
3G4alt,input t2m_raw (L file),2023-06-11,19.377,19.376,differs at 3 decimals
3G4alt,input t2m_raw (L file),2023-06-13,22.138,22.137,differs at 3 decimals
3G4alt,input t2m_raw (L file),2023-06-15,21.157,21.156,differs at 3 decimals
3G4alt,input t2m_raw (L file),2023-06-21,17.978,17.977,differs at 3 decimals
3G4alt,input t2m_raw (L file),2023-06-22,19.412,19.411,differs at 3 decimals
3G4alt,input t2m_raw (L file),2023-06-23,19.877,19.876,differs at 3 decimals
3G4alt,input t2m_raw (L file),2023-06-24,21.803,21.802,differs at 3 decimals
3G4alt,input t2m_raw (L file),2023-06-25,21.4,21.399,differs at 3 decimals
3G4alt,input t2m_raw (L file),2023-06-26,21.689,21.688,differs at 3 decimals
3G4alt,input t2m_raw (L file),2023-06-27,21.006,21.005,differs at 3 decimals
3G4alt,input t2m_raw (L file),2023-06-28,22.482,22.481,differs at 3 decimals
3G4alt,input t2m_raw (L file),2023-07-01,31.019,31.018,differs at 3 decimals
3G4alt,input t2m_raw (L file),2023-07-03,31.227,31.226,differs at 3 decimals
3G4alt,input t2m_raw (L file),2023-07-04,28.704,28.703,differs at 3 decimals
3G4alt,input t2m_raw (L file),2023-07-05,29.37,29.369,differs at 3 decimals
3G4alt,input t2m_raw (L file),2023-07-07,27.555,27.554,differs at 3 decimals
3G4alt,input t2m_raw (L file),2023-07-09,28.351,28.35,differs at 3 decimals
3G4alt,input t2m_raw (L file),2023-07-10,27.386,27.385,differs at 3 decimals
3G4alt,input t2m_raw (L file),2023-07-12,28.507,28.506,differs at 3 decimals
3G4alt,input t2m_raw (L file),2023-07-13,28.235,28.234,differs at 3 decimals
3G4alt,input t2m_raw (L file),2023-07-20,31.296,31.295,differs at 3 decimals
3G4alt,input t2m_raw (L file),2023-07-21,33.547,33.546,differs at 3 decimals
3G4alt,input t2m_raw (L file),2023-07-23,34.091,34.09,differs at 3 decimals
3G4alt,input t2m_raw (L file),2023-07-28,30.802,30.801,differs at 3 decimals
3G4alt,input t2m_raw (L file),2023-07-29,30.933,30.932,differs at 3 decimals
3G4alt,input t2m_raw (L file),2023-07-31,31.186,31.185,differs at 3 decimals
3G4alt,input t2m_raw (L file),2023-08-01,28.161,28.16,differs at 3 decimals
3G4alt,input t2m_raw (L file),2023-08-03,25.735,25.734,differs at 3 decimals
3G4alt,input t2m_raw (L file),2023-08-08,28.152,28.151,differs at 3 decimals
3G4alt,input t2m_raw (L file),2023-08-12,28.551,28.55,differs at 3 decimals
3G4alt,input t2m_raw (L file),2023-08-15,29.708,29.707,differs at 3 decimals
3G4alt,input t2m_raw (L file),2023-08-16,30.314,30.313,differs at 3 decimals
3G4alt,input t2m_raw (L file),2023-08-17,29.258,29.257,differs at 3 decimals
3G4alt,input t2m_raw (L file),2023-08-18,28.344,28.343,differs at 3 decimals
3G4alt,input t2m_raw (L file),2023-08-21,17.596,17.595,differs at 3 decimals
3G4alt,input t2m_raw (L file),2023-08-22,21.581,21.58,differs at 3 decimals
3G4alt,input t2m_raw (L file),2023-08-24,26.427,26.426,differs at 3 decimals
3G4alt,input t2m_raw (L file),2023-08-25,26.998,26.997,differs at 3 decimals
3G4alt,input t2m_raw (L file),2023-08-30,24.839,24.838,differs at 3 decimals
3G4alt,input t2m_raw (L file),2023-09-01,19.957,19.956,differs at 3 decimals
3G4alt,input t2m_raw (L file),2023-09-02,17.284,17.283,differs at 3 decimals
3G4alt,input t2m_raw (L file),2023-09-03,16.652,16.651,differs at 3 decimals
3G4alt,input t2m_raw (L file),2023-09-05,22.036,22.035,differs at 3 decimals
3G4alt,input t2m_raw (L file),2023-09-06,24.417,24.416,differs at 3 decimals
3G4alt,input t2m_raw (L file),2023-09-07,24.593,24.592,differs at 3 decimals
3G4alt,input t2m_raw (L file),2023-09-08,24.787,24.786,differs at 3 decimals
3G4alt,input t2m_raw (L file),2023-09-12,24.37,24.369,differs at 3 decimals
3G4alt,input t2m_raw (L file),2023-09-13,23.918,23.917,differs at 3 decimals
3G4alt,input t2m_raw (L file),2023-09-14,23.808,23.807,differs at 3 decimals
3G4alt,input t2m_raw (L file),2023-09-15,24.585,24.584,differs at 3 decimals
3G4alt,input t2m_raw (L file),2023-09-16,26.141,26.14,differs at 3 decimals
3G4alt,input t2m_raw (L file),2023-09-19,22.258,22.257,differs at 3 decimals
3G4alt,input t2m_raw (L file),2023-09-21,14.429,14.428,differs at 3 decimals
3G4alt,input t2m_raw (L file),2023-09-22,16.302,16.301,differs at 3 decimals
3G4alt,input t2m_raw (L file),2023-09-23,20.207,20.206,differs at 3 decimals
3G4alt,input t2m_raw (L file),2023-09-24,21.786,21.785,differs at 3 decimals
3G4alt,input t2m_raw (L file),2023-09-27,21.039,21.038,differs at 3 decimals
3G4alt,input t2m_raw (L file),2023-09-28,19.366,19.365,differs at 3 decimals
3G4alt,input t2m_raw (L file),2023-10-01,9.832,9.831,differs at 3 decimals
3G4alt,input t2m_raw (L file),2023-10-04,17.797,17.796,differs at 3 decimals
3G4alt,input t2m_raw (L file),2023-10-05,19.912,19.911,differs at 3 decimals
3G4alt,input t2m_raw (L file),2023-10-07,23.988,23.987,differs at 3 decimals
3G4alt,input t2m_raw (L file),2023-10-10,17.479,17.478,differs at 3 decimals
3G4alt,input t2m_raw (L file),2023-10-14,18.458,18.457,differs at 3 decimals
3G4alt,input t2m_raw (L file),2023-10-15,21.429,21.428,differs at 3 decimals
3G4alt,input t2m_raw (L file),2023-10-22,17.02,17.019,differs at 3 decimals
3G4alt,input t2m_raw (L file),2023-10-26,6.502,6.501,differs at 3 decimals
3G4alt,input t2m_raw (L file),2023-10-28,6.097,6.096,differs at 3 decimals
3G4alt,input t2m_raw (L file),2023-10-29,6.219,6.218,differs at 3 decimals
3G4alt,input t2m_raw (L file),2023-10-30,9.169,9.168,differs at 3 decimals
3G4alt,input t2m_raw (L file),2023-10-31,12.209,12.208,differs at 3 decimals
3G4alt,input t2m_raw (L file),2023-11-01,15.543,15.542,differs at 3 decimals
3G4alt,input t2m_raw (L file),2023-11-03,17.261,17.26,differs at 3 decimals
3G4alt,input t2m_raw (L file),2023-11-05,14.48,14.479,differs at 3 decimals
3G4alt,input t2m_raw (L file),2023-11-06,7.555,7.554,differs at 3 decimals
3G4alt,input t2m_raw (L file),2023-11-07,6.997,6.996,differs at 3 decimals
3G4alt,input t2m_raw (L file),2023-11-08,7.077,7.076,differs at 3 decimals
3G4alt,input t2m_raw (L file),2023-11-12,14.728,14.727,differs at 3 decimals
3G4alt,input t2m_raw (L file),2023-11-17,9.393,9.392,differs at 3 decimals
3G4alt,input t2m_raw (L file),2023-11-20,5.855,5.854,differs at 3 decimals
3G4alt,input t2m_raw (L file),2023-11-25,1.99,1.989,differs at 3 decimals
3G4alt,input t2m_raw (L file),2023-11-27,3.516,3.515,differs at 3 decimals
3G4alt,input t2m_raw (L file),2023-11-28,5.89,5.889,differs at 3 decimals
3G4alt,input t2m_raw (L file),2023-11-30,4.241,4.24,differs at 3 decimals
3G4alt,input t2m_raw (L file),2023-12-03,7.376,7.375,differs at 3 decimals
3G4alt,input t2m_raw (L file),2023-12-05,12.211,12.21,differs at 3 decimals
3G4alt,input t2m_raw (L file),2023-12-07,3.652,3.651,differs at 3 decimals
3G4alt,input t2m_raw (L file),2023-12-08,0.941,0.94,differs at 3 decimals
3G4alt,input t2m_raw (L file),2023-12-10,9.055,9.054,differs at 3 decimals
3G4alt,input t2m_raw (L file),2023-12-17,7.317,7.316,differs at 3 decimals
3G4alt,input t2m_raw (L file),2023-12-20,5.831,5.83,differs at 3 decimals
3G4alt,input t2m_raw (L file),2023-12-22,7.855,7.854,differs at 3 decimals
3G4alt,input t2m_raw (L file),2023-12-27,11.785,11.784,differs at 3 decimals
3G4alt,input t2m_raw (L file),2023-12-29,10.163,10.162,differs at 3 decimals
3G4alt,input t2m_raw (L file),2023-12-31,4.217,4.216,differs at 3 decimals
3G4alt,input t2m_raw (L file),2024-01-04,3.099,3.098,differs at 3 decimals
3G4alt,input t2m_raw (L file),2024-01-05,3.696,3.695,differs at 3 decimals
3G4alt,input t2m_raw (L file),2024-01-09,4.646,4.645,differs at 3 decimals
3G4alt,input t2m_raw (L file),2024-01-11,-3.422,-3.423,differs at 3 decimals
3G4alt,input t2m_raw (L file),2024-01-14,4.104,4.103,differs at 3 decimals
3G4alt,input t2m_raw (L file),2024-01-15,2.729,2.728,differs at 3 decimals
3G4alt,input t2m_raw (L file),2024-01-17,6.275,6.274,differs at 3 decimals
3G4alt,input t2m_raw (L file),2024-01-19,7.074,7.073,differs at 3 decimals
3G4alt,input t2m_raw (L file),2024-01-22,2.558,2.557,differs at 3 decimals
3G4alt,input t2m_raw (L file),2024-01-23,5.315,5.314,differs at 3 decimals
3G4alt,input t2m_raw (L file),2024-01-25,4.976,4.975,differs at 3 decimals
3G4alt,input t2m_raw (L file),2024-01-26,7.884,7.883,differs at 3 decimals
3G4alt,input t2m_raw (L file),2024-01-27,10.831,10.83,differs at 3 decimals
3G4alt,input t2m_raw (L file),2024-02-06,0.065,0.064,differs at 3 decimals
3G4alt,input t2m_raw (L file),2024-02-09,0.232,0.231,differs at 3 decimals
3G4alt,input t2m_raw (L file),2024-02-15,3.845,3.844,differs at 3 decimals
3G4alt,input t2m_raw (L file),2024-02-17,6.825,6.824,differs at 3 decimals
3G4alt,input t2m_raw (L file),2024-02-20,5.799,5.798,differs at 3 decimals
3G4alt,input t2m_raw (L file),2024-02-21,5.456,5.455,differs at 3 decimals
3G4alt,input t2m_raw (L file),2024-02-23,7.45,7.449,differs at 3 decimals
3G4alt,input t2m_raw (L file),2024-02-25,10.849,10.848,differs at 3 decimals
3G4alt,input t2m_raw (L file),2024-02-26,6.15,6.149,differs at 3 decimals
3G4alt,input t2m_raw (L file),2024-02-29,5.922,5.921,differs at 3 decimals
3G4alt,input t2m_raw (L file),2024-03-06,5.782,5.781,differs at 3 decimals
3G4alt,input t2m_raw (L file),2024-03-09,8.462,8.461,differs at 3 decimals
3G4alt,input t2m_raw (L file),2024-03-10,8.852,8.851,differs at 3 decimals
3G4alt,input t2m_raw (L file),2024-03-12,6.163,6.162,differs at 3 decimals
3G4alt,input t2m_raw (L file),2024-03-16,9.394,9.393,differs at 3 decimals
3G4alt,input t2m_raw (L file),2024-03-18,13.369,13.368,differs at 3 decimals
3G4alt,input t2m_raw (L file),2024-03-21,12.994,12.993,differs at 3 decimals
3G4alt,input t2m_raw (L file),2024-03-25,7.697,7.696,differs at 3 decimals
3G4alt,input t2m_raw (L file),2024-03-26,8.074,8.073,differs at 3 decimals
3G4alt,input t2m_raw (L file),2024-03-27,9.824,9.823,differs at 3 decimals
3G4alt,input t2m_raw (L file),2024-03-28,4.596,4.595,differs at 3 decimals
3G4alt,input t2m_raw (L file),2024-03-29,4.33,4.329,differs at 3 decimals
3G4alt,input t2m_raw (L file),2024-04-02,14.993,14.992,differs at 3 decimals
3G4alt,input t2m_raw (L file),2024-04-08,8.176,8.175,differs at 3 decimals
3G4alt,input t2m_raw (L file),2024-04-09,13.337,13.336,differs at 3 decimals
3G4alt,input t2m_raw (L file),2024-04-10,16.666,16.665,differs at 3 decimals
3G4alt,input t2m_raw (L file),2024-04-11,19.791,19.79,differs at 3 decimals
3G4alt,input t2m_raw (L file),2024-04-12,16.897,16.896,differs at 3 decimals
3G4alt,input t2m_raw (L file),2024-04-15,10.405,10.404,differs at 3 decimals
3G4alt,input t2m_raw (L file),2024-04-16,15.269,15.268,differs at 3 decimals
3G4alt,input t2m_raw (L file),2024-04-18,15.267,15.266,differs at 3 decimals
3G4alt,input t2m_raw (L file),2024-04-20,19.509,19.508,differs at 3 decimals
3G4alt,input t2m_raw (L file),2024-04-23,19.424,19.423,differs at 3 decimals
3G4alt,input t2m_raw (L file),2024-04-25,15.295,15.294,differs at 3 decimals
3G4alt,input t2m_raw (L file),2024-04-29,16.835,16.834,differs at 3 decimals
3G4alt,input t2m_raw (L file),2024-05-03,15.214,15.213,differs at 3 decimals
3G4alt,input t2m_raw (L file),2024-05-06,13.354,13.353,differs at 3 decimals
3G4alt,input t2m_raw (L file),2024-05-09,14.196,14.195,differs at 3 decimals
3G4alt,input t2m_raw (L file),2024-05-10,17.174,17.173,differs at 3 decimals
3G4alt,input t2m_raw (L file),2024-05-11,19.36,19.359,differs at 3 decimals
3G4alt,input t2m_raw (L file),2024-05-15,22.583,22.582,differs at 3 decimals
3G4alt,input t2m_raw (L file),2024-05-24,19.978,19.977,differs at 3 decimals
3G4alt,input t2m_raw (L file),2024-05-26,19.827,19.826,differs at 3 decimals
3G4alt,input t2m_raw (L file),2024-05-27,24.202,24.201,differs at 3 decimals
3G4alt,input t2m_raw (L file),2024-05-30,21.223,21.222,differs at 3 decimals
3G4alt,input t2m_raw (L file),2024-05-31,23.981,23.98,differs at 3 decimals
3G4alt,input t2m_raw (L file),2024-06-03,22.411,22.41,differs at 3 decimals
3G4alt,input t2m_raw (L file),2024-06-04,24.701,24.7,differs at 3 decimals
3G4alt,input t2m_raw (L file),2024-06-06,31.168,31.167,differs at 3 decimals
3G4alt,input t2m_raw (L file),2024-06-08,30.086,30.085,differs at 3 decimals
3G4alt,input t2m_raw (L file),2024-06-10,26.752,26.751,differs at 3 decimals
3G4alt,input t2m_raw (L file),2024-06-11,31.128,31.127,differs at 3 decimals
3G4alt,input t2m_raw (L file),2024-06-14,28.567,28.566,differs at 3 decimals
3G4alt,input t2m_raw (L file),2024-06-15,25.502,25.501,differs at 3 decimals
3G4alt,input t2m_raw (L file),2024-06-16,24.301,24.3,differs at 3 decimals
3G4alt,input t2m_raw (L file),2024-06-17,14.907,14.906,differs at 3 decimals
3G4alt,input t2m_raw (L file),2024-06-18,19.974,19.973,differs at 3 decimals
3G4alt,input t2m_raw (L file),2024-06-20,26.181,26.18,differs at 3 decimals
3G4alt,input t2m_raw (L file),2024-06-22,32.752,32.751,differs at 3 decimals
3G4alt,input t2m_raw (L file),2024-06-24,31.071,31.07,differs at 3 decimals
3G4alt,input t2m_raw (L file),2024-06-25,29.631,29.63,differs at 3 decimals
3G4alt,input t2m_raw (L file),2024-06-26,28.836,28.835,differs at 3 decimals
3G4alt,input t2m_raw (L file),2024-06-27,27.85,27.849,differs at 3 decimals
3G4alt,input t2m_raw (L file),2024-06-28,27.394,27.393,differs at 3 decimals
3G4alt,input t2m_raw (L file),2024-06-30,27.71,27.709,differs at 3 decimals
3G4alt,input t2m_raw (L file),2024-07-02,28.853,28.852,differs at 3 decimals
3G4alt,input t2m_raw (L file),2024-07-04,31.659,31.658,differs at 3 decimals
3G4alt,input t2m_raw (L file),2024-07-05,33.134,33.133,differs at 3 decimals
3G4alt,input t2m_raw (L file),2024-07-08,35.207,35.206,differs at 3 decimals
3G4alt,input t2m_raw (L file),2024-07-12,35.345,35.344,differs at 3 decimals
3G4alt,input t2m_raw (L file),2024-07-17,30.064,30.063,differs at 3 decimals
3G4alt,input t2m_raw (L file),2024-07-18,31.519,31.518,differs at 3 decimals
3G4alt,input t2m_raw (L file),2024-07-23,33.376,33.375,differs at 3 decimals
3G4alt,input t2m_raw (L file),2024-07-25,31.982,31.981,differs at 3 decimals
3G4alt,input t2m_raw (L file),2024-07-28,26.814,26.813,differs at 3 decimals
3G4alt,input t2m_raw (L file),2024-08-02,32.233,32.232,differs at 3 decimals
3G4alt,input t2m_raw (L file),2024-08-03,26.421,26.42,differs at 3 decimals
3G4alt,input t2m_raw (L file),2024-08-04,30.036,30.035,differs at 3 decimals
3G4alt,input t2m_raw (L file),2024-08-09,32.188,32.187,differs at 3 decimals
3G4alt,input t2m_raw (L file),2024-08-12,28.558,28.557,differs at 3 decimals
3G4alt,input t2m_raw (L file),2024-08-13,26.608,26.607,differs at 3 decimals
3G4alt,input t2m_raw (L file),2024-08-14,27.384,27.383,differs at 3 decimals
3G4alt,input t2m_raw (L file),2024-08-18,26.14,26.139,differs at 3 decimals
3G4alt,input t2m_raw (L file),2024-08-20,27.65,27.649,differs at 3 decimals
3G4alt,input t2m_raw (L file),2024-08-22,25.801,25.8,differs at 3 decimals
3G4alt,input t2m_raw (L file),2024-08-25,17.226,17.225,differs at 3 decimals
3G4alt,input t2m_raw (L file),2024-08-26,23.135,23.134,differs at 3 decimals
3G4alt,input t2m_raw (L file),2024-08-27,27.575,27.574,differs at 3 decimals
3G4alt,input t2m_raw (L file),2024-08-31,29.955,29.954,differs at 3 decimals
3G4alt,input t2m_raw (L file),2024-09-02,28.383,28.382,differs at 3 decimals
3G4alt,input t2m_raw (L file),2024-09-03,26.667,26.666,differs at 3 decimals
3G4alt,input t2m_raw (L file),2024-09-04,28.588,28.587,differs at 3 decimals
3G4alt,input t2m_raw (L file),2024-09-05,30.087,30.086,differs at 3 decimals
3G4alt,input t2m_raw (L file),2024-09-06,30.792,30.791,differs at 3 decimals
3G4alt,input t2m_raw (L file),2024-09-07,30.602,30.601,differs at 3 decimals
3G4alt,input t2m_raw (L file),2024-09-11,23.054,23.053,differs at 3 decimals
3G4alt,input t2m_raw (L file),2024-09-17,17.637,17.636,differs at 3 decimals
3G4alt,input t2m_raw (L file),2024-09-24,26.019,26.018,differs at 3 decimals
3G4alt,input t2m_raw (L file),2024-09-26,24.787,24.786,differs at 3 decimals
3G4alt,input t2m_raw (L file),2024-09-28,28.338,28.337,differs at 3 decimals
3G4alt,input t2m_raw (L file),2024-09-29,26.322,26.321,differs at 3 decimals
3G4alt,input t2m_raw (L file),2024-09-30,23.734,23.733,differs at 3 decimals
3G4alt,input t2m_raw (L file),2024-10-01,27.517,27.516,differs at 3 decimals
3G4alt,input t2m_raw (L file),2024-10-03,28.947,28.946,differs at 3 decimals
3G4alt,input t2m_raw (L file),2024-10-06,26.633,26.632,differs at 3 decimals
3G4alt,input t2m_raw (L file),2024-10-07,25.521,25.52,differs at 3 decimals
3G4alt,input t2m_raw (L file),2024-10-14,20.921,20.92,differs at 3 decimals
3G4alt,input t2m_raw (L file),2024-10-16,13.716,13.715,differs at 3 decimals
3G4alt,input t2m_raw (L file),2024-10-17,14.162,14.161,differs at 3 decimals
3G4alt,input t2m_raw (L file),2024-10-18,7.356,7.355,differs at 3 decimals
3G4alt,input t2m_raw (L file),2024-10-19,13.03,13.029,differs at 3 decimals
3G4alt,input t2m_raw (L file),2024-10-25,16.772,16.771,differs at 3 decimals
3G4alt,input t2m_raw (L file),2024-10-28,9.558,9.557,differs at 3 decimals
3G4alt,input t2m_raw (L file),2024-10-29,5.875,5.874,differs at 3 decimals
3G4alt,input t2m_raw (L file),2024-10-31,7.646,7.645,differs at 3 decimals
3G4alt,input t2m_raw (L file),2024-11-05,11.331,11.33,differs at 3 decimals
3G4alt,input t2m_raw (L file),2024-11-06,4.084,4.083,differs at 3 decimals
3G4alt,input t2m_raw (L file),2024-11-07,8.205,8.204,differs at 3 decimals
3G4alt,input t2m_raw (L file),2024-11-08,12.301,12.3,differs at 3 decimals
3G4alt,input t2m_raw (L file),2024-11-09,13.906,13.905,differs at 3 decimals
3G4alt,input t2m_raw (L file),2024-11-10,14.967,14.966,differs at 3 decimals
3G4alt,input t2m_raw (L file),2024-11-14,7.092,7.091,differs at 3 decimals
3G4alt,input t2m_raw (L file),2024-11-17,10.914,10.913,differs at 3 decimals
3G4alt,input t2m_raw (L file),2024-11-20,9.217,9.216,differs at 3 decimals
3G4alt,input t2m_raw (L file),2024-11-23,5.892,5.891,differs at 3 decimals
3G4alt,input t2m_raw (L file),2024-11-26,3.638,3.637,differs at 3 decimals
3G4alt,input t2m_raw (L file),2024-12-01,8.098,8.097,differs at 3 decimals
3G4alt,input t2m_raw (L file),2024-12-05,9.642,9.641,differs at 3 decimals
3G4alt,input t2m_raw (L file),2024-12-06,8.615,8.614,differs at 3 decimals
3G4alt,input t2m_raw (L file),2024-12-10,4.616,4.615,differs at 3 decimals
3G4alt,input t2m_raw (L file),2024-12-14,1.199,1.198,differs at 3 decimals
3G4alt,input t2m_raw (L file),2024-12-15,1.014,1.013,differs at 3 decimals
3G4alt,input t2m_raw (L file),2024-12-16,3.854,3.853,differs at 3 decimals
3G4alt,input t2m_raw (L file),2024-12-17,4.498,4.497,differs at 3 decimals
3G4alt,input t2m_raw (L file),2024-12-26,6.273,6.272,differs at 3 decimals
3G4alt,input t2m_raw (L file),2025-01-05,5.698,5.697,differs at 3 decimals
3G4alt,input t2m_raw (L file),2025-01-09,5.663,5.662,differs at 3 decimals
3G4alt,input t2m_raw (L file),2025-01-10,9.802,9.801,differs at 3 decimals
3G4alt,input t2m_raw (L file),2025-01-17,7.901,7.9,differs at 3 decimals
3G4alt,input t2m_raw (L file),2025-01-19,6.963,6.962,differs at 3 decimals
3G4alt,input t2m_raw (L file),2025-01-24,9.294,9.293,differs at 3 decimals
3G4alt,input t2m_raw (L file),2025-01-25,-2.671,-2.672,differs at 3 decimals
3G4alt,input t2m_raw (L file),2025-01-30,6.686,6.685,differs at 3 decimals
3G4alt,input t2m_raw (L file),2025-01-31,3.666,3.665,differs at 3 decimals
3G4alt,input t2m_raw (L file),2025-02-01,3.004,3.003,differs at 3 decimals
3G4alt,input t2m_raw (L file),2025-02-02,9.057,9.056,differs at 3 decimals
3G4alt,input t2m_raw (L file),2025-02-04,6.201,6.2,differs at 3 decimals
3G4alt,input t2m_raw (L file),2025-02-05,2.466,2.465,differs at 3 decimals
3G4alt,input t2m_raw (L file),2025-02-10,1.036,1.035,differs at 3 decimals
3G4alt,input t2m_raw (L file),2025-02-11,2.334,2.333,differs at 3 decimals
3G4alt,input t2m_raw (L file),2025-02-12,-0.48,-0.481,differs at 3 decimals
3G4alt,input t2m_raw (L file),2025-02-14,0.655,0.654,differs at 3 decimals
3G4alt,input t2m_raw (L file),2025-02-18,4.902,4.901,differs at 3 decimals
3G4alt,input t2m_raw (L file),2025-02-22,10.783,10.782,differs at 3 decimals
3G4alt,input t2m_raw (L file),2025-02-28,12.052,12.051,differs at 3 decimals
3G4alt,input t2m_raw (L file),2025-03-02,3.674,3.673,differs at 3 decimals
3G4alt,input t2m_raw (L file),2025-03-04,7.93,7.929,differs at 3 decimals
3G4alt,input t2m_raw (L file),2025-03-06,1.811,1.81,differs at 3 decimals
3G4alt,input t2m_raw (L file),2025-03-07,2.432,2.431,differs at 3 decimals
3G4alt,input t2m_raw (L file),2025-03-08,7.2,7.199,differs at 3 decimals
3G4alt,input t2m_raw (L file),2025-03-10,9.617,9.616,differs at 3 decimals
3G4alt,input t2m_raw (L file),2025-03-11,11.64,11.639,differs at 3 decimals
3G4alt,input t2m_raw (L file),2025-03-14,1.214,1.213,differs at 3 decimals
3G4alt,input t2m_raw (L file),2025-03-17,2.198,2.197,differs at 3 decimals
3G4alt,input t2m_raw (L file),2025-03-24,16.043,16.042,differs at 3 decimals
3G4alt,input t2m_raw (L file),2025-03-25,18.295,18.294,differs at 3 decimals
3G4alt,input t2m_raw (L file),2025-03-27,10.097,10.096,differs at 3 decimals
3G4alt,input t2m_raw (L file),2025-03-31,3.727,3.726,differs at 3 decimals
3G4alt,input t2m_raw (L file),2025-04-01,3.106,3.105,differs at 3 decimals
3G4alt,input t2m_raw (L file),2025-04-02,2.8,2.799,differs at 3 decimals
3G4alt,input t2m_raw (L file),2025-04-03,5.47,5.469,differs at 3 decimals
3G4alt,input t2m_raw (L file),2025-04-06,16.03,16.029,differs at 3 decimals
3G4alt,input t2m_raw (L file),2025-04-09,17.085,17.084,differs at 3 decimals
3G4alt,input t2m_raw (L file),2025-04-11,20.123,20.122,differs at 3 decimals
3G4alt,input t2m_raw (L file),2025-04-13,12.746,12.745,differs at 3 decimals
3G4alt,input t2m_raw (L file),2025-04-14,16.604,16.603,differs at 3 decimals
3G4alt,input t2m_raw (L file),2025-04-16,19.033,19.032,differs at 3 decimals
3G4alt,input t2m_raw (L file),2025-04-17,12.153,12.152,differs at 3 decimals
3G4alt,input t2m_raw (L file),2025-04-23,16.693,16.692,differs at 3 decimals
3G4alt,input t2m_raw (L file),2025-04-27,3.766,3.765,differs at 3 decimals
3G4alt,input t2m_raw (L file),2025-04-29,17.077,17.076,differs at 3 decimals
3G4alt,input t2m_raw (L file),2025-05-01,17.875,17.874,differs at 3 decimals
3G4alt,input t2m_raw (L file),2025-05-05,11.546,11.545,differs at 3 decimals
3G4alt,input t2m_raw (L file),2025-05-08,21.492,21.491,differs at 3 decimals
3G4alt,input t2m_raw (L file),2025-05-10,25.476,25.475,differs at 3 decimals
3G4alt,input t2m_raw (L file),2025-05-11,18.971,18.97,differs at 3 decimals
3G4alt,input t2m_raw (L file),2025-05-12,9.763,9.762,differs at 3 decimals
3G4alt,input t2m_raw (L file),2025-05-14,14.135,14.134,differs at 3 decimals
3G4alt,input t2m_raw (L file),2025-05-18,14.159,14.158,differs at 3 decimals
3G4alt,input t2m_raw (L file),2025-05-22,21.321,21.32,differs at 3 decimals
3G4alt,input t2m_raw (L file),2025-05-23,20.353,20.352,differs at 3 decimals
3G4alt,input t2m_raw (L file),2025-05-29,25.737,25.736,differs at 3 decimals
3G4alt,input t2m_raw (L file),2025-05-30,29.259,29.258,differs at 3 decimals
3G4alt,input t2m_raw (L file),2025-06-01,28.608,28.607,differs at 3 decimals
3G4alt,input t2m_raw (L file),2025-06-03,24.568,24.567,differs at 3 decimals
3G4alt,input t2m_raw (L file),2025-06-06,25.495,25.494,differs at 3 decimals
3G4alt,input t2m_raw (L file),2025-06-07,27.688,27.687,differs at 3 decimals
3G4alt,input t2m_raw (L file),2025-06-10,29.897,29.896,differs at 3 decimals
3G4alt,input t2m_raw (L file),2025-06-11,28.829,28.828,differs at 3 decimals
3G4alt,input t2m_raw (L file),2025-06-17,25.368,25.367,differs at 3 decimals
3G4alt,input t2m_raw (L file),2025-06-18,29.461,29.46,differs at 3 decimals
3G4alt,input t2m_raw (L file),2025-06-20,21.188,21.187,differs at 3 decimals
3G4alt,input t2m_raw (L file),2025-06-24,23.661,23.66,differs at 3 decimals
3G4alt,input t2m_raw (L file),2025-06-26,27.805,27.804,differs at 3 decimals
3G4alt,input t2m_raw (L file),2025-06-30,31.279,31.278,differs at 3 decimals
3G4alt,input t2m_raw (L file),2025-07-02,27.877,27.876,differs at 3 decimals
3G4alt,input t2m_raw (L file),2025-07-03,30.074,30.073,differs at 3 decimals
3G4alt,input t2m_raw (L file),2025-07-04,24.272,24.271,differs at 3 decimals
3G4alt,input t2m_raw (L file),2025-07-05,25.181,25.18,differs at 3 decimals
3G4alt,input t2m_raw (L file),2025-07-06,28.039,28.038,differs at 3 decimals
3G4alt,input t2m_raw (L file),2025-07-07,30.191,30.19,differs at 3 decimals
3G4alt,input t2m_raw (L file),2025-07-08,28.984,28.983,differs at 3 decimals
3G4alt,input t2m_raw (L file),2025-07-13,33.276,33.275,differs at 3 decimals
3G4alt,input t2m_raw (L file),2025-07-14,33.851,33.85,differs at 3 decimals
3G4alt,input t2m_raw (L file),2025-07-18,29.692,29.691,differs at 3 decimals
3G4alt,input t2m_raw (L file),2025-07-19,30.165,30.164,differs at 3 decimals
3G4alt,input t2m_raw (L file),2025-07-21,27.446,27.445,differs at 3 decimals
3G4alt,input t2m_raw (L file),2025-07-22,24.73,24.729,differs at 3 decimals
3G4alt,input t2m_raw (L file),2025-07-23,25.672,25.671,differs at 3 decimals
3G4alt,input t2m_raw (L file),2025-07-25,24.988,24.987,differs at 3 decimals
3G4alt,input t2m_raw (L file),2025-07-26,24.873,24.872,differs at 3 decimals
3G4alt,input t2m_raw (L file),2025-07-28,26.161,26.16,differs at 3 decimals
3G4alt,input t2m_raw (L file),2025-07-31,26.027,26.026,differs at 3 decimals
