month,asset,bytes,sha256,script_sha256,run_start_utc
2021-03,chunk_2021-03.meta.txt,1347,24686b60063f5a41441e79bb9780e85774cc21c4bcc9b436dc4fb7e7981af156,72c263b24b06d2e6ab8d1a9c9be3444ddc3ee1c4a8b2cf445556cbedddd1652e,2026-10-04T13:45:36Z
2021-03,gfs_points_2021-03.csv.gz,5187114,c5ec64c4e7205af5cbad594b6c8748babe3bd1a03c307e8e6dc7fae94d823490,72c263b24b06d2e6ab8d1a9c9be3444ddc3ee1c4a8b2cf445556cbedddd1652e,2026-10-04T13:45:36Z
2021-03,manifest_2021-03.csv.gz,214089,6a33b719a1aed523b75c34147f6e164136a4fb5687fdf34c69ea15b95bcf6000,72c263b24b06d2e6ab8d1a9c9be3444ddc3ee1c4a8b2cf445556cbedddd1652e,2026-10-04T13:45:36Z
2021-04,chunk_2021-04.meta.txt,1360,03db06e2c9878b4190b26f235b298d9ed2fa550f2edadec0902ab2899880292f,72c263b24b06d2e6ab8d1a9c9be3444ddc3ee1c4a8b2cf445556cbedddd1652e,2026-10-04T13:51:31Z
2021-04,gfs_points_2021-04.csv.gz,18266611,3c09962b0851ca9b9fd851ed437ef873d538dd62a7458671c2015a0f7b3b160f,72c263b24b06d2e6ab8d1a9c9be3444ddc3ee1c4a8b2cf445556cbedddd1652e,2026-10-04T13:51:31Z
2021-04,manifest_2021-04.csv.gz,763388,25b58899ca248360038a5e68aa389a195071ef76ca357ce37ccdedcea729cc08,72c263b24b06d2e6ab8d1a9c9be3444ddc3ee1c4a8b2cf445556cbedddd1652e,2026-10-04T13:51:31Z
2021-05,chunk_2021-05.meta.txt,1360,b315c615d6b6d78e3ebec69b8c94894c0fda9387e45537e6a0f40625acea75af,72c263b24b06d2e6ab8d1a9c9be3444ddc3ee1c4a8b2cf445556cbedddd1652e,2026-10-04T13:51:35Z
2021-05,gfs_points_2021-05.csv.gz,18971179,0dcf0f90f3fea0c294a03076c9d104a84b06476ae879246602803494377f2916,72c263b24b06d2e6ab8d1a9c9be3444ddc3ee1c4a8b2cf445556cbedddd1652e,2026-10-04T13:51:35Z
2021-05,manifest_2021-05.csv.gz,787823,a379b18fd186e1b85f838654b715a3d701d7d3ef47db1d2f93b003f0f41aea1f,72c263b24b06d2e6ab8d1a9c9be3444ddc3ee1c4a8b2cf445556cbedddd1652e,2026-10-04T13:51:35Z
2021-06,chunk_2021-06.meta.txt,1360,aea58be15962999d99a377fa82b6f6b56b7838f88569c0d58a1931183207f74e,72c263b24b06d2e6ab8d1a9c9be3444ddc3ee1c4a8b2cf445556cbedddd1652e,2026-10-04T13:51:32Z
2021-06,gfs_points_2021-06.csv.gz,18289859,304795a3157a6ecf7528b37f9f4f651028845a59a66270efc96e5076d289e40f,72c263b24b06d2e6ab8d1a9c9be3444ddc3ee1c4a8b2cf445556cbedddd1652e,2026-10-04T13:51:32Z
2021-06,manifest_2021-06.csv.gz,762001,241e2601b65092a261c615bbee6b3bb93fbecdfc985e20eaf308bc0b09ff95a8,72c263b24b06d2e6ab8d1a9c9be3444ddc3ee1c4a8b2cf445556cbedddd1652e,2026-10-04T13:51:32Z
2021-07,chunk_2021-07.meta.txt,1360,fdd73a8d98f1445d850819e4eca46dc7323aac734c5659b628b781157c2c8d24,72c263b24b06d2e6ab8d1a9c9be3444ddc3ee1c4a8b2cf445556cbedddd1652e,2026-10-04T13:51:32Z
2021-07,gfs_points_2021-07.csv.gz,18834234,1037e46a1a915caa1de6fafe9ecc1d21ddf81ebacd44fed1df786d5c3205a7f6,72c263b24b06d2e6ab8d1a9c9be3444ddc3ee1c4a8b2cf445556cbedddd1652e,2026-10-04T13:51:32Z
2021-07,manifest_2021-07.csv.gz,786807,76f582b1487aaa37c22f63fc6dcc719889aa2af96bb4d7625a4bb507cbf2b736,72c263b24b06d2e6ab8d1a9c9be3444ddc3ee1c4a8b2cf445556cbedddd1652e,2026-10-04T13:51:32Z
2021-08,chunk_2021-08.meta.txt,1360,f3921328a5316455e1422dd4e3271c540479b19745226c30a4e3c9e37a990c2b,72c263b24b06d2e6ab8d1a9c9be3444ddc3ee1c4a8b2cf445556cbedddd1652e,2026-10-04T13:57:37Z
2021-08,gfs_points_2021-08.csv.gz,18793153,a53c17e54eed478b59ebb5cc627ea4d8fbbf60abadfd60698c91323729fabc40,72c263b24b06d2e6ab8d1a9c9be3444ddc3ee1c4a8b2cf445556cbedddd1652e,2026-10-04T13:57:37Z
2021-08,manifest_2021-08.csv.gz,787478,3e9f6c00a6a2ee3a9dc0b86c9e3e8eafe8731e9c02d435c67d3cd5685bc41ae4,72c263b24b06d2e6ab8d1a9c9be3444ddc3ee1c4a8b2cf445556cbedddd1652e,2026-10-04T13:57:37Z
2021-09,chunk_2021-09.meta.txt,1360,b90ab3557b8d9f29c52cc501d72cfc25f0f4cabe97ba944f8e140d4eaed6651f,72c263b24b06d2e6ab8d1a9c9be3444ddc3ee1c4a8b2cf445556cbedddd1652e,2026-10-04T13:58:46Z
2021-09,gfs_points_2021-09.csv.gz,17961354,a867f58a78833e8069517c33b9ed37875829c860176cf4757cac3fb7a7a1a00a,72c263b24b06d2e6ab8d1a9c9be3444ddc3ee1c4a8b2cf445556cbedddd1652e,2026-10-04T13:58:46Z
2021-09,manifest_2021-09.csv.gz,763256,fb1c8ed4d69274e75131e6259267598114996c61bc5f1e5910dad360ea6032e2,72c263b24b06d2e6ab8d1a9c9be3444ddc3ee1c4a8b2cf445556cbedddd1652e,2026-10-04T13:58:46Z
2021-10,chunk_2021-10.meta.txt,1360,bd0ff6e27f045f107f61bc7b19828ea66b2796b7e22ac2841b59327bbd96c609,72c263b24b06d2e6ab8d1a9c9be3444ddc3ee1c4a8b2cf445556cbedddd1652e,2026-10-04T13:58:57Z
2021-10,gfs_points_2021-10.csv.gz,18925745,063b732ec8599bc42f81ee73b96a871b78dbb5946faebf9163dbaec72f773019,72c263b24b06d2e6ab8d1a9c9be3444ddc3ee1c4a8b2cf445556cbedddd1652e,2026-10-04T13:58:57Z
2021-10,manifest_2021-10.csv.gz,788200,c08c0304cad74c825a9bf7a31947cece0642c7ea726efc895e5ea50bca6ba8ef,72c263b24b06d2e6ab8d1a9c9be3444ddc3ee1c4a8b2cf445556cbedddd1652e,2026-10-04T13:58:57Z
2021-11,chunk_2021-11.meta.txt,1360,8a9a70c94753aec397dd1ab0c4b97d27d6536126b25fc72d0b481cedf664552a,72c263b24b06d2e6ab8d1a9c9be3444ddc3ee1c4a8b2cf445556cbedddd1652e,2026-10-04T13:59:11Z
2021-11,gfs_points_2021-11.csv.gz,19107962,56d65466a2a8a089a8718698c54b71750eaf334cb04c77ad0740f23af306e2f8,72c263b24b06d2e6ab8d1a9c9be3444ddc3ee1c4a8b2cf445556cbedddd1652e,2026-10-04T13:59:11Z
2021-11,manifest_2021-11.csv.gz,760704,05ba9eba2b34ff4a7c0d08f1ba6ca8f13a08fa40e405c7b778cdc501839ea038,72c263b24b06d2e6ab8d1a9c9be3444ddc3ee1c4a8b2cf445556cbedddd1652e,2026-10-04T13:59:11Z
2021-12,chunk_2021-12.meta.txt,1360,f62fa7b836b762eb6c8df392246265bb398722ad666afa700d265ae791e8b052,72c263b24b06d2e6ab8d1a9c9be3444ddc3ee1c4a8b2cf445556cbedddd1652e,2026-10-04T14:05:03Z
2021-12,gfs_points_2021-12.csv.gz,19847141,598fef135df3dcd6c592777866b4e56ab56b7a9b3a82c076a441dac502c3d88c,72c263b24b06d2e6ab8d1a9c9be3444ddc3ee1c4a8b2cf445556cbedddd1652e,2026-10-04T14:05:03Z
2021-12,manifest_2021-12.csv.gz,785535,b760f8ebdfc957eac18a189b1fd538b71e981b961cfa9621e6b9a06b3c7ac06c,72c263b24b06d2e6ab8d1a9c9be3444ddc3ee1c4a8b2cf445556cbedddd1652e,2026-10-04T14:05:03Z
2022-01,chunk_2022-01.meta.txt,1360,9bf877998057505812a4ea38cdf6e432716d5a7159e29c0954c815f676a1db4e,72c263b24b06d2e6ab8d1a9c9be3444ddc3ee1c4a8b2cf445556cbedddd1652e,2026-10-03T18:26:55Z
2022-01,gfs_points_2022-01.csv.gz,19850481,e9d9d885cc918073c0c788371dc275e5719f5369077b0d78374efd9ca8ece130,72c263b24b06d2e6ab8d1a9c9be3444ddc3ee1c4a8b2cf445556cbedddd1652e,2026-10-03T18:26:55Z
2022-01,manifest_2022-01.csv.gz,786619,4789354a079b59b19970da515699cd4d29e4dbe19daa8962893ebbe99b570ff1,72c263b24b06d2e6ab8d1a9c9be3444ddc3ee1c4a8b2cf445556cbedddd1652e,2026-10-03T18:26:55Z
2022-02,chunk_2022-02.meta.txt,1360,c0848a6f96d68bfa11afd9152217045f00c236ddaa00ad2829b95d39379ebd2e,72c263b24b06d2e6ab8d1a9c9be3444ddc3ee1c4a8b2cf445556cbedddd1652e,2026-10-04T14:06:07Z
2022-02,gfs_points_2022-02.csv.gz,17875842,c44dae3c2865fdb0e31a7a3d877e654bea1145c20fc60ecdd08e429573a38a97,72c263b24b06d2e6ab8d1a9c9be3444ddc3ee1c4a8b2cf445556cbedddd1652e,2026-10-04T14:06:07Z
2022-02,manifest_2022-02.csv.gz,711306,976569a2555a9767de415ae69e1a68f165a13cdc201775c25411eb6e9b988c4b,72c263b24b06d2e6ab8d1a9c9be3444ddc3ee1c4a8b2cf445556cbedddd1652e,2026-10-04T14:06:07Z
2022-03,chunk_2022-03.meta.txt,1360,44010e9dc5f6e3d5172db46982bdf620913e69fe4d07a14aa56704cf0eddd7cf,72c263b24b06d2e6ab8d1a9c9be3444ddc3ee1c4a8b2cf445556cbedddd1652e,2026-10-04T14:06:45Z
2022-03,gfs_points_2022-03.csv.gz,19165007,a307126840570b8cc9f4f521229d2ffe1a7f4afe4018ac03b15857f0fd1f542e,72c263b24b06d2e6ab8d1a9c9be3444ddc3ee1c4a8b2cf445556cbedddd1652e,2026-10-04T14:06:45Z
2022-03,manifest_2022-03.csv.gz,789076,204013b04d3f30e1905f5f74606a2e0a55f10a6b747fd22add12a5f1dbf30510,72c263b24b06d2e6ab8d1a9c9be3444ddc3ee1c4a8b2cf445556cbedddd1652e,2026-10-04T14:06:45Z
2022-04,chunk_2022-04.meta.txt,1360,549506de0fb4629306edc3d7b79e1c270986a98b55eda7cbcfa3e777ec14f5c2,72c263b24b06d2e6ab8d1a9c9be3444ddc3ee1c4a8b2cf445556cbedddd1652e,2026-10-04T14:07:25Z
2022-04,gfs_points_2022-04.csv.gz,18172078,6b36196b751361158ddfabf036538bf85efb2682e31a8400b1c1b3b8dfde63f9,72c263b24b06d2e6ab8d1a9c9be3444ddc3ee1c4a8b2cf445556cbedddd1652e,2026-10-04T14:07:25Z
2022-04,manifest_2022-04.csv.gz,763455,c28a7c5635521e30bb8666dd76a2b64882b16c07742a9cb10d45dd8db6e42de6,72c263b24b06d2e6ab8d1a9c9be3444ddc3ee1c4a8b2cf445556cbedddd1652e,2026-10-04T14:07:25Z
2022-05,chunk_2022-05.meta.txt,1360,9a60e2b19e09edc544c000adddd6b9cfbabbcdc3a16b160ecb221f4299e9e585,72c263b24b06d2e6ab8d1a9c9be3444ddc3ee1c4a8b2cf445556cbedddd1652e,2026-10-04T14:10:36Z
2022-05,gfs_points_2022-05.csv.gz,18955506,d9a6bf9480a32185a136878c12181a07c05a169247b4364629b1a38a06889d2c,72c263b24b06d2e6ab8d1a9c9be3444ddc3ee1c4a8b2cf445556cbedddd1652e,2026-10-04T14:10:36Z
2022-05,manifest_2022-05.csv.gz,788100,ba6718df04192a91cad85551743112e7fa25537b06281ab5a7bd1e039504037d,72c263b24b06d2e6ab8d1a9c9be3444ddc3ee1c4a8b2cf445556cbedddd1652e,2026-10-04T14:10:36Z
2022-06,chunk_2022-06.meta.txt,1360,6f7ddea0817dca72bef4fc9d8ff3d648c2a5a5bcacb9f062ab4e2ef780ba5a98,72c263b24b06d2e6ab8d1a9c9be3444ddc3ee1c4a8b2cf445556cbedddd1652e,2026-10-04T14:13:07Z
2022-06,gfs_points_2022-06.csv.gz,18401804,05ad1dc7d8f3d3b2484d7ca14ddd94760202c9d0da47fa954081bdc978b163e7,72c263b24b06d2e6ab8d1a9c9be3444ddc3ee1c4a8b2cf445556cbedddd1652e,2026-10-04T14:13:07Z
2022-06,manifest_2022-06.csv.gz,762157,33690357e4fc4801c4ce77cfb27b5f4fa7814a3e2e47da0c642bb824dae10258,72c263b24b06d2e6ab8d1a9c9be3444ddc3ee1c4a8b2cf445556cbedddd1652e,2026-10-04T14:13:07Z
2022-07,chunk_2022-07.meta.txt,1360,fe0a77d3292136166be93a83aac24f9eab03f7f320dd585d0fb2b656dcb7521f,72c263b24b06d2e6ab8d1a9c9be3444ddc3ee1c4a8b2cf445556cbedddd1652e,2026-10-04T14:13:15Z
2022-07,gfs_points_2022-07.csv.gz,18995965,95e52a9e668e299231988ebbdf4f463a5121a9be585ecb7ceb3d4a5849a4daff,72c263b24b06d2e6ab8d1a9c9be3444ddc3ee1c4a8b2cf445556cbedddd1652e,2026-10-04T14:13:15Z
2022-07,manifest_2022-07.csv.gz,787544,f103f1357bae59f4dae9a983e2fe48cce3fa0730ca386f2eee9e606b85e6e7cd,72c263b24b06d2e6ab8d1a9c9be3444ddc3ee1c4a8b2cf445556cbedddd1652e,2026-10-04T14:13:15Z
2022-08,chunk_2022-08.meta.txt,1360,fbf4f857c29d41455e0f3704de46df57dcd224a8efd9f350983d811193525b58,72c263b24b06d2e6ab8d1a9c9be3444ddc3ee1c4a8b2cf445556cbedddd1652e,2026-10-04T14:14:11Z
2022-08,gfs_points_2022-08.csv.gz,18793086,edb0aeb05a3cb4144ae70965b7f84466b9111478673af454905a3125ec90b3e7,72c263b24b06d2e6ab8d1a9c9be3444ddc3ee1c4a8b2cf445556cbedddd1652e,2026-10-04T14:14:11Z
2022-08,manifest_2022-08.csv.gz,787809,bb3cce6229f506f0371bf9db771900d9a1efd625395d0f5db9f188cd1934f2c0,72c263b24b06d2e6ab8d1a9c9be3444ddc3ee1c4a8b2cf445556cbedddd1652e,2026-10-04T14:14:11Z
2022-09,chunk_2022-09.meta.txt,1360,e0925bb9aadf783cecb52cf22490d17e8450a2bcffadf55b24a85f1f144a5dd5,72c263b24b06d2e6ab8d1a9c9be3444ddc3ee1c4a8b2cf445556cbedddd1652e,2026-10-04T14:18:45Z
2022-09,gfs_points_2022-09.csv.gz,17917592,6adcffa78621d3ceaf7fb18a83265fbe1e64caf550c8830ba51f09fcba094a2c,72c263b24b06d2e6ab8d1a9c9be3444ddc3ee1c4a8b2cf445556cbedddd1652e,2026-10-04T14:18:45Z
2022-09,manifest_2022-09.csv.gz,764032,8d3a6daba454e0cd827273051d271acc59ac923c73907e65d73cf32ea5b9d177,72c263b24b06d2e6ab8d1a9c9be3444ddc3ee1c4a8b2cf445556cbedddd1652e,2026-10-04T14:18:45Z
2022-10,chunk_2022-10.meta.txt,1360,12a7ebd425d53e9f9cd33c00e3f4764ea39b37d8f1ed0715c07d3f5c8926aba9,72c263b24b06d2e6ab8d1a9c9be3444ddc3ee1c4a8b2cf445556cbedddd1652e,2026-10-04T14:19:45Z
2022-10,gfs_points_2022-10.csv.gz,19041760,0eff22859c5ed3d4ec53f346057b8d2a8dd5efbe0d4901e12fe1ae8520575e4b,72c263b24b06d2e6ab8d1a9c9be3444ddc3ee1c4a8b2cf445556cbedddd1652e,2026-10-04T14:19:45Z
2022-10,manifest_2022-10.csv.gz,788208,e2873dba597001fb4f5950473abf9443cefe22ef3071e7e0c0d009e68d1c6ddd,72c263b24b06d2e6ab8d1a9c9be3444ddc3ee1c4a8b2cf445556cbedddd1652e,2026-10-04T14:19:45Z
2022-11,chunk_2022-11.meta.txt,4668,b590863025b9128b1c07d4f62568a111318d8f6e93ed13de0ac9376d91fcb0d2,b52ffc2ee741853079aa8cb7b63850645fb93974a6e4f39d7f20fb212a432f1f,2026-10-05T18:08:33Z
2022-11,gfs_points_2022-11.csv.gz,19044805,87a5d6bf4b88c62dbe3e7d27b1f7f4a489b9726e8bcd7b2259d840a669eb4446,b52ffc2ee741853079aa8cb7b63850645fb93974a6e4f39d7f20fb212a432f1f,2026-10-05T18:08:33Z
2022-11,manifest_2022-11.csv.gz,762130,938f5807e0cb873d7bd5c641f23f104e406d231c0cb4a94b923520cc12cb306a,b52ffc2ee741853079aa8cb7b63850645fb93974a6e4f39d7f20fb212a432f1f,2026-10-05T18:08:33Z
2022-12,chunk_2022-12.meta.txt,1360,2038cf7f3ed8f04cb8071ff5fefc8ef4fea4f9e4d1e32f187bcb59a8a3f4cd6b,72c263b24b06d2e6ab8d1a9c9be3444ddc3ee1c4a8b2cf445556cbedddd1652e,2026-10-04T14:21:31Z
2022-12,gfs_points_2022-12.csv.gz,19763076,a893a4ed0c63c49f18045d34a2a376c2f5ad50450e3124bd36d252bdd52bd29f,72c263b24b06d2e6ab8d1a9c9be3444ddc3ee1c4a8b2cf445556cbedddd1652e,2026-10-04T14:21:31Z
2022-12,manifest_2022-12.csv.gz,785765,3a5a409cf8056630f8b4fd88a2d1dd03f0dfaf73ef7e544cccf4fee5d15a7263,72c263b24b06d2e6ab8d1a9c9be3444ddc3ee1c4a8b2cf445556cbedddd1652e,2026-10-04T14:21:31Z
2023-01,chunk_2023-01.meta.txt,1360,d8dfa0a90a1caa1269836ae5ec223f892baaf0ab46413d70a8f3011f8edd3249,72c263b24b06d2e6ab8d1a9c9be3444ddc3ee1c4a8b2cf445556cbedddd1652e,2026-10-04T14:26:09Z
2023-01,gfs_points_2023-01.csv.gz,19277357,8da4c4865168eddf3a7f7c6fde6133c90bdad10e2ba1c5aef7e51d1ef3b42653,72c263b24b06d2e6ab8d1a9c9be3444ddc3ee1c4a8b2cf445556cbedddd1652e,2026-10-04T14:26:09Z
2023-01,manifest_2023-01.csv.gz,786354,69b2bca7ca5c371902a2797f303af4d8df84c611811477ab662d8c837f5d7947,72c263b24b06d2e6ab8d1a9c9be3444ddc3ee1c4a8b2cf445556cbedddd1652e,2026-10-04T14:26:09Z
2023-02,chunk_2023-02.meta.txt,1360,c7731e120fc23391677523617ac7a06b476117e84888a09d38e382d6f542c0ce,72c263b24b06d2e6ab8d1a9c9be3444ddc3ee1c4a8b2cf445556cbedddd1652e,2026-10-04T14:26:15Z
2023-02,gfs_points_2023-02.csv.gz,17743444,e8429b08f86e7fef84576211b13bc10e5310ea5dcb6889f70ca2f72467826d33,72c263b24b06d2e6ab8d1a9c9be3444ddc3ee1c4a8b2cf445556cbedddd1652e,2026-10-04T14:26:15Z
2023-02,manifest_2023-02.csv.gz,711452,3b78b539e8be721b60c18774eb2d14a1a0cd556df7af05f670091cf15461ccbf,72c263b24b06d2e6ab8d1a9c9be3444ddc3ee1c4a8b2cf445556cbedddd1652e,2026-10-04T14:26:15Z
2023-03,chunk_2023-03.meta.txt,1360,9c3083ddb7548bad6437867ac413dc6ef472903b62145c39ed05d361356d2e24,72c263b24b06d2e6ab8d1a9c9be3444ddc3ee1c4a8b2cf445556cbedddd1652e,2026-10-04T14:29:08Z
2023-03,gfs_points_2023-03.csv.gz,19151593,98a81205b0d75f9902d914cdba3071c65673f561842a833d2cb997801ee20cbf,72c263b24b06d2e6ab8d1a9c9be3444ddc3ee1c4a8b2cf445556cbedddd1652e,2026-10-04T14:29:08Z
2023-03,manifest_2023-03.csv.gz,789548,a5c48f985611c296e1e7228cc02ea80aba5891f179756d05c97235aadbc57f23,72c263b24b06d2e6ab8d1a9c9be3444ddc3ee1c4a8b2cf445556cbedddd1652e,2026-10-04T14:29:08Z
2023-04,chunk_2023-04.meta.txt,1360,e41b10e8a236feb39c3d919955dcd21d76544e096e999e44e14671a9f4a78253,72c263b24b06d2e6ab8d1a9c9be3444ddc3ee1c4a8b2cf445556cbedddd1652e,2026-10-04T14:29:11Z
2023-04,gfs_points_2023-04.csv.gz,18418712,560fa4cdb7a20b47f800369974ca25fbe578ef0efc141c95ebbd08f770c28c55,72c263b24b06d2e6ab8d1a9c9be3444ddc3ee1c4a8b2cf445556cbedddd1652e,2026-10-04T14:29:11Z
2023-04,manifest_2023-04.csv.gz,763964,9ddfec0f0030e8c86af7173a0a42c3509581318a153ee60a6fb6e153b2786fe5,72c263b24b06d2e6ab8d1a9c9be3444ddc3ee1c4a8b2cf445556cbedddd1652e,2026-10-04T14:29:11Z
2023-05,chunk_2023-05.meta.txt,1360,a9d0808fa58533fd8519acfba7d39b07578145139f324a07790872cc09c65ddc,72c263b24b06d2e6ab8d1a9c9be3444ddc3ee1c4a8b2cf445556cbedddd1652e,2026-10-04T14:33:01Z
2023-05,gfs_points_2023-05.csv.gz,18832354,7d3de60c04ce442e17a5848515461e63b31dd5b471b37de4547b5e34fb9343ca,72c263b24b06d2e6ab8d1a9c9be3444ddc3ee1c4a8b2cf445556cbedddd1652e,2026-10-04T14:33:01Z
2023-05,manifest_2023-05.csv.gz,788472,ea287c76e226ee17de01561ae35048a5e486ea64da0094a76031e2dca6359d27,72c263b24b06d2e6ab8d1a9c9be3444ddc3ee1c4a8b2cf445556cbedddd1652e,2026-10-04T14:33:01Z
2023-06,chunk_2023-06.meta.txt,1360,a8e4cda6d6336b9d9c1a8580aa17a2141d06eb48aab99f4c173126589fad3152,72c263b24b06d2e6ab8d1a9c9be3444ddc3ee1c4a8b2cf445556cbedddd1652e,2026-10-04T14:33:49Z
2023-06,gfs_points_2023-06.csv.gz,18407187,3b40f93bba06c9ef215ba4885c22e46107ab3c78f62b9013c28c6c64984f8d0a,72c263b24b06d2e6ab8d1a9c9be3444ddc3ee1c4a8b2cf445556cbedddd1652e,2026-10-04T14:33:49Z
2023-06,manifest_2023-06.csv.gz,763149,b707d298fa76521d8a522c23363a2f0cc3b305951509313fd293ec9b40ffc39e,72c263b24b06d2e6ab8d1a9c9be3444ddc3ee1c4a8b2cf445556cbedddd1652e,2026-10-04T14:33:49Z
2023-07,chunk_2023-07.meta.txt,1360,484694089ae4ea12db201f710ecb05678e7605dceef26b0466b62558b33b18e4,72c263b24b06d2e6ab8d1a9c9be3444ddc3ee1c4a8b2cf445556cbedddd1652e,2026-10-04T14:35:04Z
2023-07,gfs_points_2023-07.csv.gz,18885816,11dda6ffe31760dedb0131e550d8b46953bbb748082f6929fbc29f2484c1c4ad,72c263b24b06d2e6ab8d1a9c9be3444ddc3ee1c4a8b2cf445556cbedddd1652e,2026-10-04T14:35:04Z
2023-07,manifest_2023-07.csv.gz,787943,934d1eecc4ec2190388bb8e8de68d5b33118196775b243e098efad1e43320681,72c263b24b06d2e6ab8d1a9c9be3444ddc3ee1c4a8b2cf445556cbedddd1652e,2026-10-04T14:35:04Z
2023-08,chunk_2023-08.meta.txt,1360,d6a5d965893b58891bcf8d64282152017877e538e6a0da3a3f504292c55d3a9d,72c263b24b06d2e6ab8d1a9c9be3444ddc3ee1c4a8b2cf445556cbedddd1652e,2026-10-04T14:36:57Z
2023-08,gfs_points_2023-08.csv.gz,18811085,bba6b5268fadf855da135a17fb3ef4f615fc665ec0ca191246ec4cbc9f6e421f,72c263b24b06d2e6ab8d1a9c9be3444ddc3ee1c4a8b2cf445556cbedddd1652e,2026-10-04T14:36:57Z
2023-08,manifest_2023-08.csv.gz,789424,f577decd34149d2a068be372c81d73b5bba2cbb21f2994d54ec496c32aa12ec5,72c263b24b06d2e6ab8d1a9c9be3444ddc3ee1c4a8b2cf445556cbedddd1652e,2026-10-04T14:36:57Z
2023-09,chunk_2023-09.meta.txt,1360,1d3e8ae5bc008984973d50ff3014a0c569da0877d5cbc0d5467e3637693dc8ac,72c263b24b06d2e6ab8d1a9c9be3444ddc3ee1c4a8b2cf445556cbedddd1652e,2026-10-04T14:40:44Z
2023-09,gfs_points_2023-09.csv.gz,18110141,8d075b490fafce32ffb33be63ea9780f10813bb3d363dfac4c4222a524deaa5b,72c263b24b06d2e6ab8d1a9c9be3444ddc3ee1c4a8b2cf445556cbedddd1652e,2026-10-04T14:40:44Z
2023-09,manifest_2023-09.csv.gz,763048,f5cfe81bacbee049ed1b32435e61c12469d09143602df8eccb4c929f22607980,72c263b24b06d2e6ab8d1a9c9be3444ddc3ee1c4a8b2cf445556cbedddd1652e,2026-10-04T14:40:44Z
2023-10,chunk_2023-10.meta.txt,1360,1249a3633a1ed07a3a14141654cfe0ac803951bfe23c243a1d3e4904f0c141d1,72c263b24b06d2e6ab8d1a9c9be3444ddc3ee1c4a8b2cf445556cbedddd1652e,2026-10-04T14:41:12Z
2023-10,gfs_points_2023-10.csv.gz,18766336,b3b58db3c50a82a3a757be5ca4a38561eadcadedf380b66029e4763f4c24cc55,72c263b24b06d2e6ab8d1a9c9be3444ddc3ee1c4a8b2cf445556cbedddd1652e,2026-10-04T14:41:12Z
2023-10,manifest_2023-10.csv.gz,789372,9fc9bb9a2b622ceb53ee612edaa3e04cb57c5ae559a71de44f0f6164c3be79ce,72c263b24b06d2e6ab8d1a9c9be3444ddc3ee1c4a8b2cf445556cbedddd1652e,2026-10-04T14:41:12Z
2023-11,chunk_2023-11.meta.txt,1360,c5b5f513784c2439e7fa2eff51b096cb18770eb0b239c38934497530399f4dd5,72c263b24b06d2e6ab8d1a9c9be3444ddc3ee1c4a8b2cf445556cbedddd1652e,2026-10-04T14:42:32Z
2023-11,gfs_points_2023-11.csv.gz,19061486,c909b6f9d8510ea14e724cf50a7bfcf394d6019834406d0a7b3b777722d23a06,72c263b24b06d2e6ab8d1a9c9be3444ddc3ee1c4a8b2cf445556cbedddd1652e,2026-10-04T14:42:32Z
2023-11,manifest_2023-11.csv.gz,761271,4d6e73045748d6e59f94c69935aef989a782ab644a91eeac03fc71af6a6f7f10,72c263b24b06d2e6ab8d1a9c9be3444ddc3ee1c4a8b2cf445556cbedddd1652e,2026-10-04T14:42:32Z
2023-12,chunk_2023-12.meta.txt,1360,29339778e2811a1e9c70d165f9c8e624341b13291e2fa89a6dbd062f7f1102c0,72c263b24b06d2e6ab8d1a9c9be3444ddc3ee1c4a8b2cf445556cbedddd1652e,2026-10-04T14:44:47Z
2023-12,gfs_points_2023-12.csv.gz,19550025,26cb9632a66c174b571e12cde8654c60009815b23512995f246cdb964ccde458,72c263b24b06d2e6ab8d1a9c9be3444ddc3ee1c4a8b2cf445556cbedddd1652e,2026-10-04T14:44:47Z
2023-12,manifest_2023-12.csv.gz,787337,fe15dd47877360b324d9600b9a7ec9536e6884b256fd01b792e2ecc67329cd82,72c263b24b06d2e6ab8d1a9c9be3444ddc3ee1c4a8b2cf445556cbedddd1652e,2026-10-04T14:44:47Z
2024-01,chunk_2024-01.meta.txt,1360,caa659ea9732f3e5f7f51cb0ae2ffdc1d6392369ca10cee795cb01f9a92cde39,72c263b24b06d2e6ab8d1a9c9be3444ddc3ee1c4a8b2cf445556cbedddd1652e,2026-10-04T14:48:01Z
2024-01,gfs_points_2024-01.csv.gz,19730266,4e82c22f02deef61f7df0376344498eb08b3dbe69c7bf6e88ff3c735df82583e,72c263b24b06d2e6ab8d1a9c9be3444ddc3ee1c4a8b2cf445556cbedddd1652e,2026-10-04T14:48:01Z
2024-01,manifest_2024-01.csv.gz,787588,01bf358892d51916436842e1204df2ba9785f8e7c9f847fef2e65de6e4ba54b4,72c263b24b06d2e6ab8d1a9c9be3444ddc3ee1c4a8b2cf445556cbedddd1652e,2026-10-04T14:48:01Z
2024-02,chunk_2024-02.meta.txt,1360,0e9bba54abccd46eefe8bcf862b5f4a3b1fc2e5819d7071cebabfac0425ac82e,72c263b24b06d2e6ab8d1a9c9be3444ddc3ee1c4a8b2cf445556cbedddd1652e,2026-10-04T14:48:45Z
2024-02,gfs_points_2024-02.csv.gz,18379345,b7a7344731df788ad9e4970e2c132ada07c4369cd1ba21ee832444117d1ad335,72c263b24b06d2e6ab8d1a9c9be3444ddc3ee1c4a8b2cf445556cbedddd1652e,2026-10-04T14:48:45Z
2024-02,manifest_2024-02.csv.gz,736793,7ae6805f82ff1120e725e50ca68136a4a3133216f6ac85283d726ab1aebc6b00,72c263b24b06d2e6ab8d1a9c9be3444ddc3ee1c4a8b2cf445556cbedddd1652e,2026-10-04T14:48:45Z
2024-03,chunk_2024-03.meta.txt,1360,537b79ae517e2f773b8caad7c7854fd12fb9961812fc8525d6bb4b7040ee4c5a,72c263b24b06d2e6ab8d1a9c9be3444ddc3ee1c4a8b2cf445556cbedddd1652e,2026-10-04T14:49:35Z
2024-03,gfs_points_2024-03.csv.gz,18979596,05d4b627cf3595a47819d1d87c9228e5ded749b7155053eaf01911290c1b7e67,72c263b24b06d2e6ab8d1a9c9be3444ddc3ee1c4a8b2cf445556cbedddd1652e,2026-10-04T14:49:35Z
2024-03,manifest_2024-03.csv.gz,790518,79454d1f0577548442c9d96e41645cb0bc9ac91e7ccbaf52e1d9fb64146b050b,72c263b24b06d2e6ab8d1a9c9be3444ddc3ee1c4a8b2cf445556cbedddd1652e,2026-10-04T14:49:35Z
2024-04,chunk_2024-04.meta.txt,1360,0e48211af09681d0602ead24b246717daa5506a74e7ffcee0d125c5e2d045226,72c263b24b06d2e6ab8d1a9c9be3444ddc3ee1c4a8b2cf445556cbedddd1652e,2026-10-04T14:52:46Z
2024-04,gfs_points_2024-04.csv.gz,18241907,d4402be17d7cf2a5b021fdea502bd18f9ccd99e9f6deacd9e0e274bf1a3e28f1,72c263b24b06d2e6ab8d1a9c9be3444ddc3ee1c4a8b2cf445556cbedddd1652e,2026-10-04T14:52:46Z
2024-04,manifest_2024-04.csv.gz,763732,a0a55165016aa65062427062ec578879607681f0d2b74090b187ef84f61135c4,72c263b24b06d2e6ab8d1a9c9be3444ddc3ee1c4a8b2cf445556cbedddd1652e,2026-10-04T14:52:46Z
2024-05,chunk_2024-05.meta.txt,1360,719c805bb3f365aa83624f8ef7e19f6fbec6ef95296f2ca79379050a252e2291,72c263b24b06d2e6ab8d1a9c9be3444ddc3ee1c4a8b2cf445556cbedddd1652e,2026-10-04T14:53:46Z
2024-05,gfs_points_2024-05.csv.gz,18975477,51aaf77d49fd376f585ab1c0bbb274f26a80f919316c31244f373c9ed8eea0d9,72c263b24b06d2e6ab8d1a9c9be3444ddc3ee1c4a8b2cf445556cbedddd1652e,2026-10-04T14:53:46Z
2024-05,manifest_2024-05.csv.gz,788142,79a63b8d4862afef52f7a2cd3ffa59e6ba6b01a6ba4afc3b6eefee29f276e1f7,72c263b24b06d2e6ab8d1a9c9be3444ddc3ee1c4a8b2cf445556cbedddd1652e,2026-10-04T14:53:46Z
2024-06,chunk_2024-06.meta.txt,1360,bc964053345fefe5a9d0c3c7e61736dda438ef581f220aaa303f3169ded1cf47,72c263b24b06d2e6ab8d1a9c9be3444ddc3ee1c4a8b2cf445556cbedddd1652e,2026-10-04T14:54:33Z
2024-06,gfs_points_2024-06.csv.gz,18337958,33e72b73b354e725dc0022920775ea228fba6b38b02ed00870b0252f4eeae634,72c263b24b06d2e6ab8d1a9c9be3444ddc3ee1c4a8b2cf445556cbedddd1652e,2026-10-04T14:54:33Z
2024-06,manifest_2024-06.csv.gz,761702,ced3383b4a32a2177cfacb9d338ddce661c9065f381f8ef2c81bb479c35eb8b8,72c263b24b06d2e6ab8d1a9c9be3444ddc3ee1c4a8b2cf445556cbedddd1652e,2026-10-04T14:54:33Z
2024-07,chunk_2024-07.meta.txt,1360,5501a1481c1362cd0de97890c465292c724c6074b987aacee07fc277d2304769,72c263b24b06d2e6ab8d1a9c9be3444ddc3ee1c4a8b2cf445556cbedddd1652e,2026-10-04T14:55:26Z
2024-07,gfs_points_2024-07.csv.gz,18901245,f1ff2e073e429325aa5cc521b95a7b7b0e677a140f417a56726bf52e0e8ae823,72c263b24b06d2e6ab8d1a9c9be3444ddc3ee1c4a8b2cf445556cbedddd1652e,2026-10-04T14:55:26Z
2024-07,manifest_2024-07.csv.gz,787886,49aac3af20ea298357f05e5dfaf7ebc190d47da1194a23dd47f72158c10a3873,72c263b24b06d2e6ab8d1a9c9be3444ddc3ee1c4a8b2cf445556cbedddd1652e,2026-10-04T14:55:26Z
2024-08,chunk_2024-08.meta.txt,1360,1a820e2220bbb52d0674ea19cb157c9e3260900de0c267b277fb55cd5d9d45ea,72c263b24b06d2e6ab8d1a9c9be3444ddc3ee1c4a8b2cf445556cbedddd1652e,2026-10-04T14:59:55Z
2024-08,gfs_points_2024-08.csv.gz,18897588,e3c8695ceab01985d96aa72f65411a64f5b03118db73545bd6d8093412e78016,72c263b24b06d2e6ab8d1a9c9be3444ddc3ee1c4a8b2cf445556cbedddd1652e,2026-10-04T14:59:55Z
2024-08,manifest_2024-08.csv.gz,787194,c3201e83d1780657699c1676d16e61c5c7babe43a946af5ae8f8e3dc429e0b2f,72c263b24b06d2e6ab8d1a9c9be3444ddc3ee1c4a8b2cf445556cbedddd1652e,2026-10-04T14:59:55Z
2024-09,chunk_2024-09.meta.txt,1360,745f0800df58e965519d36470c80396326f9fc2b666b9b4de63c65d1cfd1faae,72c263b24b06d2e6ab8d1a9c9be3444ddc3ee1c4a8b2cf445556cbedddd1652e,2026-10-04T15:01:18Z
2024-09,gfs_points_2024-09.csv.gz,18036089,18ed25019f1148b638ab995e2c7a169e29c737fe6c6090ab71bc56cec1357982,72c263b24b06d2e6ab8d1a9c9be3444ddc3ee1c4a8b2cf445556cbedddd1652e,2026-10-04T15:01:18Z
2024-09,manifest_2024-09.csv.gz,762293,a477a7b2ac48f95d7a0188486ca1768478986bf422176b7e3828a340cabe54d5,72c263b24b06d2e6ab8d1a9c9be3444ddc3ee1c4a8b2cf445556cbedddd1652e,2026-10-04T15:01:18Z
2024-10,chunk_2024-10.meta.txt,1360,851e604f712d11aac7f425c5c603929ab00d560d7ff64d6caec54156934b1ac4,72c263b24b06d2e6ab8d1a9c9be3444ddc3ee1c4a8b2cf445556cbedddd1652e,2026-10-04T15:02:12Z
2024-10,gfs_points_2024-10.csv.gz,18928170,b111b2051a5e608141d52201e0c0ddac0aad4b611b4da15a6b07f73029ef1ee5,72c263b24b06d2e6ab8d1a9c9be3444ddc3ee1c4a8b2cf445556cbedddd1652e,2026-10-04T15:02:12Z
2024-10,manifest_2024-10.csv.gz,788698,3ce0d76268f8f386d9b827206886bf2ddd6bf5f78a50bc1bf11b1ed3a0bc51a3,72c263b24b06d2e6ab8d1a9c9be3444ddc3ee1c4a8b2cf445556cbedddd1652e,2026-10-04T15:02:12Z
2024-11,chunk_2024-11.meta.txt,1360,bb383c770c3216c61a28028f767c6262061d8357bd8c5af01f6def9566d4a43d,72c263b24b06d2e6ab8d1a9c9be3444ddc3ee1c4a8b2cf445556cbedddd1652e,2026-10-04T15:03:38Z
2024-11,gfs_points_2024-11.csv.gz,19074441,4f18c13709836e7e2b57b5ae115eaa94f8f8cbdcf14e8c7fddef23191c3787b2,72c263b24b06d2e6ab8d1a9c9be3444ddc3ee1c4a8b2cf445556cbedddd1652e,2026-10-04T15:03:38Z
2024-11,manifest_2024-11.csv.gz,761861,c201eb27658be3f2c66c4cdce8e3008f455869b04dcde3407d4d731138a2ca50,72c263b24b06d2e6ab8d1a9c9be3444ddc3ee1c4a8b2cf445556cbedddd1652e,2026-10-04T15:03:38Z
2024-12,chunk_2024-12.meta.txt,1360,c884eb3f83c68b92fd10e6bc161d05d806c7218916b8fe1e0d19a9271f877da4,72c263b24b06d2e6ab8d1a9c9be3444ddc3ee1c4a8b2cf445556cbedddd1652e,2026-10-04T15:07:21Z
2024-12,gfs_points_2024-12.csv.gz,19898993,8a032e0d8fb2bd73b494faa351e7409661c7370b3c1e8b6377efcfd0a4da7b98,72c263b24b06d2e6ab8d1a9c9be3444ddc3ee1c4a8b2cf445556cbedddd1652e,2026-10-04T15:07:21Z
2024-12,manifest_2024-12.csv.gz,785903,b7b1cbe2227958fc843727871875baf63f325fd1db46b7e333d79aad6ad0cc11,72c263b24b06d2e6ab8d1a9c9be3444ddc3ee1c4a8b2cf445556cbedddd1652e,2026-10-04T15:07:21Z
2025-01,chunk_2025-01.meta.txt,1360,4aba196a02d56894c53a5c07d62ce4c9f9645983dceec3c399cc6bff7a938ce1,72c263b24b06d2e6ab8d1a9c9be3444ddc3ee1c4a8b2cf445556cbedddd1652e,2026-10-04T15:08:57Z
2025-01,gfs_points_2025-01.csv.gz,19702739,c656d279770406e1f9fcc8fd6c9d1afccd9d12c30fead083eabe5adcbcc8666c,72c263b24b06d2e6ab8d1a9c9be3444ddc3ee1c4a8b2cf445556cbedddd1652e,2026-10-04T15:08:57Z
2025-01,manifest_2025-01.csv.gz,785840,5da4a73425c42d2130e0f3fada3a1cb9fbb395d0441c413e6fd4df99899e0600,72c263b24b06d2e6ab8d1a9c9be3444ddc3ee1c4a8b2cf445556cbedddd1652e,2026-10-04T15:08:57Z
2025-02,chunk_2025-02.meta.txt,1360,8159b1084594cc9a6526e2a0abea7ea589bdb9fd6e81abd55294a7af9f2de5d2,72c263b24b06d2e6ab8d1a9c9be3444ddc3ee1c4a8b2cf445556cbedddd1652e,2026-10-04T15:10:05Z
2025-02,gfs_points_2025-02.csv.gz,17798306,ad3cdb91d3787219bbcc522df4bc24b0417174a3b05da47958300d4edfa90843,72c263b24b06d2e6ab8d1a9c9be3444ddc3ee1c4a8b2cf445556cbedddd1652e,2026-10-04T15:10:05Z
2025-02,manifest_2025-02.csv.gz,712630,8fb3d16599d2079c37ef2bab7c7708dd90a1ed8d060698cf6dceef1a929d5a69,72c263b24b06d2e6ab8d1a9c9be3444ddc3ee1c4a8b2cf445556cbedddd1652e,2026-10-04T15:10:05Z
2025-03,chunk_2025-03.meta.txt,1360,8d8405ba19c2277e991ef076f756ae020950bc22be162a18c794ae385a2a3d85,72c263b24b06d2e6ab8d1a9c9be3444ddc3ee1c4a8b2cf445556cbedddd1652e,2026-10-04T15:11:25Z
2025-03,gfs_points_2025-03.csv.gz,18865151,7147a95ec43470ecc8d55032b91d77b1bb38427a3c471faaeff1fa9c47092b42,72c263b24b06d2e6ab8d1a9c9be3444ddc3ee1c4a8b2cf445556cbedddd1652e,2026-10-04T15:11:25Z
2025-03,manifest_2025-03.csv.gz,789172,b0cdda9b6abbdaf90fd98058b3485ad2e47e603307f4132d552218f4ad465c99,72c263b24b06d2e6ab8d1a9c9be3444ddc3ee1c4a8b2cf445556cbedddd1652e,2026-10-04T15:11:25Z
2025-04,chunk_2025-04.meta.txt,1360,0a4d3618c0f4ec08ff42d682d74af52530207d9951ad30542f69c4aeabb8c31f,72c263b24b06d2e6ab8d1a9c9be3444ddc3ee1c4a8b2cf445556cbedddd1652e,2026-10-04T15:14:58Z
2025-04,gfs_points_2025-04.csv.gz,18211865,6bdba40aa81970de1cb26a1bf8e2d2fe421daeea80af63ff5fd6be7024e757d8,72c263b24b06d2e6ab8d1a9c9be3444ddc3ee1c4a8b2cf445556cbedddd1652e,2026-10-04T15:14:58Z
2025-04,manifest_2025-04.csv.gz,763927,7d56b77204722d305f2f4e18e0af1f2478275a84e64889c4faec23a75602277c,72c263b24b06d2e6ab8d1a9c9be3444ddc3ee1c4a8b2cf445556cbedddd1652e,2026-10-04T15:14:58Z
2025-05,chunk_2025-05.meta.txt,1360,5d69732552730a6ac097e750b95ae509f91f99d2906660bcf9d7ee1895fb8e3e,72c263b24b06d2e6ab8d1a9c9be3444ddc3ee1c4a8b2cf445556cbedddd1652e,2026-10-04T15:15:06Z
2025-05,gfs_points_2025-05.csv.gz,18933847,9da02dfca4aaced505c1d5f5f28eb032f8db440739a3a2331704a0f15a6ce623,72c263b24b06d2e6ab8d1a9c9be3444ddc3ee1c4a8b2cf445556cbedddd1652e,2026-10-04T15:15:06Z
2025-05,manifest_2025-05.csv.gz,788282,853a5b4f9061ad3e4aaf3b3727a0951d50e85c670289190e9219373bfbd40c26,72c263b24b06d2e6ab8d1a9c9be3444ddc3ee1c4a8b2cf445556cbedddd1652e,2026-10-04T15:15:06Z
2025-06,chunk_2025-06.meta.txt,1360,6f0eb5f92360c158180058f51a2a9c90d4a3500af36d0024272efd5961e53242,72c263b24b06d2e6ab8d1a9c9be3444ddc3ee1c4a8b2cf445556cbedddd1652e,2026-10-04T15:16:51Z
2025-06,gfs_points_2025-06.csv.gz,18316272,564eb25b6dfd2814fd84cf068c31065f3f8a62fd10d3854c64336754757c6f68,72c263b24b06d2e6ab8d1a9c9be3444ddc3ee1c4a8b2cf445556cbedddd1652e,2026-10-04T15:16:51Z
2025-06,manifest_2025-06.csv.gz,761932,0278dbd2f1e138e9e7711cf8754a1a81bb98e8027da83b7cbd2058c3bd4bc229,72c263b24b06d2e6ab8d1a9c9be3444ddc3ee1c4a8b2cf445556cbedddd1652e,2026-10-04T15:16:51Z
2025-07,chunk_2025-07.meta.txt,1360,a4726361cb8d4cdcaf7d0354362040a9152aacae79b4f9f2ee41b910d65e25fd,72c263b24b06d2e6ab8d1a9c9be3444ddc3ee1c4a8b2cf445556cbedddd1652e,2026-10-04T15:17:08Z
2025-07,gfs_points_2025-07.csv.gz,18960386,d9c8dbb86deedf9062f17dac9ff2e427b3d50eb34bc179ccd3d7f3065d3afd1a,72c263b24b06d2e6ab8d1a9c9be3444ddc3ee1c4a8b2cf445556cbedddd1652e,2026-10-04T15:17:08Z
2025-07,manifest_2025-07.csv.gz,786879,2a8a58bc363471fdcf13af8438a8c7b6cf6f85ff687986bd48b84a032f06ccc1,72c263b24b06d2e6ab8d1a9c9be3444ddc3ee1c4a8b2cf445556cbedddd1652e,2026-10-04T15:17:08Z
2025-08,chunk_2025-08.meta.txt,1360,9485f1937cc80bf547477d393972eee782eee3f28afb398853142cc60ac374f6,72c263b24b06d2e6ab8d1a9c9be3444ddc3ee1c4a8b2cf445556cbedddd1652e,2026-10-04T15:20:19Z
2025-08,gfs_points_2025-08.csv.gz,18872883,f24bc7cacffbe5490ad2b9d5c7e047180becef19f1422b70aadb30aec99e9d4b,72c263b24b06d2e6ab8d1a9c9be3444ddc3ee1c4a8b2cf445556cbedddd1652e,2026-10-04T15:20:19Z
2025-08,manifest_2025-08.csv.gz,787870,3bf4413d06dd4711cc47faa504a7d31ded9d6119fba1671f76146261c67dfda9,72c263b24b06d2e6ab8d1a9c9be3444ddc3ee1c4a8b2cf445556cbedddd1652e,2026-10-04T15:20:19Z
2025-09,chunk_2025-09.meta.txt,1360,4c317d77a41f46ec4cd996ceb2fb6bb8744c94a85eff916045d91e3de6279e4d,72c263b24b06d2e6ab8d1a9c9be3444ddc3ee1c4a8b2cf445556cbedddd1652e,2026-10-04T15:22:48Z
2025-09,gfs_points_2025-09.csv.gz,18129220,9bc162f87ce3d51e219d7a2632ff10ddae7f69d77d06b2b815904fbf60c8d7fc,72c263b24b06d2e6ab8d1a9c9be3444ddc3ee1c4a8b2cf445556cbedddd1652e,2026-10-04T15:22:48Z
2025-09,manifest_2025-09.csv.gz,763087,75d60202c66dc65dfff1afeb25619dd0a076fcbf238d101d13fd881009050c7d,72c263b24b06d2e6ab8d1a9c9be3444ddc3ee1c4a8b2cf445556cbedddd1652e,2026-10-04T15:22:48Z
2025-10,chunk_2025-10.meta.txt,1360,fb74e5f02b354b7694e39fd5da92ec5a0e33003e2424c7f7590c63ee888ddcaa,72c263b24b06d2e6ab8d1a9c9be3444ddc3ee1c4a8b2cf445556cbedddd1652e,2026-10-04T15:24:28Z
2025-10,gfs_points_2025-10.csv.gz,19479285,f7c6adc11d52d3dfef9faf48875f92b5bfaac17e7b7c03ba7229e881dcf0681d,72c263b24b06d2e6ab8d1a9c9be3444ddc3ee1c4a8b2cf445556cbedddd1652e,2026-10-04T15:24:28Z
2025-10,manifest_2025-10.csv.gz,789361,5ea223df16dd680b4aeee4aaf081bbb21047cd9205458b90ee8f0a139650f251,72c263b24b06d2e6ab8d1a9c9be3444ddc3ee1c4a8b2cf445556cbedddd1652e,2026-10-04T15:24:28Z
2025-11,chunk_2025-11.meta.txt,1360,4ef5e68f7e940f78830478dba5579430075da6f0a57396f46ea4a69b3cae81d4,72c263b24b06d2e6ab8d1a9c9be3444ddc3ee1c4a8b2cf445556cbedddd1652e,2026-10-04T15:24:59Z
2025-11,gfs_points_2025-11.csv.gz,19037769,c5f73995f429205dfefe07d416b6e38fc81532b537597d2fe7481bd831e24e94,72c263b24b06d2e6ab8d1a9c9be3444ddc3ee1c4a8b2cf445556cbedddd1652e,2026-10-04T15:24:59Z
2025-11,manifest_2025-11.csv.gz,762186,151325d0f7cf2f033a24056e8b4d552352d44488759f938759b2205b5dfa17b3,72c263b24b06d2e6ab8d1a9c9be3444ddc3ee1c4a8b2cf445556cbedddd1652e,2026-10-04T15:24:59Z
2025-12,chunk_2025-12.meta.txt,1360,3fbd5a4cc17063e9d3512611ad4e18e932d239ed5358d256f46662118be76242,72c263b24b06d2e6ab8d1a9c9be3444ddc3ee1c4a8b2cf445556cbedddd1652e,2026-10-04T15:25:42Z
2025-12,gfs_points_2025-12.csv.gz,19810017,5456b76c02c86cf71b78e6f4c7d606bc47fa52f2308c720b893560c30c1943f5,72c263b24b06d2e6ab8d1a9c9be3444ddc3ee1c4a8b2cf445556cbedddd1652e,2026-10-04T15:25:42Z
2025-12,manifest_2025-12.csv.gz,787562,e724a0387a006413b026c99ba3bd36addd5cce9a56168665c3003254e45d063a,72c263b24b06d2e6ab8d1a9c9be3444ddc3ee1c4a8b2cf445556cbedddd1652e,2026-10-04T15:25:42Z
2026-01,chunk_2026-01.meta.txt,1360,ee7c5923968f94dbacc3d8d57d8d335c31f37121b16584183b12c6726f0f120f,72c263b24b06d2e6ab8d1a9c9be3444ddc3ee1c4a8b2cf445556cbedddd1652e,2026-10-04T15:28:01Z
2026-01,gfs_points_2026-01.csv.gz,19812006,df61bbaf2ab0ccff4586e2800cdc888c48966c6785e2ad68e4075089d68a2b3b,72c263b24b06d2e6ab8d1a9c9be3444ddc3ee1c4a8b2cf445556cbedddd1652e,2026-10-04T15:28:01Z
2026-01,manifest_2026-01.csv.gz,787575,bf56bf59cbf1994ce8036ea722a3da627ac3aa10e854798794e15d29bb8663f1,72c263b24b06d2e6ab8d1a9c9be3444ddc3ee1c4a8b2cf445556cbedddd1652e,2026-10-04T15:28:01Z
2026-02,chunk_2026-02.meta.txt,1360,5b411854133c70078835f04758dc39c266b04b212ef75a4c76813e3521c5e9db,72c263b24b06d2e6ab8d1a9c9be3444ddc3ee1c4a8b2cf445556cbedddd1652e,2026-10-04T15:32:14Z
2026-02,gfs_points_2026-02.csv.gz,17601677,7f01d7c01a6845353ceab60740fb833639c0e60c687380cae3d44aaa2eef2cec,72c263b24b06d2e6ab8d1a9c9be3444ddc3ee1c4a8b2cf445556cbedddd1652e,2026-10-04T15:32:14Z
2026-02,manifest_2026-02.csv.gz,712186,3c14335c0b85c51c4f37a03eea48763b16ec8a446c262f16cbfcbf2e722c568c,72c263b24b06d2e6ab8d1a9c9be3444ddc3ee1c4a8b2cf445556cbedddd1652e,2026-10-04T15:32:14Z
2026-03,chunk_2026-03.meta.txt,1360,15a1ec08160c8b17d48fd98f62425b4c711357d66dd07999d8e7bce671015454,72c263b24b06d2e6ab8d1a9c9be3444ddc3ee1c4a8b2cf445556cbedddd1652e,2026-10-04T15:32:38Z
2026-03,gfs_points_2026-03.csv.gz,19097538,e5bd83357c9be38577ee79bf1257d375100d66271c176c4e5e4f006e2d5da264,72c263b24b06d2e6ab8d1a9c9be3444ddc3ee1c4a8b2cf445556cbedddd1652e,2026-10-04T15:32:38Z
2026-03,manifest_2026-03.csv.gz,789086,a0c3eb619bc6b2c986a16d969996bac41eb0adceacb4b16f9bd4816043327b76,72c263b24b06d2e6ab8d1a9c9be3444ddc3ee1c4a8b2cf445556cbedddd1652e,2026-10-04T15:32:38Z
2026-04,chunk_2026-04.meta.txt,1360,78a82a89066b562d40a551c22cdcf3b4e924f2dfcf5f05fcdbfc1063c01f5067,72c263b24b06d2e6ab8d1a9c9be3444ddc3ee1c4a8b2cf445556cbedddd1652e,2026-10-04T15:33:23Z
2026-04,gfs_points_2026-04.csv.gz,18321631,bb6a57da829fdafe7d1fe363259d4cfa32a171eddd93fa0308892d869410d2b1,72c263b24b06d2e6ab8d1a9c9be3444ddc3ee1c4a8b2cf445556cbedddd1652e,2026-10-04T15:33:23Z
2026-04,manifest_2026-04.csv.gz,763769,8302c12ea93ded41ec73bee16586bb25d33e53d0ed4f18614518abcdd326d08e,72c263b24b06d2e6ab8d1a9c9be3444ddc3ee1c4a8b2cf445556cbedddd1652e,2026-10-04T15:33:23Z
2026-05,chunk_2026-05.meta.txt,1360,33010ea75161e27ab1e29b80bfb765a34561704e8c5bf2eff283f6a9b0b74b0c,72c263b24b06d2e6ab8d1a9c9be3444ddc3ee1c4a8b2cf445556cbedddd1652e,2026-10-04T15:34:28Z
2026-05,gfs_points_2026-05.csv.gz,18886233,5259727ff6c1dd1b848059fd129bae3ff54c18fa01a7c7798829445b73cdd797,72c263b24b06d2e6ab8d1a9c9be3444ddc3ee1c4a8b2cf445556cbedddd1652e,2026-10-04T15:34:28Z
2026-05,manifest_2026-05.csv.gz,788775,8c2dc625e98fc7656a4ba6814f25fd22e8dcef28df04147447e658f81db9ff5b,72c263b24b06d2e6ab8d1a9c9be3444ddc3ee1c4a8b2cf445556cbedddd1652e,2026-10-04T15:34:28Z
2026-06,chunk_2026-06.meta.txt,1360,b556310014eaaacfc4f3e631acff1b29dc4434f310b70041d068765262b1abb2,72c263b24b06d2e6ab8d1a9c9be3444ddc3ee1c4a8b2cf445556cbedddd1652e,2026-10-04T15:38:33Z
2026-06,gfs_points_2026-06.csv.gz,18357320,1cc34179061fc0b3048f8a4b3a75f1d40b9f232c2b6a771836ae8acb1b2d565b,72c263b24b06d2e6ab8d1a9c9be3444ddc3ee1c4a8b2cf445556cbedddd1652e,2026-10-04T15:38:33Z
2026-06,manifest_2026-06.csv.gz,762339,b8a11e236006002f4a958f612a8a31e7feb88ca0af8f252d1c69f245cc764750,72c263b24b06d2e6ab8d1a9c9be3444ddc3ee1c4a8b2cf445556cbedddd1652e,2026-10-04T15:38:33Z
2026-07,chunk_2026-07.meta.txt,1360,064fea5afb064c6667612a833ef9aaaffdad7d3f6ff9ca707441816cb698fd83,72c263b24b06d2e6ab8d1a9c9be3444ddc3ee1c4a8b2cf445556cbedddd1652e,2026-10-04T15:39:25Z
2026-07,gfs_points_2026-07.csv.gz,18427570,18642b7a346eab055938dd48d8277ff5ba3a4ac4cd774fb329f1c61f643cfde1,72c263b24b06d2e6ab8d1a9c9be3444ddc3ee1c4a8b2cf445556cbedddd1652e,2026-10-04T15:39:25Z
2026-07,manifest_2026-07.csv.gz,777283,63f967fbfa9005243951800181c7d2fbf39b60af9b63ee901762a1a14e237f4f,72c263b24b06d2e6ab8d1a9c9be3444ddc3ee1c4a8b2cf445556cbedddd1652e,2026-10-04T15:39:25Z
