station,fold,variant,codes,n_train,n_test,no_prev,raw_mae,persist_mae,mae,delta_vs_B,skill_vs_B_pct
EGLC,2022-23,B,,495,364,1,1.2262,1.7934,1.1677,0.0,0.0
EGLC,2023-24,B,,859,366,0,1.0148,2.0164,0.947,0.0,0.0
EGLC,2025-26,B,,1225,364,1,1.2536,2.0964,1.0084,0.0,0.0
LFPG,2022-23,B,,493,365,0,1.2649,2.1726,1.1581,0.0,0.0
LFPG,2023-24,B,,858,366,0,1.2234,2.3689,1.1606,0.0,0.0
LFPG,2025-26,B,,1224,364,1,1.3822,2.3003,1.1989,0.0,0.0
DSM,2022-23,B,,495,364,0,2.0939,3.9907,1.7263,0.0,0.0
DSM,2023-24,B,,859,366,0,2.0349,3.6992,1.5787,0.0,0.0
DSM,2025-26,B,,1225,365,0,1.7334,4.0029,1.665,0.0,0.0
YSDU,2022-23,B,,493,357,4,1.1386,2.2776,1.1991,0.0,0.0
YSDU,2023-24,B,,850,363,3,1.3283,2.4417,1.1264,0.0,0.0
YSDU,2025-26,B,,1213,356,9,1.3167,2.6686,1.1902,0.0,0.0
RNO,2022-23,B,,493,364,0,1.5603,2.5264,1.4012,0.0,0.0
RNO,2023-24,B,,857,365,1,1.4541,2.5962,1.2972,0.0,0.0
RNO,2025-26,B,,1222,365,0,1.5116,2.4901,1.4298,0.0,0.0
EGLC,2022-23,B+L,L,495,364,1,1.2262,1.7934,1.1216,-0.0461,3.95
EGLC,2023-24,B+L,L,859,366,0,1.0148,2.0164,0.9011,-0.0459,4.85
EGLC,2025-26,B+L,L,1225,364,1,1.2536,2.0964,1.0154,0.007,-0.7
LFPG,2022-23,B+L,L,493,365,0,1.2649,2.1726,1.1614,0.0032,-0.28
LFPG,2023-24,B+L,L,858,366,0,1.2234,2.3689,1.1313,-0.0293,2.52
LFPG,2025-26,B+L,L,1224,364,1,1.3822,2.3003,1.1323,-0.0666,5.55
DSM,2022-23,B+L,L,495,364,0,2.0939,3.9907,1.7038,-0.0225,1.3
DSM,2023-24,B+L,L,859,366,0,2.0349,3.6992,1.5214,-0.0573,3.63
DSM,2025-26,B+L,L,1225,365,0,1.7334,4.0029,1.6341,-0.0309,1.85
YSDU,2022-23,B+L,L,493,357,4,1.1386,2.2776,1.1811,-0.0181,1.51
YSDU,2023-24,B+L,L,850,363,3,1.3283,2.4417,1.1077,-0.0186,1.66
YSDU,2025-26,B+L,L,1213,356,9,1.3167,2.6686,1.1532,-0.037,3.11
RNO,2022-23,B+L,L,493,364,0,1.5603,2.5264,1.4019,0.0007,-0.05
RNO,2023-24,B+L,L,857,365,1,1.4541,2.5962,1.2935,-0.0037,0.28
RNO,2025-26,B+L,L,1222,365,0,1.5116,2.4901,1.433,0.0032,-0.22
EGLC,2022-23,B+D,D,495,364,1,1.2262,1.7934,1.0997,-0.068,5.82
EGLC,2023-24,B+D,D,859,366,0,1.0148,2.0164,0.9071,-0.0399,4.22
EGLC,2025-26,B+D,D,1225,364,1,1.2536,2.0964,1.0249,0.0165,-1.64
LFPG,2022-23,B+D,D,493,365,0,1.2649,2.1726,1.1316,-0.0265,2.29
LFPG,2023-24,B+D,D,858,366,0,1.2234,2.3689,1.1362,-0.0244,2.1
LFPG,2025-26,B+D,D,1224,364,1,1.3822,2.3003,1.1544,-0.0444,3.71
DSM,2022-23,B+D,D,495,364,0,2.0939,3.9907,1.6285,-0.0978,5.66
DSM,2023-24,B+D,D,859,366,0,2.0349,3.6992,1.4695,-0.1093,6.92
DSM,2025-26,B+D,D,1225,365,0,1.7334,4.0029,1.5662,-0.0988,5.93
YSDU,2022-23,B+D,D,493,357,4,1.1386,2.2776,1.1902,-0.0089,0.75
YSDU,2023-24,B+D,D,850,363,3,1.3283,2.4417,1.097,-0.0293,2.61
YSDU,2025-26,B+D,D,1213,356,9,1.3167,2.6686,1.1574,-0.0328,2.75
RNO,2022-23,B+D,D,493,364,0,1.5603,2.5264,1.4035,0.0023,-0.16
RNO,2023-24,B+D,D,857,365,1,1.4541,2.5962,1.2059,-0.0913,7.04
RNO,2025-26,B+D,D,1222,365,0,1.5116,2.4901,1.3196,-0.1101,7.7
EGLC,2022-23,B+T,T,495,364,1,1.2262,1.7934,1.15,-0.0177,1.52
EGLC,2023-24,B+T,T,859,366,0,1.0148,2.0164,0.9455,-0.0015,0.16
EGLC,2025-26,B+T,T,1225,364,1,1.2536,2.0964,1.0081,-0.0002,0.02
LFPG,2022-23,B+T,T,493,365,0,1.2649,2.1726,1.1211,-0.037,3.2
LFPG,2023-24,B+T,T,858,366,0,1.2234,2.3689,1.1775,0.0169,-1.45
LFPG,2025-26,B+T,T,1224,364,1,1.3822,2.3003,1.1822,-0.0166,1.39
DSM,2022-23,B+T,T,495,364,0,2.0939,3.9907,1.7136,-0.0126,0.73
DSM,2023-24,B+T,T,859,366,0,2.0349,3.6992,1.5644,-0.0143,0.91
DSM,2025-26,B+T,T,1225,365,0,1.7334,4.0029,1.6553,-0.0097,0.58
YSDU,2022-23,B+T,T,493,357,4,1.1386,2.2776,1.1633,-0.0359,2.99
YSDU,2023-24,B+T,T,850,363,3,1.3283,2.4417,1.1531,0.0267,-2.37
YSDU,2025-26,B+T,T,1213,356,9,1.3167,2.6686,1.1916,0.0014,-0.12
RNO,2022-23,B+T,T,493,364,0,1.5603,2.5264,1.3863,-0.0149,1.06
RNO,2023-24,B+T,T,857,365,1,1.4541,2.5962,1.2034,-0.0938,7.23
RNO,2025-26,B+T,T,1222,365,0,1.5116,2.4901,1.4741,0.0444,-3.1
EGLC,2022-23,B+R,R,495,364,1,1.2262,1.7934,1.104,-0.0637,5.46
EGLC,2023-24,B+R,R,859,366,0,1.0148,2.0164,0.8882,-0.0588,6.21
EGLC,2025-26,B+R,R,1225,364,1,1.2536,2.0964,1.0122,0.0038,-0.38
LFPG,2022-23,B+R,R,493,365,0,1.2649,2.1726,1.1318,-0.0263,2.27
LFPG,2023-24,B+R,R,858,366,0,1.2234,2.3689,1.1315,-0.0291,2.51
LFPG,2025-26,B+R,R,1224,364,1,1.3822,2.3003,1.1709,-0.0279,2.33
DSM,2022-23,B+R,R,495,364,0,2.0939,3.9907,1.7517,0.0254,-1.47
DSM,2023-24,B+R,R,859,366,0,2.0349,3.6992,1.5767,-0.0021,0.13
DSM,2025-26,B+R,R,1225,365,0,1.7334,4.0029,1.6532,-0.0118,0.71
YSDU,2022-23,B+R,R,493,357,4,1.1386,2.2776,1.2161,0.0169,-1.41
YSDU,2023-24,B+R,R,850,363,3,1.3283,2.4417,1.1092,-0.0172,1.52
YSDU,2025-26,B+R,R,1213,356,9,1.3167,2.6686,1.1474,-0.0428,3.6
RNO,2022-23,B+R,R,493,364,0,1.5603,2.5264,1.4057,0.0045,-0.32
RNO,2023-24,B+R,R,857,365,1,1.4541,2.5962,1.2502,-0.0469,3.62
RNO,2025-26,B+R,R,1222,365,0,1.5116,2.4901,1.4412,0.0114,-0.8
EGLC,2022-23,B+P,P,495,364,1,1.2262,1.7934,1.125,-0.0427,3.65
EGLC,2023-24,B+P,P,859,366,0,1.0148,2.0164,0.9491,0.0021,-0.22
EGLC,2025-26,B+P,P,1225,364,1,1.2536,2.0964,1.0146,0.0062,-0.62
LFPG,2022-23,B+P,P,493,365,0,1.2649,2.1726,1.1342,-0.024,2.07
LFPG,2023-24,B+P,P,858,366,0,1.2234,2.3689,1.1443,-0.0163,1.4
LFPG,2025-26,B+P,P,1224,364,1,1.3822,2.3003,1.2078,0.0089,-0.74
DSM,2022-23,B+P,P,495,364,0,2.0939,3.9907,1.7165,-0.0098,0.57
DSM,2023-24,B+P,P,859,366,0,2.0349,3.6992,1.5741,-0.0047,0.29
DSM,2025-26,B+P,P,1225,365,0,1.7334,4.0029,1.6483,-0.0167,1.0
YSDU,2022-23,B+P,P,493,357,4,1.1386,2.2776,1.2069,0.0078,-0.65
YSDU,2023-24,B+P,P,850,363,3,1.3283,2.4417,1.121,-0.0054,0.48
YSDU,2025-26,B+P,P,1213,356,9,1.3167,2.6686,1.1883,-0.0019,0.16
RNO,2022-23,B+P,P,493,364,0,1.5603,2.5264,1.3602,-0.0409,2.92
RNO,2023-24,B+P,P,857,365,1,1.4541,2.5962,1.2355,-0.0617,4.75
RNO,2025-26,B+P,P,1222,365,0,1.5116,2.4901,1.3806,-0.0492,3.44
EGLC,2022-23,B+LDTRP,"L,D,T,R,P",495,364,1,1.2262,1.7934,1.0943,-0.0734,6.28
EGLC,2023-24,B+LDTRP,"L,D,T,R,P",859,366,0,1.0148,2.0164,0.8738,-0.0732,7.73
EGLC,2025-26,B+LDTRP,"L,D,T,R,P",1225,364,1,1.2536,2.0964,1.0068,-0.0015,0.15
LFPG,2022-23,B+LDTRP,"L,D,T,R,P",493,365,0,1.2649,2.1726,1.1275,-0.0306,2.64
LFPG,2023-24,B+LDTRP,"L,D,T,R,P",858,366,0,1.2234,2.3689,1.1064,-0.0542,4.67
LFPG,2025-26,B+LDTRP,"L,D,T,R,P",1224,364,1,1.3822,2.3003,1.1107,-0.0882,7.36
DSM,2022-23,B+LDTRP,"L,D,T,R,P",495,364,0,2.0939,3.9907,1.6329,-0.0934,5.41
DSM,2023-24,B+LDTRP,"L,D,T,R,P",859,366,0,2.0349,3.6992,1.4955,-0.0832,5.27
DSM,2025-26,B+LDTRP,"L,D,T,R,P",1225,365,0,1.7334,4.0029,1.5392,-0.1258,7.56
YSDU,2022-23,B+LDTRP,"L,D,T,R,P",493,357,4,1.1386,2.2776,1.0958,-0.1034,8.62
YSDU,2023-24,B+LDTRP,"L,D,T,R,P",850,363,3,1.3283,2.4417,1.1094,-0.017,1.51
YSDU,2025-26,B+LDTRP,"L,D,T,R,P",1213,356,9,1.3167,2.6686,1.1454,-0.0447,3.76
RNO,2022-23,B+LDTRP,"L,D,T,R,P",493,364,0,1.5603,2.5264,1.3414,-0.0598,4.27
RNO,2023-24,B+LDTRP,"L,D,T,R,P",857,365,1,1.4541,2.5962,1.1318,-0.1654,12.75
RNO,2025-26,B+LDTRP,"L,D,T,R,P",1222,365,0,1.5116,2.4901,1.3439,-0.0858,6.0
EGLC,2022-23,B+DTRP,"D,T,R,P",495,364,1,1.2262,1.7934,1.091,-0.0767,6.57
EGLC,2023-24,B+DTRP,"D,T,R,P",859,366,0,1.0148,2.0164,0.8759,-0.0711,7.51
EGLC,2025-26,B+DTRP,"D,T,R,P",1225,364,1,1.2536,2.0964,1.0166,0.0082,-0.81
LFPG,2022-23,B+DTRP,"D,T,R,P",493,365,0,1.2649,2.1726,1.0901,-0.068,5.87
LFPG,2023-24,B+DTRP,"D,T,R,P",858,366,0,1.2234,2.3689,1.1131,-0.0475,4.09
LFPG,2025-26,B+DTRP,"D,T,R,P",1224,364,1,1.3822,2.3003,1.1435,-0.0554,4.62
DSM,2022-23,B+DTRP,"D,T,R,P",495,364,0,2.0939,3.9907,1.6372,-0.0891,5.16
DSM,2023-24,B+DTRP,"D,T,R,P",859,366,0,2.0349,3.6992,1.4726,-0.1061,6.72
DSM,2025-26,B+DTRP,"D,T,R,P",1225,365,0,1.7334,4.0029,1.5176,-0.1474,8.85
YSDU,2022-23,B+DTRP,"D,T,R,P",493,357,4,1.1386,2.2776,1.1633,-0.0358,2.99
YSDU,2023-24,B+DTRP,"D,T,R,P",850,363,3,1.3283,2.4417,1.0959,-0.0305,2.71
YSDU,2025-26,B+DTRP,"D,T,R,P",1213,356,9,1.3167,2.6686,1.1312,-0.059,4.95
RNO,2022-23,B+DTRP,"D,T,R,P",493,364,0,1.5603,2.5264,1.3319,-0.0693,4.95
RNO,2023-24,B+DTRP,"D,T,R,P",857,365,1,1.4541,2.5962,1.1354,-0.1618,12.47
RNO,2025-26,B+DTRP,"D,T,R,P",1222,365,0,1.5116,2.4901,1.3598,-0.0699,4.89
EGLC,2022-23,B+LTRP,"L,T,R,P",495,364,1,1.2262,1.7934,1.0893,-0.0784,6.72
EGLC,2023-24,B+LTRP,"L,T,R,P",859,366,0,1.0148,2.0164,0.8534,-0.0936,9.88
EGLC,2025-26,B+LTRP,"L,T,R,P",1225,364,1,1.2536,2.0964,1.0036,-0.0047,0.47
LFPG,2022-23,B+LTRP,"L,T,R,P",493,365,0,1.2649,2.1726,1.1155,-0.0427,3.68
LFPG,2023-24,B+LTRP,"L,T,R,P",858,366,0,1.2234,2.3689,1.107,-0.0536,4.62
LFPG,2025-26,B+LTRP,"L,T,R,P",1224,364,1,1.3822,2.3003,1.108,-0.0909,7.58
DSM,2022-23,B+LTRP,"L,T,R,P",495,364,0,2.0939,3.9907,1.6816,-0.0447,2.59
DSM,2023-24,B+LTRP,"L,T,R,P",859,366,0,2.0349,3.6992,1.529,-0.0498,3.15
DSM,2025-26,B+LTRP,"L,T,R,P",1225,365,0,1.7334,4.0029,1.5885,-0.0765,4.59
YSDU,2022-23,B+LTRP,"L,T,R,P",493,357,4,1.1386,2.2776,1.1317,-0.0674,5.62
YSDU,2023-24,B+LTRP,"L,T,R,P",850,363,3,1.3283,2.4417,1.1105,-0.0159,1.41
YSDU,2025-26,B+LTRP,"L,T,R,P",1213,356,9,1.3167,2.6686,1.1445,-0.0456,3.83
RNO,2022-23,B+LTRP,"L,T,R,P",493,364,0,1.5603,2.5264,1.3446,-0.0565,4.03
RNO,2023-24,B+LTRP,"L,T,R,P",857,365,1,1.4541,2.5962,1.1438,-0.1534,11.83
RNO,2025-26,B+LTRP,"L,T,R,P",1222,365,0,1.5116,2.4901,1.3989,-0.0309,2.16
EGLC,2022-23,B+LDRP,"L,D,R,P",495,364,1,1.2262,1.7934,1.0989,-0.0688,5.9
EGLC,2023-24,B+LDRP,"L,D,R,P",859,366,0,1.0148,2.0164,0.8754,-0.0716,7.56
EGLC,2025-26,B+LDRP,"L,D,R,P",1225,364,1,1.2536,2.0964,1.0128,0.0045,-0.45
LFPG,2022-23,B+LDRP,"L,D,R,P",493,365,0,1.2649,2.1726,1.1587,0.0006,-0.05
LFPG,2023-24,B+LDRP,"L,D,R,P",858,366,0,1.2234,2.3689,1.0891,-0.0715,6.16
LFPG,2025-26,B+LDRP,"L,D,R,P",1224,364,1,1.3822,2.3003,1.1345,-0.0643,5.37
DSM,2022-23,B+LDRP,"L,D,R,P",495,364,0,2.0939,3.9907,1.6315,-0.0948,5.49
DSM,2023-24,B+LDRP,"L,D,R,P",859,366,0,2.0349,3.6992,1.4899,-0.0889,5.63
DSM,2025-26,B+LDRP,"L,D,R,P",1225,365,0,1.7334,4.0029,1.5468,-0.1182,7.1
YSDU,2022-23,B+LDRP,"L,D,R,P",493,357,4,1.1386,2.2776,1.1032,-0.0959,8.0
YSDU,2023-24,B+LDRP,"L,D,R,P",850,363,3,1.3283,2.4417,1.1092,-0.0172,1.52
YSDU,2025-26,B+LDRP,"L,D,R,P",1213,356,9,1.3167,2.6686,1.1458,-0.0444,3.73
RNO,2022-23,B+LDRP,"L,D,R,P",493,364,0,1.5603,2.5264,1.3608,-0.0404,2.88
RNO,2023-24,B+LDRP,"L,D,R,P",857,365,1,1.4541,2.5962,1.1722,-0.125,9.64
RNO,2025-26,B+LDRP,"L,D,R,P",1222,365,0,1.5116,2.4901,1.3285,-0.1013,7.09
EGLC,2022-23,B+LDTP,"L,D,T,P",495,364,1,1.2262,1.7934,1.1,-0.0677,5.79
EGLC,2023-24,B+LDTP,"L,D,T,P",859,366,0,1.0148,2.0164,0.8838,-0.0632,6.68
EGLC,2025-26,B+LDTP,"L,D,T,P",1225,364,1,1.2536,2.0964,1.0365,0.0282,-2.79
LFPG,2022-23,B+LDTP,"L,D,T,P",493,365,0,1.2649,2.1726,1.1336,-0.0245,2.12
LFPG,2023-24,B+LDTP,"L,D,T,P",858,366,0,1.2234,2.3689,1.1207,-0.0399,3.44
LFPG,2025-26,B+LDTP,"L,D,T,P",1224,364,1,1.3822,2.3003,1.1257,-0.0732,6.11
DSM,2022-23,B+LDTP,"L,D,T,P",495,364,0,2.0939,3.9907,1.5758,-0.1504,8.71
DSM,2023-24,B+LDTP,"L,D,T,P",859,366,0,2.0349,3.6992,1.4807,-0.0981,6.21
DSM,2025-26,B+LDTP,"L,D,T,P",1225,365,0,1.7334,4.0029,1.5579,-0.1071,6.43
YSDU,2022-23,B+LDTP,"L,D,T,P",493,357,4,1.1386,2.2776,1.0922,-0.1069,8.92
YSDU,2023-24,B+LDTP,"L,D,T,P",850,363,3,1.3283,2.4417,1.1162,-0.0102,0.9
YSDU,2025-26,B+LDTP,"L,D,T,P",1213,356,9,1.3167,2.6686,1.1683,-0.0219,1.84
RNO,2022-23,B+LDTP,"L,D,T,P",493,364,0,1.5603,2.5264,1.362,-0.0391,2.79
RNO,2023-24,B+LDTP,"L,D,T,P",857,365,1,1.4541,2.5962,1.1497,-0.1474,11.37
RNO,2025-26,B+LDTP,"L,D,T,P",1222,365,0,1.5116,2.4901,1.368,-0.0618,4.32
EGLC,2022-23,B+LDTR,"L,D,T,R",495,364,1,1.2262,1.7934,1.097,-0.0706,6.05
EGLC,2023-24,B+LDTR,"L,D,T,R",859,366,0,1.0148,2.0164,0.8715,-0.0755,7.98
EGLC,2025-26,B+LDTR,"L,D,T,R",1225,364,1,1.2536,2.0964,0.9916,-0.0168,1.66
LFPG,2022-23,B+LDTR,"L,D,T,R",493,365,0,1.2649,2.1726,1.1134,-0.0447,3.86
LFPG,2023-24,B+LDTR,"L,D,T,R",858,366,0,1.2234,2.3689,1.1221,-0.0385,3.31
LFPG,2025-26,B+LDTR,"L,D,T,R",1224,364,1,1.3822,2.3003,1.1053,-0.0936,7.81
DSM,2022-23,B+LDTR,"L,D,T,R",495,364,0,2.0939,3.9907,1.6499,-0.0764,4.43
DSM,2023-24,B+LDTR,"L,D,T,R",859,366,0,2.0349,3.6992,1.4883,-0.0905,5.73
DSM,2025-26,B+LDTR,"L,D,T,R",1225,365,0,1.7334,4.0029,1.5472,-0.1177,7.07
YSDU,2022-23,B+LDTR,"L,D,T,R",493,357,4,1.1386,2.2776,1.1431,-0.056,4.67
YSDU,2023-24,B+LDTR,"L,D,T,R",850,363,3,1.3283,2.4417,1.0949,-0.0315,2.8
YSDU,2025-26,B+LDTR,"L,D,T,R",1213,356,9,1.3167,2.6686,1.1173,-0.0729,6.12
RNO,2022-23,B+LDTR,"L,D,T,R",493,364,0,1.5603,2.5264,1.3385,-0.0627,4.47
RNO,2023-24,B+LDTR,"L,D,T,R",857,365,1,1.4541,2.5962,1.1458,-0.1514,11.67
RNO,2025-26,B+LDTR,"L,D,T,R",1222,365,0,1.5116,2.4901,1.3644,-0.0654,4.57
EGLC,2022-23,B+LDTRP+rh,"L,D,T,R,P,rh",495,364,1,1.2262,1.7934,1.0917,-0.076,6.51
EGLC,2023-24,B+LDTRP+rh,"L,D,T,R,P,rh",859,366,0,1.0148,2.0164,0.8693,-0.0777,8.2
EGLC,2025-26,B+LDTRP+rh,"L,D,T,R,P,rh",1225,364,1,1.2536,2.0964,1.0072,-0.0011,0.11
LFPG,2022-23,B+LDTRP+rh,"L,D,T,R,P,rh",493,365,0,1.2649,2.1726,1.1289,-0.0292,2.52
LFPG,2023-24,B+LDTRP+rh,"L,D,T,R,P,rh",858,366,0,1.2234,2.3689,1.1058,-0.0548,4.72
LFPG,2025-26,B+LDTRP+rh,"L,D,T,R,P,rh",1224,364,1,1.3822,2.3003,1.1217,-0.0772,6.44
DSM,2022-23,B+LDTRP+rh,"L,D,T,R,P,rh",495,364,0,2.0939,3.9907,1.616,-0.1102,6.39
DSM,2023-24,B+LDTRP+rh,"L,D,T,R,P,rh",859,366,0,2.0349,3.6992,1.4812,-0.0976,6.18
DSM,2025-26,B+LDTRP+rh,"L,D,T,R,P,rh",1225,365,0,1.7334,4.0029,1.5326,-0.1324,7.95
YSDU,2022-23,B+LDTRP+rh,"L,D,T,R,P,rh",493,357,4,1.1386,2.2776,1.1001,-0.099,8.26
YSDU,2023-24,B+LDTRP+rh,"L,D,T,R,P,rh",850,363,3,1.3283,2.4417,1.1072,-0.0192,1.7
YSDU,2025-26,B+LDTRP+rh,"L,D,T,R,P,rh",1213,356,9,1.3167,2.6686,1.1433,-0.0469,3.94
RNO,2022-23,B+LDTRP+rh,"L,D,T,R,P,rh",493,364,0,1.5603,2.5264,1.3362,-0.065,4.64
RNO,2023-24,B+LDTRP+rh,"L,D,T,R,P,rh",857,365,1,1.4541,2.5962,1.1215,-0.1757,13.54
RNO,2025-26,B+LDTRP+rh,"L,D,T,R,P,rh",1222,365,0,1.5116,2.4901,1.3548,-0.075,5.25
EGLC,2022-23,B+LDTRP+plev,"L,D,T,R,P,plev",495,364,1,1.2262,1.7934,1.0782,-0.0895,7.66
EGLC,2023-24,B+LDTRP+plev,"L,D,T,R,P,plev",859,366,0,1.0148,2.0164,0.868,-0.079,8.34
EGLC,2025-26,B+LDTRP+plev,"L,D,T,R,P,plev",1225,364,1,1.2536,2.0964,0.9997,-0.0086,0.85
LFPG,2022-23,B+LDTRP+plev,"L,D,T,R,P,plev",493,365,0,1.2649,2.1726,1.1189,-0.0393,3.39
LFPG,2023-24,B+LDTRP+plev,"L,D,T,R,P,plev",858,366,0,1.2234,2.3689,1.1206,-0.04,3.44
LFPG,2025-26,B+LDTRP+plev,"L,D,T,R,P,plev",1224,364,1,1.3822,2.3003,1.1069,-0.092,7.67
DSM,2022-23,B+LDTRP+plev,"L,D,T,R,P,plev",495,364,0,2.0939,3.9907,1.6216,-0.1046,6.06
DSM,2023-24,B+LDTRP+plev,"L,D,T,R,P,plev",859,366,0,2.0349,3.6992,1.4654,-0.1133,7.18
DSM,2025-26,B+LDTRP+plev,"L,D,T,R,P,plev",1225,365,0,1.7334,4.0029,1.5109,-0.1541,9.26
YSDU,2022-23,B+LDTRP+plev,"L,D,T,R,P,plev",493,357,4,1.1386,2.2776,1.1117,-0.0874,7.29
YSDU,2023-24,B+LDTRP+plev,"L,D,T,R,P,plev",850,363,3,1.3283,2.4417,1.1218,-0.0046,0.41
YSDU,2025-26,B+LDTRP+plev,"L,D,T,R,P,plev",1213,356,9,1.3167,2.6686,1.1487,-0.0415,3.48
RNO,2022-23,B+LDTRP+plev,"L,D,T,R,P,plev",493,364,0,1.5603,2.5264,1.3351,-0.066,4.71
RNO,2023-24,B+LDTRP+plev,"L,D,T,R,P,plev",857,365,1,1.4541,2.5962,1.1152,-0.182,14.03
RNO,2025-26,B+LDTRP+plev,"L,D,T,R,P,plev",1222,365,0,1.5116,2.4901,1.3331,-0.0967,6.76
