station,feature_set,fold,train_start,train_end,test_start,test_end,train_rows,test_rows,rung,mae,rmse,bias,skill_vs_raw,skill_vs_persist,n
EGLC,3-feature,2022-23,2021-03-24,2022-07-31,2022-08-01,2023-07-31,495,364,raw_gfs,1.2262,1.654,0.3152,0.0,,364
EGLC,3-feature,2022-23,2021-03-24,2022-07-31,2022-08-01,2023-07-31,495,364,persistence,1.7934,2.4534,-0.0028,,0.0,363
EGLC,3-feature,2022-23,2021-03-24,2022-07-31,2022-08-01,2023-07-31,495,364,3-feature,1.2338,1.6589,0.1449,-0.62,31.2,364
EGLC,3-feature,2023-24,2021-03-24,2023-07-31,2023-08-01,2024-07-31,859,366,raw_gfs,1.0148,1.3098,-0.0334,0.0,,366
EGLC,3-feature,2023-24,2021-03-24,2023-07-31,2023-08-01,2024-07-31,859,366,persistence,2.0164,2.5947,-0.0164,,0.0,366
EGLC,3-feature,2023-24,2021-03-24,2023-07-31,2023-08-01,2024-07-31,859,366,3-feature,0.9527,1.2607,-0.1096,6.12,52.75,366
EGLC,3-feature,2024-25,2021-03-24,2024-07-31,2024-08-01,2025-07-31,1225,364,raw_gfs,1.2362,1.6243,0.3115,0.0,,364
EGLC,3-feature,2024-25,2021-03-24,2024-07-31,2024-08-01,2025-07-31,1225,364,persistence,2.2259,2.928,0.0165,,0.0,363
EGLC,3-feature,2024-25,2021-03-24,2024-07-31,2024-08-01,2025-07-31,1225,364,3-feature,1.158,1.5576,0.2318,6.33,47.98,364
EGLC,3-feature,2025-26,2021-03-24,2025-07-31,2025-08-01,2026-07-31,1589,364,raw_gfs,1.2536,1.685,0.4006,0.0,,364
EGLC,3-feature,2025-26,2021-03-24,2025-07-31,2025-08-01,2026-07-31,1589,364,persistence,2.0964,2.7748,0.0083,,0.0,363
EGLC,3-feature,2025-26,2021-03-24,2025-07-31,2025-08-01,2026-07-31,1589,364,3-feature,1.0367,1.4132,0.2541,17.3,50.55,364
EGLC,5-feature,2022-23,2021-03-24,2022-07-31,2022-08-01,2023-07-31,495,364,raw_gfs,1.2262,1.654,0.3152,0.0,,364
EGLC,5-feature,2022-23,2021-03-24,2022-07-31,2022-08-01,2023-07-31,495,364,persistence,1.7934,2.4534,-0.0028,,0.0,363
EGLC,5-feature,2022-23,2021-03-24,2022-07-31,2022-08-01,2023-07-31,495,364,5-feature,1.1677,1.5796,0.2761,4.77,34.89,364
EGLC,5-feature,2023-24,2021-03-24,2023-07-31,2023-08-01,2024-07-31,859,366,raw_gfs,1.0148,1.3098,-0.0334,0.0,,366
EGLC,5-feature,2023-24,2021-03-24,2023-07-31,2023-08-01,2024-07-31,859,366,persistence,2.0164,2.5947,-0.0164,,0.0,366
EGLC,5-feature,2023-24,2021-03-24,2023-07-31,2023-08-01,2024-07-31,859,366,5-feature,0.947,1.2534,-0.0461,6.68,53.03,366
EGLC,5-feature,2024-25,2021-03-24,2024-07-31,2024-08-01,2025-07-31,1225,364,raw_gfs,1.2362,1.6243,0.3115,0.0,,364
EGLC,5-feature,2024-25,2021-03-24,2024-07-31,2024-08-01,2025-07-31,1225,364,persistence,2.2259,2.928,0.0165,,0.0,363
EGLC,5-feature,2024-25,2021-03-24,2024-07-31,2024-08-01,2025-07-31,1225,364,5-feature,1.0861,1.457,0.1606,12.14,51.21,364
EGLC,5-feature,2025-26,2021-03-24,2025-07-31,2025-08-01,2026-07-31,1589,364,raw_gfs,1.2536,1.685,0.4006,0.0,,364
EGLC,5-feature,2025-26,2021-03-24,2025-07-31,2025-08-01,2026-07-31,1589,364,persistence,2.0964,2.7748,0.0083,,0.0,363
EGLC,5-feature,2025-26,2021-03-24,2025-07-31,2025-08-01,2026-07-31,1589,364,5-feature,1.0,1.3414,0.2889,20.23,52.3,364
EGLC,5-feature,2024-25-thin,2024-01-19,2024-07-31,2024-08-01,2025-07-31,195,364,raw_gfs,1.2362,1.6243,0.3115,0.0,,364
EGLC,5-feature,2024-25-thin,2024-01-19,2024-07-31,2024-08-01,2025-07-31,195,364,persistence,2.2259,2.928,0.0165,,0.0,363
EGLC,5-feature,2024-25-thin,2024-01-19,2024-07-31,2024-08-01,2025-07-31,195,364,5-feature,1.1527,1.5347,0.3367,6.75,48.21,364
EGLC,5-feature,2025-26-thin,2024-01-19,2025-07-31,2025-08-01,2026-07-31,559,364,raw_gfs,1.2536,1.685,0.4006,0.0,,364
EGLC,5-feature,2025-26-thin,2024-01-19,2025-07-31,2025-08-01,2026-07-31,559,364,persistence,2.0964,2.7748,0.0083,,0.0,363
EGLC,5-feature,2025-26-thin,2024-01-19,2025-07-31,2025-08-01,2026-07-31,559,364,5-feature,1.0614,1.4276,0.2938,15.33,49.37,364
LFPG,3-feature,2022-23,2021-03-24,2022-07-31,2022-08-01,2023-07-31,493,365,raw_gfs,1.2649,1.6992,0.2315,0.0,,365
LFPG,3-feature,2022-23,2021-03-24,2022-07-31,2022-08-01,2023-07-31,493,365,persistence,2.1726,2.8722,0.0192,,0.0,365
LFPG,3-feature,2022-23,2021-03-24,2022-07-31,2022-08-01,2023-07-31,493,365,3-feature,1.1929,1.6083,0.1551,5.69,45.1,365
LFPG,3-feature,2023-24,2021-03-24,2023-07-31,2023-08-01,2024-07-31,858,366,raw_gfs,1.2234,1.6308,-0.2643,0.0,,366
LFPG,3-feature,2023-24,2021-03-24,2023-07-31,2023-08-01,2024-07-31,858,366,persistence,2.3689,3.0358,-0.0301,,0.0,366
LFPG,3-feature,2023-24,2021-03-24,2023-07-31,2023-08-01,2024-07-31,858,366,3-feature,1.1951,1.5782,-0.2744,2.31,49.55,366
LFPG,3-feature,2024-25,2021-03-24,2024-07-31,2024-08-01,2025-07-31,1224,365,raw_gfs,1.4091,1.8787,0.4452,0.0,,365
LFPG,3-feature,2024-25,2021-03-24,2024-07-31,2024-08-01,2025-07-31,1224,365,persistence,2.5233,3.2776,0.0137,,0.0,365
LFPG,3-feature,2024-25,2021-03-24,2024-07-31,2024-08-01,2025-07-31,1224,365,3-feature,1.3703,1.8623,0.474,2.75,45.69,365
LFPG,3-feature,2025-26,2021-03-24,2025-07-31,2025-08-01,2026-07-31,1589,364,raw_gfs,1.3822,1.8276,0.5255,0.0,,364
LFPG,3-feature,2025-26,2021-03-24,2025-07-31,2025-08-01,2026-07-31,1589,364,persistence,2.3003,3.0967,-0.0083,,0.0,363
LFPG,3-feature,2025-26,2021-03-24,2025-07-31,2025-08-01,2026-07-31,1589,364,3-feature,1.1775,1.6163,0.3745,14.81,48.81,364
LFPG,5-feature,2022-23,2021-03-24,2022-07-31,2022-08-01,2023-07-31,493,365,raw_gfs,1.2649,1.6992,0.2315,0.0,,365
LFPG,5-feature,2022-23,2021-03-24,2022-07-31,2022-08-01,2023-07-31,493,365,persistence,2.1726,2.8722,0.0192,,0.0,365
LFPG,5-feature,2022-23,2021-03-24,2022-07-31,2022-08-01,2023-07-31,493,365,5-feature,1.1581,1.5936,0.2771,8.44,46.69,365
LFPG,5-feature,2023-24,2021-03-24,2023-07-31,2023-08-01,2024-07-31,858,366,raw_gfs,1.2234,1.6308,-0.2643,0.0,,366
LFPG,5-feature,2023-24,2021-03-24,2023-07-31,2023-08-01,2024-07-31,858,366,persistence,2.3689,3.0358,-0.0301,,0.0,366
LFPG,5-feature,2023-24,2021-03-24,2023-07-31,2023-08-01,2024-07-31,858,366,5-feature,1.1606,1.5328,-0.221,5.13,51.01,366
LFPG,5-feature,2024-25,2021-03-24,2024-07-31,2024-08-01,2025-07-31,1224,365,raw_gfs,1.4091,1.8787,0.4452,0.0,,365
LFPG,5-feature,2024-25,2021-03-24,2024-07-31,2024-08-01,2025-07-31,1224,365,persistence,2.5233,3.2776,0.0137,,0.0,365
LFPG,5-feature,2024-25,2021-03-24,2024-07-31,2024-08-01,2025-07-31,1224,365,5-feature,1.3285,1.7973,0.4699,5.72,47.35,365
LFPG,5-feature,2025-26,2021-03-24,2025-07-31,2025-08-01,2026-07-31,1589,364,raw_gfs,1.3822,1.8276,0.5255,0.0,,364
LFPG,5-feature,2025-26,2021-03-24,2025-07-31,2025-08-01,2026-07-31,1589,364,persistence,2.3003,3.0967,-0.0083,,0.0,363
LFPG,5-feature,2025-26,2021-03-24,2025-07-31,2025-08-01,2026-07-31,1589,364,5-feature,1.1561,1.5977,0.3769,16.36,49.74,364
LFPG,5-feature,2024-25-thin,2024-01-19,2024-07-31,2024-08-01,2025-07-31,195,365,raw_gfs,1.4091,1.8787,0.4452,0.0,,365
LFPG,5-feature,2024-25-thin,2024-01-19,2024-07-31,2024-08-01,2025-07-31,195,365,persistence,2.5233,3.2776,0.0137,,0.0,365
LFPG,5-feature,2024-25-thin,2024-01-19,2024-07-31,2024-08-01,2025-07-31,195,365,5-feature,1.7219,2.2789,1.278,-22.2,31.76,365
LFPG,5-feature,2025-26-thin,2024-01-19,2025-07-31,2025-08-01,2026-07-31,560,364,raw_gfs,1.3822,1.8276,0.5255,0.0,,364
LFPG,5-feature,2025-26-thin,2024-01-19,2025-07-31,2025-08-01,2026-07-31,560,364,persistence,2.3003,3.0967,-0.0083,,0.0,363
LFPG,5-feature,2025-26-thin,2024-01-19,2025-07-31,2025-08-01,2026-07-31,560,364,5-feature,1.2566,1.7074,0.436,9.09,45.37,364
DSM,3-feature,2022-23,2021-03-24,2022-07-31,2022-08-01,2023-07-31,495,364,raw_gfs,2.0939,2.7321,0.7924,0.0,,364
DSM,3-feature,2022-23,2021-03-24,2022-07-31,2022-08-01,2023-07-31,495,364,persistence,3.9907,5.2904,-0.0105,,0.0,364
DSM,3-feature,2022-23,2021-03-24,2022-07-31,2022-08-01,2023-07-31,495,364,3-feature,1.7499,2.3198,0.638,16.43,56.15,364
DSM,3-feature,2023-24,2021-03-24,2023-07-31,2023-08-01,2024-07-31,859,366,raw_gfs,2.0349,2.653,-0.0915,0.0,,366
DSM,3-feature,2023-24,2021-03-24,2023-07-31,2023-08-01,2024-07-31,859,366,persistence,3.6992,4.9005,-0.0137,,0.0,366
DSM,3-feature,2023-24,2021-03-24,2023-07-31,2023-08-01,2024-07-31,859,366,3-feature,1.5215,1.9361,-0.293,25.23,58.87,366
DSM,3-feature,2024-25,2021-03-24,2024-07-31,2024-08-01,2025-07-31,1225,365,raw_gfs,1.7043,2.1573,0.3509,0.0,,365
DSM,3-feature,2024-25,2021-03-24,2024-07-31,2024-08-01,2025-07-31,1225,365,persistence,4.1081,5.4705,0.0167,,0.0,365
DSM,3-feature,2024-25,2021-03-24,2024-07-31,2024-08-01,2025-07-31,1225,365,3-feature,1.4334,1.8766,0.3187,15.89,65.11,365
DSM,3-feature,2025-26,2021-03-24,2025-07-31,2025-08-01,2026-07-31,1590,365,raw_gfs,1.7334,2.3097,0.5601,0.0,,365
DSM,3-feature,2025-26,2021-03-24,2025-07-31,2025-08-01,2026-07-31,1590,365,persistence,4.0029,5.4531,-0.0,,0.0,365
DSM,3-feature,2025-26,2021-03-24,2025-07-31,2025-08-01,2026-07-31,1590,365,3-feature,1.694,2.3028,0.4325,2.27,57.68,365
DSM,5-feature,2022-23,2021-03-24,2022-07-31,2022-08-01,2023-07-31,495,364,raw_gfs,2.0939,2.7321,0.7924,0.0,,364
DSM,5-feature,2022-23,2021-03-24,2022-07-31,2022-08-01,2023-07-31,495,364,persistence,3.9907,5.2904,-0.0105,,0.0,364
DSM,5-feature,2022-23,2021-03-24,2022-07-31,2022-08-01,2023-07-31,495,364,5-feature,1.7263,2.3296,0.5838,17.56,56.74,364
DSM,5-feature,2023-24,2021-03-24,2023-07-31,2023-08-01,2024-07-31,859,366,raw_gfs,2.0349,2.653,-0.0915,0.0,,366
DSM,5-feature,2023-24,2021-03-24,2023-07-31,2023-08-01,2024-07-31,859,366,persistence,3.6992,4.9005,-0.0137,,0.0,366
DSM,5-feature,2023-24,2021-03-24,2023-07-31,2023-08-01,2024-07-31,859,366,5-feature,1.5787,2.0229,-0.3091,22.42,57.32,366
DSM,5-feature,2024-25,2021-03-24,2024-07-31,2024-08-01,2025-07-31,1225,365,raw_gfs,1.7043,2.1573,0.3509,0.0,,365
DSM,5-feature,2024-25,2021-03-24,2024-07-31,2024-08-01,2025-07-31,1225,365,persistence,4.1081,5.4705,0.0167,,0.0,365
DSM,5-feature,2024-25,2021-03-24,2024-07-31,2024-08-01,2025-07-31,1225,365,5-feature,1.4402,1.882,0.2849,15.5,64.94,365
DSM,5-feature,2025-26,2021-03-24,2025-07-31,2025-08-01,2026-07-31,1590,365,raw_gfs,1.7334,2.3097,0.5601,0.0,,365
DSM,5-feature,2025-26,2021-03-24,2025-07-31,2025-08-01,2026-07-31,1590,365,persistence,4.0029,5.4531,-0.0,,0.0,365
DSM,5-feature,2025-26,2021-03-24,2025-07-31,2025-08-01,2026-07-31,1590,365,5-feature,1.6358,2.2658,0.4175,5.63,59.13,365
DSM,5-feature,2024-25-thin,2024-01-19,2024-07-31,2024-08-01,2025-07-31,195,365,raw_gfs,1.7043,2.1573,0.3509,0.0,,365
DSM,5-feature,2024-25-thin,2024-01-19,2024-07-31,2024-08-01,2025-07-31,195,365,persistence,4.1081,5.4705,0.0167,,0.0,365
DSM,5-feature,2024-25-thin,2024-01-19,2024-07-31,2024-08-01,2025-07-31,195,365,5-feature,2.0011,2.5133,1.436,-17.41,51.29,365
DSM,5-feature,2025-26-thin,2024-01-19,2025-07-31,2025-08-01,2026-07-31,560,365,raw_gfs,1.7334,2.3097,0.5601,0.0,,365
DSM,5-feature,2025-26-thin,2024-01-19,2025-07-31,2025-08-01,2026-07-31,560,365,persistence,4.0029,5.4531,-0.0,,0.0,365
DSM,5-feature,2025-26-thin,2024-01-19,2025-07-31,2025-08-01,2026-07-31,560,365,5-feature,1.7563,2.3783,0.5078,-1.32,56.12,365
YSDU,3-feature,2022-23,2021-03-24,2022-07-31,2022-08-01,2023-07-31,493,357,raw_gfs,1.1386,1.5498,0.1846,0.0,,357
YSDU,3-feature,2022-23,2021-03-24,2022-07-31,2022-08-01,2023-07-31,493,357,persistence,2.2776,3.1721,-0.017,,0.0,353
YSDU,3-feature,2022-23,2021-03-24,2022-07-31,2022-08-01,2023-07-31,493,357,3-feature,1.1913,1.5928,0.0216,-4.63,47.69,357
YSDU,3-feature,2023-24,2021-03-24,2023-07-31,2023-08-01,2024-07-31,850,363,raw_gfs,1.3283,1.8601,0.6166,0.0,,363
YSDU,3-feature,2023-24,2021-03-24,2023-07-31,2023-08-01,2024-07-31,850,363,persistence,2.4417,3.3446,0.025,,0.0,360
YSDU,3-feature,2023-24,2021-03-24,2023-07-31,2023-08-01,2024-07-31,850,363,3-feature,1.224,1.746,0.2665,7.85,49.87,363
YSDU,3-feature,2024-25,2021-03-24,2024-07-31,2024-08-01,2025-07-31,1213,360,raw_gfs,1.4897,2.1475,0.525,0.0,,360
YSDU,3-feature,2024-25,2021-03-24,2024-07-31,2024-08-01,2025-07-31,1213,360,persistence,2.5775,3.4507,-0.0197,,0.0,355
YSDU,3-feature,2024-25,2021-03-24,2024-07-31,2024-08-01,2025-07-31,1213,360,3-feature,1.3178,1.9393,0.0711,11.54,48.87,360
YSDU,3-feature,2025-26,2021-03-24,2025-07-31,2025-08-01,2026-07-31,1573,356,raw_gfs,1.3167,1.8503,0.3723,0.0,,356
YSDU,3-feature,2025-26,2021-03-24,2025-07-31,2025-08-01,2026-07-31,1573,356,persistence,2.6686,3.7655,-0.0692,,0.0,347
YSDU,3-feature,2025-26,2021-03-24,2025-07-31,2025-08-01,2026-07-31,1573,356,3-feature,1.2834,1.7547,-0.1202,2.53,51.91,356
YSDU,5-feature,2022-23,2021-03-24,2022-07-31,2022-08-01,2023-07-31,493,357,raw_gfs,1.1386,1.5498,0.1846,0.0,,357
YSDU,5-feature,2022-23,2021-03-24,2022-07-31,2022-08-01,2023-07-31,493,357,persistence,2.2776,3.1721,-0.017,,0.0,353
YSDU,5-feature,2022-23,2021-03-24,2022-07-31,2022-08-01,2023-07-31,493,357,5-feature,1.1991,1.5931,0.0328,-5.32,47.35,357
YSDU,5-feature,2023-24,2021-03-24,2023-07-31,2023-08-01,2024-07-31,850,363,raw_gfs,1.3283,1.8601,0.6166,0.0,,363
YSDU,5-feature,2023-24,2021-03-24,2023-07-31,2023-08-01,2024-07-31,850,363,persistence,2.4417,3.3446,0.025,,0.0,360
YSDU,5-feature,2023-24,2021-03-24,2023-07-31,2023-08-01,2024-07-31,850,363,5-feature,1.1264,1.6445,0.2165,15.2,53.87,363
YSDU,5-feature,2024-25,2021-03-24,2024-07-31,2024-08-01,2025-07-31,1213,360,raw_gfs,1.4897,2.1475,0.525,0.0,,360
YSDU,5-feature,2024-25,2021-03-24,2024-07-31,2024-08-01,2025-07-31,1213,360,persistence,2.5775,3.4507,-0.0197,,0.0,355
YSDU,5-feature,2024-25,2021-03-24,2024-07-31,2024-08-01,2025-07-31,1213,360,5-feature,1.303,1.9029,0.0657,12.53,49.45,360
YSDU,5-feature,2025-26,2021-03-24,2025-07-31,2025-08-01,2026-07-31,1573,356,raw_gfs,1.3167,1.8503,0.3723,0.0,,356
YSDU,5-feature,2025-26,2021-03-24,2025-07-31,2025-08-01,2026-07-31,1573,356,persistence,2.6686,3.7655,-0.0692,,0.0,347
YSDU,5-feature,2025-26,2021-03-24,2025-07-31,2025-08-01,2026-07-31,1573,356,5-feature,1.1786,1.6551,-0.0653,10.49,55.83,356
YSDU,5-feature,2024-25-thin,2024-01-19,2024-07-31,2024-08-01,2025-07-31,192,360,raw_gfs,1.4897,2.1475,0.525,0.0,,360
YSDU,5-feature,2024-25-thin,2024-01-19,2024-07-31,2024-08-01,2025-07-31,192,360,persistence,2.5775,3.4507,-0.0197,,0.0,355
YSDU,5-feature,2024-25-thin,2024-01-19,2024-07-31,2024-08-01,2025-07-31,192,360,5-feature,1.3335,1.9801,-0.0073,10.48,48.26,360
YSDU,5-feature,2025-26-thin,2024-01-19,2025-07-31,2025-08-01,2026-07-31,552,356,raw_gfs,1.3167,1.8503,0.3723,0.0,,356
YSDU,5-feature,2025-26-thin,2024-01-19,2025-07-31,2025-08-01,2026-07-31,552,356,persistence,2.6686,3.7655,-0.0692,,0.0,347
YSDU,5-feature,2025-26-thin,2024-01-19,2025-07-31,2025-08-01,2026-07-31,552,356,5-feature,1.2009,1.6968,-0.1825,8.8,55.0,356
RNO,3-feature,2022-23,2021-03-24,2022-07-31,2022-08-01,2023-07-31,493,364,raw_gfs,1.5603,2.0209,-0.5749,0.0,,364
RNO,3-feature,2022-23,2021-03-24,2022-07-31,2022-08-01,2023-07-31,493,364,persistence,2.5264,3.3718,0.0076,,0.0,364
RNO,3-feature,2022-23,2021-03-24,2022-07-31,2022-08-01,2023-07-31,493,364,3-feature,1.4444,1.9074,-0.4478,7.42,42.83,364
RNO,3-feature,2023-24,2021-03-24,2023-07-31,2023-08-01,2024-07-31,857,365,raw_gfs,1.4541,1.8716,-0.4977,0.0,,365
RNO,3-feature,2023-24,2021-03-24,2023-07-31,2023-08-01,2024-07-31,857,365,persistence,2.5962,3.4822,0.0015,,0.0,364
RNO,3-feature,2023-24,2021-03-24,2023-07-31,2023-08-01,2024-07-31,857,365,3-feature,1.3705,1.7691,-0.1909,5.75,47.21,365
RNO,3-feature,2024-25,2021-03-24,2024-07-31,2024-08-01,2025-07-31,1222,365,raw_gfs,1.6135,2.3409,0.183,0.0,,365
RNO,3-feature,2024-25,2021-03-24,2024-07-31,2024-08-01,2025-07-31,1222,365,persistence,2.7563,3.6319,0.0137,,0.0,365
RNO,3-feature,2024-25,2021-03-24,2024-07-31,2024-08-01,2025-07-31,1222,365,3-feature,1.5815,2.1903,0.5203,1.98,42.62,365
RNO,3-feature,2025-26,2021-03-24,2025-07-31,2025-08-01,2026-07-31,1587,365,raw_gfs,1.5116,2.1457,0.4934,0.0,,365
RNO,3-feature,2025-26,2021-03-24,2025-07-31,2025-08-01,2026-07-31,1587,365,persistence,2.4901,3.3554,-0.0152,,0.0,365
RNO,3-feature,2025-26,2021-03-24,2025-07-31,2025-08-01,2026-07-31,1587,365,3-feature,1.4551,2.0017,0.4617,3.74,41.57,365
RNO,5-feature,2022-23,2021-03-24,2022-07-31,2022-08-01,2023-07-31,493,364,raw_gfs,1.5603,2.0209,-0.5749,0.0,,364
RNO,5-feature,2022-23,2021-03-24,2022-07-31,2022-08-01,2023-07-31,493,364,persistence,2.5264,3.3718,0.0076,,0.0,364
RNO,5-feature,2022-23,2021-03-24,2022-07-31,2022-08-01,2023-07-31,493,364,5-feature,1.4012,1.8445,-0.5453,10.2,44.54,364
RNO,5-feature,2023-24,2021-03-24,2023-07-31,2023-08-01,2024-07-31,857,365,raw_gfs,1.4541,1.8716,-0.4977,0.0,,365
RNO,5-feature,2023-24,2021-03-24,2023-07-31,2023-08-01,2024-07-31,857,365,persistence,2.5962,3.4822,0.0015,,0.0,364
RNO,5-feature,2023-24,2021-03-24,2023-07-31,2023-08-01,2024-07-31,857,365,5-feature,1.2972,1.6509,-0.2605,10.79,50.04,365
RNO,5-feature,2024-25,2021-03-24,2024-07-31,2024-08-01,2025-07-31,1222,365,raw_gfs,1.6135,2.3409,0.183,0.0,,365
RNO,5-feature,2024-25,2021-03-24,2024-07-31,2024-08-01,2025-07-31,1222,365,persistence,2.7563,3.6319,0.0137,,0.0,365
RNO,5-feature,2024-25,2021-03-24,2024-07-31,2024-08-01,2025-07-31,1222,365,5-feature,1.4272,1.9817,0.6101,11.55,48.22,365
RNO,5-feature,2025-26,2021-03-24,2025-07-31,2025-08-01,2026-07-31,1587,365,raw_gfs,1.5116,2.1457,0.4934,0.0,,365
RNO,5-feature,2025-26,2021-03-24,2025-07-31,2025-08-01,2026-07-31,1587,365,persistence,2.4901,3.3554,-0.0152,,0.0,365
RNO,5-feature,2025-26,2021-03-24,2025-07-31,2025-08-01,2026-07-31,1587,365,5-feature,1.346,1.8596,0.499,10.96,45.95,365
RNO,5-feature,2024-25-thin,2024-01-19,2024-07-31,2024-08-01,2025-07-31,194,365,raw_gfs,1.6135,2.3409,0.183,0.0,,365
RNO,5-feature,2024-25-thin,2024-01-19,2024-07-31,2024-08-01,2025-07-31,194,365,persistence,2.7563,3.6319,0.0137,,0.0,365
RNO,5-feature,2024-25-thin,2024-01-19,2024-07-31,2024-08-01,2025-07-31,194,365,5-feature,1.6901,2.4298,0.9753,-4.75,38.68,365
RNO,5-feature,2025-26-thin,2024-01-19,2025-07-31,2025-08-01,2026-07-31,559,365,raw_gfs,1.5116,2.1457,0.4934,0.0,,365
RNO,5-feature,2025-26-thin,2024-01-19,2025-07-31,2025-08-01,2026-07-31,559,365,persistence,2.4901,3.3554,-0.0152,,0.0,365
RNO,5-feature,2025-26-thin,2024-01-19,2025-07-31,2025-08-01,2026-07-31,559,365,5-feature,1.3085,1.8452,0.4145,13.44,47.45,365
