station,feature_set,fold,train_start,train_end,train_days,train_years,test_start,test_end,train_rows,test_rows,thin
EGLC,3-feature,2022-23,2021-03-24,2022-07-31,495,1.36,2022-08-01,2023-07-31,495,364,YES
EGLC,3-feature,2023-24,2021-03-24,2023-07-31,860,2.35,2023-08-01,2024-07-31,859,366,no
EGLC,3-feature,2024-25,2021-03-24,2024-07-31,1226,3.36,2024-08-01,2025-07-31,1225,364,no
EGLC,3-feature,2025-26,2021-03-24,2025-07-31,1591,4.36,2025-08-01,2026-07-31,1589,364,no
EGLC,5-feature,2022-23,2021-03-24,2022-07-31,495,1.36,2022-08-01,2023-07-31,495,364,YES
EGLC,5-feature,2023-24,2021-03-24,2023-07-31,860,2.35,2023-08-01,2024-07-31,859,366,no
EGLC,5-feature,2024-25,2021-03-24,2024-07-31,1226,3.36,2024-08-01,2025-07-31,1225,364,no
EGLC,5-feature,2025-26,2021-03-24,2025-07-31,1591,4.36,2025-08-01,2026-07-31,1589,364,no
EGLC,5-feature,2024-25-thin,2024-01-19,2024-07-31,195,0.53,2024-08-01,2025-07-31,195,364,YES
EGLC,5-feature,2025-26-thin,2024-01-19,2025-07-31,560,1.53,2025-08-01,2026-07-31,559,364,YES
LFPG,3-feature,2022-23,2021-03-24,2022-07-31,495,1.36,2022-08-01,2023-07-31,493,365,YES
LFPG,3-feature,2023-24,2021-03-24,2023-07-31,860,2.35,2023-08-01,2024-07-31,858,366,no
LFPG,3-feature,2024-25,2021-03-24,2024-07-31,1226,3.36,2024-08-01,2025-07-31,1224,365,no
LFPG,3-feature,2025-26,2021-03-24,2025-07-31,1591,4.36,2025-08-01,2026-07-31,1589,364,no
LFPG,5-feature,2022-23,2021-03-24,2022-07-31,495,1.36,2022-08-01,2023-07-31,493,365,YES
LFPG,5-feature,2023-24,2021-03-24,2023-07-31,860,2.35,2023-08-01,2024-07-31,858,366,no
LFPG,5-feature,2024-25,2021-03-24,2024-07-31,1226,3.36,2024-08-01,2025-07-31,1224,365,no
LFPG,5-feature,2025-26,2021-03-24,2025-07-31,1591,4.36,2025-08-01,2026-07-31,1589,364,no
LFPG,5-feature,2024-25-thin,2024-01-19,2024-07-31,195,0.53,2024-08-01,2025-07-31,195,365,YES
LFPG,5-feature,2025-26-thin,2024-01-19,2025-07-31,560,1.53,2025-08-01,2026-07-31,560,364,YES
DSM,3-feature,2022-23,2021-03-24,2022-07-31,495,1.36,2022-08-01,2023-07-31,495,364,YES
DSM,3-feature,2023-24,2021-03-24,2023-07-31,860,2.35,2023-08-01,2024-07-31,859,366,no
DSM,3-feature,2024-25,2021-03-24,2024-07-31,1226,3.36,2024-08-01,2025-07-31,1225,365,no
DSM,3-feature,2025-26,2021-03-24,2025-07-31,1591,4.36,2025-08-01,2026-07-31,1590,365,no
DSM,5-feature,2022-23,2021-03-24,2022-07-31,495,1.36,2022-08-01,2023-07-31,495,364,YES
DSM,5-feature,2023-24,2021-03-24,2023-07-31,860,2.35,2023-08-01,2024-07-31,859,366,no
DSM,5-feature,2024-25,2021-03-24,2024-07-31,1226,3.36,2024-08-01,2025-07-31,1225,365,no
DSM,5-feature,2025-26,2021-03-24,2025-07-31,1591,4.36,2025-08-01,2026-07-31,1590,365,no
DSM,5-feature,2024-25-thin,2024-01-19,2024-07-31,195,0.53,2024-08-01,2025-07-31,195,365,YES
DSM,5-feature,2025-26-thin,2024-01-19,2025-07-31,560,1.53,2025-08-01,2026-07-31,560,365,YES
YSDU,3-feature,2022-23,2021-03-24,2022-07-31,495,1.36,2022-08-01,2023-07-31,493,357,YES
YSDU,3-feature,2023-24,2021-03-24,2023-07-31,860,2.35,2023-08-01,2024-07-31,850,363,no
YSDU,3-feature,2024-25,2021-03-24,2024-07-31,1226,3.36,2024-08-01,2025-07-31,1213,360,no
YSDU,3-feature,2025-26,2021-03-24,2025-07-31,1591,4.36,2025-08-01,2026-07-31,1573,356,no
YSDU,5-feature,2022-23,2021-03-24,2022-07-31,495,1.36,2022-08-01,2023-07-31,493,357,YES
YSDU,5-feature,2023-24,2021-03-24,2023-07-31,860,2.35,2023-08-01,2024-07-31,850,363,no
YSDU,5-feature,2024-25,2021-03-24,2024-07-31,1226,3.36,2024-08-01,2025-07-31,1213,360,no
YSDU,5-feature,2025-26,2021-03-24,2025-07-31,1591,4.36,2025-08-01,2026-07-31,1573,356,no
YSDU,5-feature,2024-25-thin,2024-01-19,2024-07-31,195,0.53,2024-08-01,2025-07-31,192,360,YES
YSDU,5-feature,2025-26-thin,2024-01-19,2025-07-31,560,1.53,2025-08-01,2026-07-31,552,356,YES
RNO,3-feature,2022-23,2021-03-24,2022-07-31,495,1.36,2022-08-01,2023-07-31,493,364,YES
RNO,3-feature,2023-24,2021-03-24,2023-07-31,860,2.35,2023-08-01,2024-07-31,857,365,no
RNO,3-feature,2024-25,2021-03-24,2024-07-31,1226,3.36,2024-08-01,2025-07-31,1222,365,no
RNO,3-feature,2025-26,2021-03-24,2025-07-31,1591,4.36,2025-08-01,2026-07-31,1587,365,no
RNO,5-feature,2022-23,2021-03-24,2022-07-31,495,1.36,2022-08-01,2023-07-31,493,364,YES
RNO,5-feature,2023-24,2021-03-24,2023-07-31,860,2.35,2023-08-01,2024-07-31,857,365,no
RNO,5-feature,2024-25,2021-03-24,2024-07-31,1226,3.36,2024-08-01,2025-07-31,1222,365,no
RNO,5-feature,2025-26,2021-03-24,2025-07-31,1591,4.36,2025-08-01,2026-07-31,1587,365,no
RNO,5-feature,2024-25-thin,2024-01-19,2024-07-31,195,0.53,2024-08-01,2025-07-31,194,365,YES
RNO,5-feature,2025-26-thin,2024-01-19,2025-07-31,560,1.53,2025-08-01,2026-07-31,559,365,YES
