station,fold,variant,n_train,n_test,raw_mae,persist_mae,mae,delta_vs_B,skill_vs_B_pct
EGLC,2022-23,B,495,364,1.2262,1.7934,1.1677,0.0,0.0
EGLC,2022-23,B+T,495,364,1.2262,1.7934,1.15,-0.0177,1.52
EGLC,2022-23,B+Tv,495,364,1.2262,1.7934,1.1312,-0.0365,3.12
EGLC,2022-23,B+v,495,364,1.2262,1.7934,1.1331,-0.0346,2.96
EGLC,2023-24,B,859,366,1.0148,2.0164,0.947,0.0,0.0
EGLC,2023-24,B+T,859,366,1.0148,2.0164,0.9455,-0.0015,0.16
EGLC,2023-24,B+Tv,859,366,1.0148,2.0164,0.9138,-0.0332,3.51
EGLC,2023-24,B+v,859,366,1.0148,2.0164,0.913,-0.034,3.59
EGLC,2025-26,B,1225,364,1.2536,2.0964,1.0084,0.0,0.0
EGLC,2025-26,B+T,1225,364,1.2536,2.0964,1.0081,-0.0002,0.02
EGLC,2025-26,B+Tv,1225,364,1.2536,2.0964,1.0607,0.0524,-5.19
EGLC,2025-26,B+v,1225,364,1.2536,2.0964,1.0341,0.0257,-2.55
LFPG,2022-23,B,493,365,1.2649,2.1726,1.1581,0.0,0.0
LFPG,2022-23,B+T,493,365,1.2649,2.1726,1.1211,-0.037,3.2
LFPG,2022-23,B+Tv,493,365,1.2649,2.1726,1.1269,-0.0313,2.7
LFPG,2022-23,B+v,493,365,1.2649,2.1726,1.1464,-0.0118,1.02
LFPG,2023-24,B,858,366,1.2234,2.3689,1.1606,0.0,0.0
LFPG,2023-24,B+T,858,366,1.2234,2.3689,1.1775,0.0169,-1.45
LFPG,2023-24,B+Tv,858,366,1.2234,2.3689,1.1654,0.0048,-0.41
LFPG,2023-24,B+v,858,366,1.2234,2.3689,1.1481,-0.0125,1.07
LFPG,2025-26,B,1224,364,1.3822,2.3003,1.1989,0.0,0.0
LFPG,2025-26,B+T,1224,364,1.3822,2.3003,1.1822,-0.0166,1.39
LFPG,2025-26,B+Tv,1224,364,1.3822,2.3003,1.1825,-0.0163,1.36
LFPG,2025-26,B+v,1224,364,1.3822,2.3003,1.2015,0.0027,-0.22
DSM,2022-23,B,495,364,2.0939,3.9907,1.7263,0.0,0.0
DSM,2022-23,B+T,495,364,2.0939,3.9907,1.7136,-0.0126,0.73
DSM,2022-23,B+Tv,495,364,2.0939,3.9907,1.7073,-0.0189,1.1
DSM,2022-23,B+v,495,364,2.0939,3.9907,1.7272,0.001,-0.06
DSM,2023-24,B,859,366,2.0349,3.6992,1.5787,0.0,0.0
DSM,2023-24,B+T,859,366,2.0349,3.6992,1.5644,-0.0143,0.91
DSM,2023-24,B+Tv,859,366,2.0349,3.6992,1.6399,0.0611,-3.87
DSM,2023-24,B+v,859,366,2.0349,3.6992,1.6322,0.0535,-3.39
DSM,2025-26,B,1225,365,1.7334,4.0029,1.665,0.0,0.0
DSM,2025-26,B+T,1225,365,1.7334,4.0029,1.6553,-0.0097,0.58
DSM,2025-26,B+Tv,1225,365,1.7334,4.0029,1.6382,-0.0268,1.61
DSM,2025-26,B+v,1225,365,1.7334,4.0029,1.6626,-0.0024,0.15
YSDU,2022-23,B,493,357,1.1386,2.2776,1.1991,0.0,0.0
YSDU,2022-23,B+T,493,357,1.1386,2.2776,1.1633,-0.0359,2.99
YSDU,2022-23,B+Tv,493,357,1.1386,2.2776,1.1472,-0.0519,4.33
YSDU,2022-23,B+v,493,357,1.1386,2.2776,1.1815,-0.0176,1.47
YSDU,2023-24,B,850,363,1.3283,2.4417,1.1264,0.0,0.0
YSDU,2023-24,B+T,850,363,1.3283,2.4417,1.1531,0.0267,-2.37
YSDU,2023-24,B+Tv,850,363,1.3283,2.4417,1.1611,0.0347,-3.08
YSDU,2023-24,B+v,850,363,1.3283,2.4417,1.1489,0.0225,-2.0
YSDU,2025-26,B,1213,356,1.3167,2.6686,1.1902,0.0,0.0
YSDU,2025-26,B+T,1213,356,1.3167,2.6686,1.1916,0.0014,-0.12
YSDU,2025-26,B+Tv,1213,356,1.3167,2.6686,1.2006,0.0105,-0.88
YSDU,2025-26,B+v,1213,356,1.3167,2.6686,1.2003,0.0101,-0.85
RNO,2022-23,B,493,364,1.5603,2.5264,1.4012,0.0,0.0
RNO,2022-23,B+T,493,364,1.5603,2.5264,1.3863,-0.0149,1.06
RNO,2022-23,B+Tv,493,364,1.5603,2.5264,1.3869,-0.0142,1.02
RNO,2022-23,B+v,493,364,1.5603,2.5264,1.4115,0.0103,-0.73
RNO,2023-24,B,857,365,1.4541,2.5962,1.2972,0.0,0.0
RNO,2023-24,B+T,857,365,1.4541,2.5962,1.2034,-0.0938,7.23
RNO,2023-24,B+Tv,857,365,1.4541,2.5962,1.2041,-0.0931,7.18
RNO,2023-24,B+v,857,365,1.4541,2.5962,1.2811,-0.0161,1.24
RNO,2025-26,B,1222,365,1.5116,2.4901,1.4298,0.0,0.0
RNO,2025-26,B+T,1222,365,1.5116,2.4901,1.4741,0.0444,-3.1
RNO,2025-26,B+Tv,1222,365,1.5116,2.4901,1.4467,0.0169,-1.18
RNO,2025-26,B+v,1222,365,1.5116,2.4901,1.4373,0.0076,-0.53
