look,target_date,obs_c,raw_gfs_c,persistence_c,mean_bias_c,B_c,BDLRT_c
A,2024-08-01,18.33,20.962,19.44,21.32581439084219,20.48435115512195,20.921117860824765
A,2024-08-02,17.78,21.474,18.33,21.83781439084219,20.837274737497406,20.39712031692009
A,2024-08-03,20.56,22.867,17.78,23.23081439084219,21.76991230237786,21.828241433886717
A,2024-08-04,16.67,20.978,20.56,21.341814390842192,20.405464955361584,20.25306691748133
A,2024-08-05,16.67,21.347,16.67,21.71081439084219,21.26703746443216,20.549655407559158
A,2024-08-06,20.56,23.047,16.67,23.41081439084219,22.433497209063443,21.726107754661154
A,2024-08-07,21.11,23.16,20.56,23.52381439084219,22.302117018161084,22.171607579658456
A,2024-08-08,16.67,20.711,21.11,21.07481439084219,21.219975222678155,20.302573441306272
A,2024-08-09,16.67,20.643,16.67,21.00681439084219,21.123948805850336,20.26989461534452
A,2024-08-10,17.22,21.36,16.67,21.72381439084219,21.327725890704613,21.156453056421682
A,2024-08-11,17.22,19.15,17.22,19.51381439084219,20.71531207702788,20.429291647131745
A,2024-08-12,17.78,18.544,17.22,18.90781439084219,19.812854971758224,19.524117787848883
A,2024-08-13,18.33,19.708,17.78,20.07181439084219,20.939451198472995,19.72096075170917
A,2024-08-14,17.22,20.018,18.33,20.38181439084219,20.79689396270314,20.669595483512566
A,2024-08-15,18.89,20.469,17.22,20.83281439084219,21.253716770523038,21.350815953798104
A,2024-08-16,19.44,20.796,18.89,21.15981439084219,20.85666160248095,20.39034211852025
A,2024-08-17,22.22,20.666,19.44,21.02981439084219,20.498973084703472,22.615910561922444
A,2024-08-18,19.44,18.71,22.22,19.07381439084219,19.66846124844247,20.01764715352695
A,2024-08-19,19.44,20.018,19.44,20.38181439084219,21.115252350561033,20.371346130623156
A,2024-08-20,23.33,21.163,19.44,21.52681439084219,21.47877714626813,22.141626255192442
A,2024-08-21,20.56,20.579,23.33,20.94281439084219,21.22572682721697,21.934491757009084
A,2024-08-22,19.44,19.558,20.56,19.92181439084219,20.43990622695825,21.25290257401559
A,2024-08-23,18.33,18.14,19.44,18.50381439084219,19.346043956502314,19.777643534247282
A,2024-08-24,21.11,20.07,18.33,20.43381439084219,20.701181519487275,22.429007278815988
A,2024-08-25,23.33,21.58,21.11,21.94381439084219,21.274932136255412,23.38996437630545
A,2024-08-26,22.78,22.566,23.33,22.92981439084219,21.530760372627913,22.66145115964456
A,2024-08-27,22.22,23.67,22.78,24.033814390842192,23.184891400084815,23.58807940161481
A,2024-08-28,21.67,23.076,22.22,23.43981439084219,23.144441811567102,22.51638188542698
A,2024-08-29,20.0,21.797,21.67,22.16081439084219,22.44761917325194,22.342869410301045
A,2024-08-30,18.89,21.237,20.0,21.60081439084219,20.96857645425091,21.308298687585342
A,2024-08-31,19.44,20.898,18.89,21.26181439084219,20.902616226091233,20.493032258259277
A,2024-09-01,21.11,19.356,19.44,19.719814390842192,19.790020090910303,19.881955262645906
A,2024-09-02,20.56,20.484,21.11,20.847814390842192,21.208680287038163,20.65863581650243
A,2024-09-03,22.22,24.432,20.56,24.79581439084219,24.856217669125332,24.69855085243757
A,2024-09-04,20.56,25.104,22.22,25.46781439084219,24.713241168909654,25.17251375361911
A,2024-09-05,21.67,24.224,20.56,24.58781439084219,24.163201992925952,23.947033104268762
A,2024-09-06,18.89,23.446,21.67,23.80981439084219,22.981118536636195,22.27268860089015
A,2024-09-07,17.22,22.855,18.89,23.21881439084219,21.9211675759096,21.804064905386756
A,2024-09-08,20.56,21.891,17.22,22.25481439084219,22.02161545803687,21.59185622305119
A,2024-09-09,18.89,20.69,20.56,21.05381439084219,21.41816549763786,20.59631929534553
A,2024-09-10,17.78,19.183,18.89,19.54681439084219,21.289984097286357,19.957197611766475
A,2024-09-11,17.22,19.892,17.78,20.25581439084219,20.39051087608933,21.53208694829058
A,2024-09-12,20.0,19.718,17.22,20.08181439084219,21.261358073915172,20.423873381175813
A,2024-09-13,21.67,21.455,20.0,21.81881439084219,21.635508959779965,21.51194697310433
A,2024-09-14,18.89,20.428,21.67,20.79181439084219,20.975690010644353,20.5077426722842
A,2024-09-15,16.11,16.43,18.89,16.79381439084219,17.78375851818274,17.630564363656582
A,2024-09-16,17.22,16.164,16.11,16.52781439084219,17.677043568100622,17.87915284902117
A,2024-09-17,17.78,18.317,17.22,18.68081439084219,20.1247342079287,19.954334875132915
A,2024-09-18,19.44,19.959,17.78,20.32281439084219,20.65867156770426,19.87415255330769
A,2024-09-19,18.33,19.372,19.44,19.73581439084219,20.87870518762218,20.99463445526296
A,2024-09-20,18.89,19.634,18.33,19.99781439084219,20.79069740577635,19.6159347470876
A,2024-09-21,18.89,20.56,18.89,20.92381439084219,21.455553021802864,20.305027275501306
A,2024-09-22,18.33,21.73,18.89,22.09381439084219,22.20562875609993,21.01252191461193
A,2024-09-23,21.11,25.627,18.33,25.99081439084219,25.773680110884342,25.686356032468826
A,2024-09-24,24.44,24.949,21.11,25.312814390842192,25.057969854452324,24.808571598461892
A,2024-09-25,19.44,19.735,24.44,20.09881439084219,21.273776038058564,20.22858195047317
A,2024-09-26,19.44,20.808,19.44,21.17181439084219,21.264312793061073,20.194306312224068
A,2024-09-27,22.22,24.477,19.44,24.84081439084219,24.53668714059671,24.458145903546008
A,2024-09-28,18.33,21.962,22.22,22.32581439084219,21.472153194199894,20.28751739133877
A,2024-09-29,18.89,20.349,18.33,20.71281439084219,21.094765960098325,20.17129223606893
A,2024-09-30,22.22,24.687,18.89,25.05081439084219,25.218825260856967,24.5319695693758
A,2024-10-01,24.44,29.519,22.22,29.88281439084219,30.19287505387839,29.134886160211323
A,2024-10-02,25.0,28.945,24.44,29.30881439084219,29.24075538209737,28.71734432407382
A,2024-10-03,24.44,26.835,25.0,27.19881439084219,26.641908850965255,26.791419713356312
A,2024-10-04,22.22,24.693,24.44,25.05681439084219,22.612605814566802,23.289481742838483
A,2024-10-05,24.44,28.095,22.22,28.45881439084219,26.48654450551725,27.148048402628646
A,2024-10-06,26.11,28.167,24.44,28.530814390842192,26.207296151381126,26.820798802952275
A,2024-10-07,26.67,25.78,26.11,26.14381439084219,24.625607594429074,24.702163510618785
A,2024-10-08,21.11,23.093,26.67,23.45681439084219,21.991379095630986,21.07877123964996
A,2024-10-09,17.78,20.174,21.11,20.53781439084219,19.978979138748393,19.32047891735706
A,2024-10-10,17.78,19.421,17.78,19.78481439084219,19.30857622732055,18.412336330253364
A,2024-10-11,19.44,20.005,17.78,20.36881439084219,19.087509827791887,19.77190904408928
A,2024-10-12,19.44,20.355,19.44,20.71881439084219,19.141438598883283,21.048215209130074
A,2024-10-13,21.67,20.035,19.44,20.39881439084219,20.429100833726856,21.377860038231045
A,2024-10-14,17.78,18.616,21.67,18.97981439084219,19.169909045420116,18.874826344737382
A,2024-10-15,19.44,20.059,17.78,20.42281439084219,20.24978905612863,19.76685615192823
A,2024-10-16,18.33,18.915,19.44,19.27881439084219,18.54166191494309,20.288558716445518
A,2024-10-17,18.33,17.137,18.33,17.50081439084219,18.132226486268095,17.896920288324882
A,2024-10-18,21.11,18.88,18.33,19.24381439084219,19.710794581272765,20.274131212702915
A,2024-10-19,24.44,21.548,21.11,21.91181439084219,20.436478419093227,20.339425219784985
A,2024-10-20,20.0,20.834,24.44,21.19781439084219,19.377748416285588,19.92108325864898
A,2024-10-21,17.78,19.193,20.0,19.55681439084219,19.762591282400457,19.855162174521293
A,2024-10-22,17.78,18.013,17.78,18.376814390842192,18.897874024171518,17.73715355563827
A,2024-10-23,18.89,19.062,17.78,19.42581439084219,19.50252831983766,18.63346690721391
A,2024-10-24,20.56,19.393,18.89,19.75681439084219,18.750020340731666,19.47208488299898
A,2024-10-25,18.89,20.296,20.56,20.65981439084219,19.597473412792564,20.519554464025706
A,2024-10-26,17.78,20.531,18.89,20.89481439084219,20.109877485390673,20.561202245965173
A,2024-10-27,20.0,19.413,17.78,19.77681439084219,20.12850968537263,20.900835866015957
A,2024-10-28,17.22,16.004,20.0,16.36781439084219,17.690671456861015,17.7177158873752
A,2024-10-29,15.0,15.475,17.22,15.838814390842192,17.678642774811482,17.63848684407292
A,2024-10-30,13.89,15.795,15.0,16.158814390842192,16.515741398314624,16.407040017308297
A,2024-10-31,17.78,15.836,13.89,16.199814390842192,17.401545598732927,17.332955668513595
A,2024-11-01,17.22,15.914,17.78,16.27781439084219,16.525758932090564,16.820576326502312
A,2024-11-02,16.67,15.57,17.22,15.933814390842192,17.267554797471227,17.17072274753888
A,2024-11-03,18.89,15.792,16.67,16.155814390842192,17.14151265269742,17.228427659817612
A,2024-11-04,19.44,18.286,18.89,18.64981439084219,19.09514796698234,19.869185367780183
A,2024-11-05,17.78,16.917,19.44,17.280814390842192,17.983427249146413,17.198456968060857
A,2024-11-06,18.33,17.757,17.78,18.12081439084219,19.082557449789327,19.57505866536043
A,2024-11-07,19.44,17.861,18.33,18.22481439084219,17.773770241343907,18.87938708424729
A,2024-11-08,17.22,17.509,19.44,17.87281439084219,17.642419300375565,17.531132710539897
A,2024-11-09,16.67,17.05,17.22,17.41381439084219,16.860445716539296,16.72912290634602
A,2024-11-10,16.11,17.653,16.67,18.01681439084219,16.98361032865891,17.662494171927506
A,2024-11-11,12.78,11.907,16.11,12.270814390842192,12.730644538713504,13.64489735164469
A,2024-11-12,16.11,13.861,12.78,14.224814390842193,14.645415401973047,14.9996208075765
A,2024-11-13,17.22,16.61,16.11,16.97381439084219,17.584926149840086,17.70386228885355
A,2024-11-14,15.56,14.872,17.22,15.235814390842192,16.27965107538792,16.115834427931482
A,2024-11-15,13.33,12.391,15.56,12.754814390842192,13.931834038204759,13.818155889269995
A,2024-11-16,13.89,13.046,13.33,13.409814390842191,12.539362249605386,12.651740324139217
A,2024-11-17,13.33,12.915,13.89,13.278814390842191,12.187487099540355,12.338328941589294
A,2024-11-18,13.89,12.341,13.33,12.704814390842191,13.791634101554017,13.529744032812825
A,2024-11-19,12.78,13.394,13.89,13.757814390842192,12.347435478383373,12.018240844584152
A,2024-11-20,17.22,14.085,12.78,14.448814390842193,15.156166064511062,15.23065329154641
A,2024-11-21,17.22,15.552,17.22,15.915814390842192,16.562648288190474,16.232994895593823
A,2024-11-22,15.0,16.093,17.22,16.45681439084219,17.079641180660182,16.68052654778357
A,2024-11-23,15.0,14.003,15.0,14.366814390842192,15.23579916779308,15.096184733818987
A,2024-11-24,15.0,14.464,15.0,14.827814390842192,14.52160075641083,14.262346187600397
A,2024-11-25,12.22,12.273,15.0,12.636814390842192,11.326403719738488,11.876681270794304
A,2024-11-26,12.22,13.754,12.22,14.117814390842192,12.809148534196426,13.823715401421017
A,2024-11-27,13.89,12.638,12.22,13.001814390842192,13.397510513459203,13.38639001774165
A,2024-11-28,13.89,13.003,13.89,13.366814390842192,13.406964412961566,12.6568856259934
A,2024-11-29,14.44,13.702,13.89,14.065814390842192,13.457951741370913,12.634994240957372
A,2024-11-30,15.0,15.363,14.44,15.726814390842192,14.943183212247105,13.83771350220706
A,2024-12-01,15.0,16.485,15.0,16.84881439084219,14.62845726328762,14.329166310226567
A,2024-12-02,15.0,16.867,15.0,17.23081439084219,15.004560786421761,14.831971736598657
A,2024-12-03,14.44,16.996,15.0,17.35981439084219,14.922572589187192,14.593512069733181
A,2024-12-04,14.44,16.681,14.44,17.04481439084219,14.744448466308732,14.604239439971774
A,2024-12-05,14.44,16.341,14.44,16.70481439084219,15.564045922374717,15.343110194149837
A,2024-12-06,15.0,17.239,14.44,17.60281439084219,15.405378715103854,14.680630039854899
A,2024-12-07,15.0,16.032,15.0,16.39581439084219,15.168332938834755,14.7090653626752
A,2024-12-08,15.0,15.893,15.0,16.25681439084219,14.97686976716359,14.169923156886732
A,2024-12-09,16.11,14.741,15.0,15.104814390842192,15.433050851118344,15.543709960672535
A,2024-12-10,12.22,14.358,16.11,14.721814390842193,14.138008426008525,14.162569439179542
A,2024-12-11,12.22,14.874,12.22,15.237814390842193,13.709724253033556,13.318970520781395
A,2024-12-12,14.44,12.719,12.22,13.082814390842191,13.441607166075451,13.276621604755158
A,2024-12-13,13.89,13.323,14.44,13.686814390842192,13.801507384916448,14.280160451843416
A,2024-12-14,13.89,11.916,13.89,12.279814390842192,12.770137038809466,13.107756449744214
A,2024-12-15,11.67,12.244,13.89,12.607814390842192,11.896161019833372,11.291759537085351
A,2024-12-16,10.0,11.052,11.67,11.415814390842192,11.269691375590522,11.653684589971274
A,2024-12-17,11.67,14.039,10.0,14.402814390842192,13.800801303950736,13.048102399966464
A,2024-12-18,11.11,15.085,11.67,15.448814390842193,14.464006131502973,13.303143441305187
A,2024-12-19,12.22,15.493,11.11,15.856814390842192,14.318672622133265,13.6555650142017
A,2024-12-21,13.89,13.01,,13.373814390842192,11.64327140618181,12.123801665332154
A,2024-12-22,13.33,16.338,13.89,16.70181439084219,13.808859393655743,14.556596808704063
A,2024-12-23,13.89,16.427,13.33,16.79081439084219,14.197457505397407,14.468819184605538
A,2024-12-24,15.0,12.889,13.89,13.252814390842191,13.585804937281548,13.625523448377155
A,2024-12-25,11.11,12.104,15.0,12.467814390842191,11.760923210617838,12.420894645484584
A,2024-12-26,15.0,14.258,11.11,14.621814390842191,14.55873848321378,15.31384714468863
A,2024-12-27,15.56,15.424,15.0,15.787814390842192,14.771349484156556,15.529012451506215
A,2024-12-28,16.67,15.684,15.56,16.04781439084219,15.006055126564608,15.60741790304271
A,2024-12-29,15.56,13.617,16.67,13.980814390842193,14.695698286724923,14.463853211821231
A,2024-12-30,12.22,11.924,15.56,12.287814390842192,12.190758227124565,12.477194411466956
A,2024-12-31,12.22,12.364,12.22,12.727814390842193,11.725998793415098,11.300145465612353
A,2025-01-01,11.11,13.196,12.22,13.559814390842192,12.310656898553093,11.606160209918933
A,2025-01-02,13.33,15.014,11.11,15.377814390842191,13.877364996054903,13.163391589382202
A,2025-01-03,15.0,11.446,13.33,11.809814390842192,11.520071784616611,12.559595620442778
A,2025-01-04,11.67,12.079,15.0,12.442814390842193,12.194224546674779,12.999633274482406
A,2025-01-05,12.22,13.441,11.67,13.804814390842193,12.209333016716863,12.101565367198598
A,2025-01-06,11.11,13.724,12.22,14.087814390842192,13.477829108040908,14.111846552912212
A,2025-01-07,16.67,15.168,11.11,15.531814390842191,15.417844695808256,15.49472997751529
A,2025-01-08,17.22,14.271,16.67,14.634814390842193,12.804898822957924,13.595434894811017
A,2025-01-09,15.0,14.886,17.22,15.249814390842191,13.86389755988506,13.267206164369986
A,2025-01-10,13.89,16.062,15.0,16.42581439084219,13.435494634741058,13.576638589117518
A,2025-01-11,16.67,14.006,13.89,14.369814390842192,14.98157858930146,14.43805305038032
A,2025-01-12,16.11,13.8,16.67,14.163814390842193,12.522003077610153,13.524436030667692
A,2025-01-13,13.89,13.081,16.11,13.444814390842192,14.216387335726333,13.815160791286507
A,2025-01-14,12.22,13.293,13.89,13.656814390842191,11.86496693118081,11.327965116533505
A,2025-01-15,12.22,14.072,12.22,14.435814390842191,12.509838536170747,12.450421967509115
A,2025-01-16,12.22,15.126,12.22,15.489814390842191,12.75930761408774,13.322031590039229
A,2025-01-17,11.67,13.206,12.22,13.569814390842192,12.954374072528678,12.832863893546977
A,2025-01-18,11.11,13.021,11.67,13.384814390842193,11.699511808804106,11.454910905299107
A,2025-01-19,10.56,12.765,11.11,13.128814390842193,12.041772777712428,11.665678345705734
A,2025-01-20,14.44,12.998,10.56,13.361814390842191,14.174187987971653,14.384931876403401
A,2025-01-21,11.67,13.635,14.44,13.998814390842192,13.203254173806897,13.28239961198068
A,2025-01-22,11.67,14.228,11.67,14.591814390842192,14.095034546119889,13.631109351758758
A,2025-01-23,17.22,15.148,11.67,15.511814390842192,13.549565908916694,14.006289270328665
A,2025-01-24,12.78,14.817,17.22,15.180814390842192,13.280748446690156,12.502408606805183
A,2025-01-25,13.33,9.218,12.78,9.581814390842192,10.044031215440784,10.673275886280074
A,2025-01-26,12.22,10.685,13.33,11.048814390842193,11.714559299481037,11.964162945255946
A,2025-01-27,11.67,11.136,12.22,11.499814390842191,11.627317709471019,12.084674032193735
A,2025-01-28,11.11,12.566,11.67,12.929814390842193,11.70814591722105,11.297113981672544
A,2025-01-29,11.67,12.159,11.11,12.522814390842193,11.290461748884818,11.902035369834284
A,2025-01-30,11.11,11.904,11.67,12.267814390842192,11.929560372366348,11.776336878090316
A,2025-01-31,10.56,10.445,11.11,10.808814390842192,10.640652879214116,11.654069789834
A,2025-02-01,12.22,13.88,10.56,14.243814390842193,14.016609829943059,14.288189042020724
A,2025-02-02,15.56,14.699,12.22,15.062814390842192,14.249343185263792,14.321550489325043
A,2025-02-03,16.11,13.996,15.56,14.359814390842192,13.91863720942661,14.218512611202224
A,2025-02-04,14.44,13.549,16.11,13.912814390842192,13.893296428675193,13.802133398192327
A,2025-02-05,11.11,11.629,14.44,11.992814390842192,10.499493085135077,10.461910166133332
A,2025-02-06,11.67,12.062,11.11,12.425814390842191,12.834156853831153,12.851457576175306
A,2025-02-07,12.22,12.047,11.67,12.410814390842193,12.71568335344828,12.682590714677152
A,2025-02-08,11.11,10.389,12.22,10.752814390842191,11.657031659703135,11.914930321329557
A,2025-02-09,11.67,11.262,11.11,11.625814390842192,12.608444321534192,12.86507582809782
A,2025-02-10,11.11,10.87,11.67,11.233814390842191,11.024769558210007,11.21132640694975
A,2025-02-11,12.22,10.906,11.11,11.269814390842193,11.65715448166474,12.017094580682208
A,2025-02-12,10.0,9.804,12.22,10.167814390842192,10.14937714341528,10.657583308578761
A,2025-02-13,13.89,13.044,10.0,13.407814390842193,13.80885688248862,13.975839441467496
A,2025-02-14,12.78,11.319,13.89,11.682814390842193,12.070312882711264,12.112251163761188
A,2025-02-15,12.22,13.018,12.78,13.381814390842193,11.555417114151599,11.232916902471583
A,2025-02-16,12.22,12.054,12.22,12.417814390842192,11.26600757800311,10.64503772557231
A,2025-02-17,12.78,13.047,12.22,13.410814390842193,13.205847961486448,13.606142277595112
A,2025-02-18,12.78,13.528,12.78,13.891814390842192,12.221272480251935,12.041052164357636
A,2025-02-19,13.33,12.974,12.78,13.337814390842192,11.760561636226777,13.400703464770096
A,2025-02-20,14.44,13.801,13.33,14.164814390842192,14.072282943554328,14.312211435022096
A,2025-02-21,13.89,15.593,14.44,15.956814390842192,14.385355873763913,14.915170927019005
A,2025-02-22,13.33,16.902,13.89,17.26581439084219,14.94920765139001,14.652662008573323
A,2025-02-23,15.0,16.901,13.33,17.26481439084219,15.588766424240388,15.407215308324382
A,2025-02-24,13.89,16.504,15.0,16.86781439084219,15.067782178734214,15.779021819484736
A,2025-02-25,13.33,14.318,13.89,14.681814390842192,15.326053896184828,14.922539321028356
A,2025-02-26,14.44,17.631,13.33,17.99481439084219,17.21575017694902,16.191615449419174
A,2025-02-27,18.33,17.851,14.44,18.21481439084219,16.775943156650793,16.424941306090556
A,2025-02-28,14.44,18.829,18.33,19.19281439084219,16.91606124594071,16.510707287032005
A,2025-03-01,12.78,13.505,14.44,13.868814390842193,14.068894382589157,13.920967506582576
A,2025-03-02,13.33,11.794,12.78,12.157814390842193,12.839088999051075,12.702422403656643
A,2025-03-03,12.78,12.32,13.33,12.683814390842192,13.441922614943106,13.071878441189883
A,2025-03-04,12.78,10.626,12.78,10.989814390842191,10.278058435811145,10.327809387040803
A,2025-03-05,12.22,10.745,12.78,11.108814390842191,11.639007083155693,12.254917557609994
A,2025-03-06,12.78,11.492,12.22,11.855814390842193,12.523628826725865,12.278340983634713
A,2025-03-07,14.44,13.179,12.78,13.542814390842192,13.546475606384835,13.763224476374369
A,2025-03-08,13.33,14.912,14.44,15.275814390842193,14.04065989652636,14.338023149819083
A,2025-03-09,13.33,15.096,13.33,15.459814390842192,14.981221001435587,15.109006339196752
A,2025-03-10,13.33,14.341,13.33,14.704814390842191,13.36889133627409,13.141433026998133
A,2025-03-11,16.11,14.094,13.33,14.457814390842191,14.972571877586114,14.947369049411385
A,2025-03-12,15.56,12.627,16.11,12.990814390842193,14.150113478890809,14.071288509802423
A,2025-03-13,10.56,10.346,15.56,10.709814390842192,12.000050772029033,11.495826541240481
A,2025-03-14,13.33,12.455,10.56,12.818814390842192,14.012389773585143,13.49824160739536
A,2025-03-15,15.56,12.934,13.33,13.297814390842191,13.737844331016293,13.834771397078807
A,2025-03-16,13.33,14.279,15.56,14.642814390842192,15.439095097241584,15.30596098993577
A,2025-03-17,13.33,11.795,13.33,12.158814390842192,13.24865329145467,12.791079330203953
A,2025-03-18,11.67,11.492,13.33,11.855814390842193,12.538785128357645,12.995389578822142
A,2025-03-19,12.78,12.148,11.67,12.511814390842192,13.415592135370714,13.570735182334712
A,2025-03-20,12.78,12.315,12.78,12.678814390842192,13.620447868816646,13.423715829419713
A,2025-03-21,15.0,13.606,12.78,13.969814390842192,14.877377794361543,14.9008856415926
A,2025-03-22,15.0,14.426,15.0,14.789814390842192,15.075936065107147,15.131254261619809
A,2025-03-23,16.11,16.499,15.0,16.86281439084219,15.99146170181008,16.290922784629544
A,2025-03-24,18.33,21.1,16.11,21.46381439084219,21.16863143726604,20.4332556840382
A,2025-03-25,18.33,22.9,18.33,23.26381439084219,21.023393102144603,20.81109083493064
A,2025-03-26,15.56,16.199,18.33,16.562814390842192,16.15032231989269,16.026577103741886
A,2025-03-27,15.0,14.097,15.56,14.460814390842192,15.057508358386997,15.486013387659295
A,2025-03-28,14.44,13.992,15.0,14.355814390842193,15.025262709880327,15.279137745014548
A,2025-03-29,13.89,12.918,14.44,13.281814390842191,13.909054580502069,13.466763942041274
A,2025-03-30,17.78,12.997,13.89,13.360814390842192,14.382214613222315,14.763665007765786
A,2025-03-31,15.56,13.797,17.78,14.160814390842193,14.834369761775072,14.977139041486444
A,2025-04-01,12.78,12.149,15.56,12.512814390842191,13.601344299099269,13.794361929629066
A,2025-04-02,13.89,12.767,12.78,13.130814390842191,14.302769060989064,14.617060276635689
A,2025-04-03,13.89,13.22,13.89,13.583814390842193,14.881497967651518,15.192896872529579
A,2025-04-04,17.22,15.661,13.89,16.02481439084219,16.508717148290927,17.670444076849083
A,2025-04-05,16.11,16.661,17.22,17.02481439084219,17.322984535432226,17.99452477318401
A,2025-04-06,16.11,16.996,16.11,17.35981439084219,17.301102102681774,17.67734300052575
A,2025-04-07,16.11,16.045,16.11,16.408814390842192,16.72130520985538,17.539466585756387
A,2025-04-08,17.22,15.559,16.11,15.922814390842191,16.335280187152794,16.973991079422852
A,2025-04-09,18.33,17.625,17.22,17.98881439084219,18.588521355208815,18.42053305287193
A,2025-04-10,18.33,17.38,18.33,17.74381439084219,17.63218917941082,17.273390075342483
A,2025-04-11,16.67,16.615,18.33,16.97881439084219,16.993792736198035,17.05257470623124
A,2025-04-12,15.0,14.953,16.67,15.316814390842191,17.086450397940908,16.570137936867013
A,2025-04-13,18.89,19.352,15.0,19.71581439084219,21.658105894460398,21.700561642811756
A,2025-04-14,18.33,19.274,18.89,19.63781439084219,19.95446380136836,19.79664315757066
A,2025-04-15,17.22,14.979,18.33,15.342814390842191,16.13620116256177,15.682099374868857
A,2025-04-16,16.11,15.62,17.22,15.983814390842191,16.452742233668907,17.062977759121743
A,2025-04-17,13.33,14.831,16.11,15.194814390842192,16.153521764851465,16.22009908386301
A,2025-04-18,15.56,15.763,13.33,16.126814390842192,16.73996831047578,17.369290359237574
A,2025-04-19,16.11,17.031,15.56,17.39481439084219,17.669889713410818,18.459360035262854
A,2025-04-20,16.11,16.645,16.11,17.00881439084219,17.328938446402873,17.080856508484715
A,2025-04-21,17.22,18.008,16.11,18.37181439084219,18.460291374800477,19.042744058339636
A,2025-04-22,15.56,17.489,17.22,17.85281439084219,18.134395244904038,18.082114658774874
A,2025-04-23,13.33,13.87,15.56,14.233814390842191,15.973838234454089,14.710224518772645
A,2025-04-24,12.78,13.204,13.33,13.567814390842193,15.207769583317013,14.706895306157518
A,2025-04-25,11.67,13.506,12.78,13.869814390842192,15.472622766092273,15.145191936140142
A,2025-04-26,15.0,12.796,11.67,13.159814390842191,14.786848701091982,14.630075718031607
A,2025-04-27,13.33,11.941,15.0,12.304814390842193,13.851446663439956,13.929708333239615
A,2025-04-28,16.67,15.502,13.33,15.865814390842193,17.056930788368955,17.1783127768867
A,2025-04-29,16.67,17.991,16.67,18.35481439084219,18.36326548576769,18.208949087595645
A,2025-04-30,17.78,16.758,16.67,17.12181439084219,17.413317097315755,17.013708692109915
A,2025-05-01,17.22,16.916,17.78,17.27981439084219,18.21756183789234,17.7874835790251
A,2025-05-02,15.0,15.658,17.22,16.02181439084219,16.777281186821433,16.08168803229764
A,2025-05-03,14.0,12.532,15.0,12.895814390842192,14.499971566451993,14.530651487815813
A,2025-05-04,16.67,16.462,14.0,16.82581439084219,17.95281929473886,18.315325300810617
A,2025-05-05,23.33,22.048,16.67,22.41181439084219,23.487231750147014,24.805547016176416
A,2025-05-06,18.89,18.151,23.33,18.51481439084219,18.455129463275764,18.419616352132415
A,2025-05-07,17.78,18.114,18.89,18.47781439084219,19.091673833871788,18.414698292359393
A,2025-05-08,17.22,18.421,17.78,18.78481439084219,19.22277451381626,18.760570129160335
A,2025-05-09,21.67,20.364,17.22,20.72781439084219,22.901432528095963,23.25780654464385
A,2025-05-10,18.89,18.98,21.67,19.34381439084219,20.903705517236865,20.10715769348673
A,2025-05-11,16.67,16.229,18.89,16.59281439084219,17.019494686020774,17.86768133696937
A,2025-05-12,15.56,15.31,16.67,15.673814390842193,17.18057858378599,16.96818001113451
A,2025-05-13,16.67,14.819,15.56,15.182814390842193,16.130476286594316,16.743742916237853
A,2025-05-14,18.89,16.823,16.67,17.18681439084219,17.435920609495682,18.756053517050475
A,2025-05-15,20.56,17.647,18.89,18.01081439084219,18.091031636484836,18.993425780200962
A,2025-05-16,18.33,16.862,20.56,17.22581439084219,17.43922830860935,17.665712644880486
A,2025-05-17,16.67,14.975,18.33,15.338814390842192,16.27520284680596,16.90944700889476
A,2025-05-18,18.89,16.848,16.67,17.21181439084219,18.94419955435312,18.63726509419684
A,2025-05-19,21.11,19.386,18.89,19.74981439084219,21.127262737722013,20.568290896593723
A,2025-05-20,17.78,17.628,21.11,17.99181439084219,19.49737373785466,19.065668048535183
A,2025-05-21,20.56,19.254,17.78,19.61781439084219,19.94396973665833,20.073245265969785
A,2025-05-22,18.33,16.472,20.56,16.83581439084219,18.468541834496374,17.78309926141819
A,2025-05-23,15.0,14.287,18.33,14.650814390842193,15.629823892585435,15.130849666081012
A,2025-05-24,15.0,16.098,15.0,16.46181439084219,17.158150898343685,16.821538856813945
A,2025-05-25,16.67,15.945,15.0,16.30881439084219,17.11924519904718,17.486451099287343
A,2025-05-26,17.78,16.22,16.67,16.58381439084219,17.809637997248085,17.705605506966208
A,2025-05-27,18.89,18.436,17.78,18.79981439084219,19.290164696014347,18.979523103480542
A,2025-05-28,14.44,15.996,18.89,16.359814390842192,17.481289306485646,17.06879626471732
A,2025-05-29,18.0,18.716,14.44,19.07981439084219,19.590790500329604,19.086601509971565
A,2025-05-30,23.89,21.458,18.0,21.82181439084219,22.527425733703865,21.851155385578387
A,2025-05-31,22.22,21.35,23.89,21.71381439084219,22.105741043175527,21.406075883519765
A,2025-06-01,18.33,17.218,22.22,17.58181439084219,18.17425463078442,17.627863010901507
A,2025-06-02,18.89,17.879,18.33,18.24281439084219,19.450696780062504,19.388018066660106
A,2025-06-03,20.0,19.489,18.89,19.85281439084219,20.732587298400983,20.2553876542646
A,2025-06-04,18.89,19.682,20.0,20.04581439084219,20.936111896696612,20.477494636812057
A,2025-06-05,20.0,19.401,18.89,19.76481439084219,20.58939307603962,20.14487106251944
A,2025-06-06,19.44,19.645,20.0,20.00881439084219,20.78069347412688,20.090344850764314
A,2025-06-07,17.22,20.062,19.44,20.42581439084219,22.527329097746854,21.11688521785435
A,2025-06-08,18.89,19.042,17.22,19.405814390842192,19.750550018742782,18.790207326590444
A,2025-06-09,17.22,19.941,18.89,20.30481439084219,21.596662964298602,20.063986626783446
A,2025-06-10,16.67,19.002,17.22,19.36581439084219,20.087810268238883,19.538614224992614
A,2025-06-11,15.56,17.705,16.67,18.06881439084219,19.045679654897313,18.55466810121295
A,2025-06-12,15.56,18.925,15.56,19.28881439084219,20.10842971052092,19.414866597865462
A,2025-06-13,16.11,16.995,15.56,17.35881439084219,18.021357632142635,17.92626129853773
A,2025-06-14,17.78,17.753,16.11,18.11681439084219,18.806240970202623,18.272692857259887
A,2025-06-15,18.33,18.763,17.78,19.126814390842192,19.355332042165372,19.646033937413076
A,2025-06-16,17.22,17.164,18.33,17.52781439084219,19.24912074962112,18.436066106527523
A,2025-06-17,18.33,18.93,17.22,19.29381439084219,21.317271302320986,20.477016280944042
A,2025-06-18,18.33,20.97,18.33,21.33381439084219,22.348814730387183,21.357501665695434
A,2025-06-19,16.67,16.222,18.33,16.58581439084219,17.954034998662117,16.682957774647225
A,2025-06-20,16.11,16.084,16.67,16.44781439084219,18.764352429041022,18.001126499046322
A,2025-06-21,18.33,17.502,16.11,17.86581439084219,19.843893408967848,20.036652894885055
A,2025-06-22,18.33,18.136,18.33,18.49981439084219,19.6791287605053,20.637252280913444
A,2025-06-23,18.33,19.502,18.33,19.86581439084219,20.275238713830873,19.37991808590109
A,2025-06-24,16.67,18.368,18.33,18.73181439084219,18.937946097971388,17.86496575303424
A,2025-06-25,16.67,18.849,16.67,19.21281439084219,18.688362235997594,18.209027478120493
A,2025-06-26,17.22,18.888,16.67,19.251814390842192,18.183040319994404,18.450002404234777
A,2025-06-27,20.0,20.433,17.22,20.79681439084219,20.424179388494245,20.423903037240247
A,2025-06-28,21.11,21.093,20.0,21.45681439084219,21.118540575354388,21.50831441428579
A,2025-06-29,20.56,21.225,21.11,21.58881439084219,21.168683740965278,21.372704589150025
A,2025-06-30,18.89,20.443,20.56,20.80681439084219,21.267560451919536,20.866882518143264
A,2025-07-01,18.33,20.34,18.89,20.70381439084219,21.28375943954731,20.781499035793725
A,2025-07-02,18.33,20.06,18.33,20.42381439084219,20.580032506514687,20.57097075858848
A,2025-07-03,17.22,18.666,18.33,19.02981439084219,18.978745250467185,18.818808874326535
A,2025-07-04,18.33,17.589,17.22,17.95281439084219,18.713020766027913,18.056250301508083
A,2025-07-05,18.89,18.514,18.33,18.87781439084219,19.177943685174586,18.644613663100117
A,2025-07-06,18.33,18.94,18.89,19.30381439084219,19.026645065603123,18.505180536055725
A,2025-07-07,17.78,19.618,18.33,19.98181439084219,20.121000213580462,20.18843829809244
A,2025-07-08,20.0,19.8,17.78,20.16381439084219,20.05194394146158,20.59351140170271
A,2025-07-09,17.22,19.399,20.0,19.76281439084219,19.215179841910437,18.992345852768494
A,2025-07-10,21.11,21.939,17.22,22.30281439084219,21.087110895660366,21.2460363410994
A,2025-07-11,20.0,21.501,21.11,21.86481439084219,20.379456870926976,20.301908726117265
A,2025-07-12,20.0,21.022,20.0,21.38581439084219,20.5189194102764,20.19134902559201
A,2025-07-13,18.89,21.341,20.0,21.70481439084219,21.325515804942654,20.84877105536978
A,2025-07-14,19.44,21.785,18.89,22.14881439084219,20.92375138247441,20.483699386108214
A,2025-07-15,21.11,20.204,19.44,20.56781439084219,20.072868288758468,20.031028398325475
A,2025-07-16,18.33,19.329,21.11,19.69281439084219,18.797943614468835,19.145149323263578
A,2025-07-17,20.0,20.57,18.33,20.93381439084219,21.426768986416636,21.286106316607714
A,2025-07-18,18.33,19.932,20.0,20.29581439084219,19.909863382132936,19.952612835181544
A,2025-07-19,17.78,19.796,18.33,20.15981439084219,19.176799554489353,19.20465753997181
A,2025-07-20,18.89,19.925,17.78,20.28881439084219,19.729774844547084,19.920984620997164
A,2025-07-21,17.78,18.989,18.89,19.35281439084219,18.356633343488387,18.851281120875242
A,2025-07-22,18.89,19.06,17.78,19.42381439084219,19.53478220434682,20.389892661716356
A,2025-07-23,20.56,19.804,18.89,20.16781439084219,20.037849623123986,21.15701832281873
A,2025-07-24,20.0,20.106,20.56,20.469814390842192,20.094163646596975,21.34270318063844
A,2025-07-25,18.89,19.661,20.0,20.02481439084219,19.450354545665917,20.106894218818216
A,2025-07-26,18.89,19.481,18.89,19.844814390842192,19.208359140612615,19.733524646078703
A,2025-07-27,18.89,19.881,18.89,20.24481439084219,19.23086876862875,20.089329247814685
A,2025-07-28,20.0,20.74,18.89,21.10381439084219,19.655856912208126,20.63617047585967
A,2025-07-29,20.0,21.141,20.0,21.50481439084219,19.921538916679335,20.754151474864415
A,2025-07-30,17.22,20.336,20.0,20.69981439084219,19.432219347279844,20.394447450198236
A,2025-07-31,21.11,20.693,17.22,21.05681439084219,20.232887251695516,21.03372187976438
B,2025-08-01,20.0,19.615,21.11,19.79968620037807,19.574232886548863,19.856877141281295
B,2025-08-02,18.33,20.71,20.0,20.89468620037807,19.53869866343264,20.1502353731915
B,2025-08-03,18.89,19.062,18.33,19.246686200378072,18.365388477712347,18.395634575655393
B,2025-08-04,20.0,18.93,18.89,19.11468620037807,19.247437669647983,18.93513723611805
B,2025-08-05,20.0,19.631,20.0,19.81568620037807,20.868632271101873,19.892217181844167
B,2025-08-06,25.0,21.746,20.0,21.93068620037807,21.412541505135543,20.919852356836632
B,2025-08-07,20.56,19.322,25.0,19.50668620037807,20.0401204375251,19.364975025961392
B,2025-08-08,23.89,22.019,20.56,22.20368620037807,21.85846123547075,21.284978832478394
B,2025-08-09,21.11,22.868,23.89,23.05268620037807,22.59566423074058,22.380819891721547
B,2025-08-10,20.0,23.483,21.11,23.66768620037807,22.70750684454908,22.495287854683074
B,2025-08-11,19.44,23.147,20.0,23.33168620037807,21.92579858777552,21.70868523555721
B,2025-08-12,18.89,22.346,19.44,22.53068620037807,21.196978092902377,20.369592653835394
B,2025-08-13,20.56,20.786,18.89,20.970686200378072,20.598103902917828,20.365454710089217
B,2025-08-14,20.56,20.663,20.56,20.84768620037807,20.462617860870445,20.63212312285236
B,2025-08-15,19.44,21.287,20.56,21.47168620037807,20.911437261570097,20.88917658644868
B,2025-08-16,21.67,18.08,19.44,18.26468620037807,19.024613272588798,19.48953541306484
B,2025-08-17,21.11,19.593,21.67,19.77768620037807,19.725470869081963,19.6910553186078
B,2025-08-18,22.78,20.237,21.11,20.42168620037807,20.849216909883005,21.1065074323027
B,2025-08-19,22.22,21.255,22.78,21.43968620037807,22.079867936919467,21.71207418915521
B,2025-08-20,23.89,22.504,22.22,22.688686200378072,21.222461646660285,21.371789188647426
B,2025-08-21,26.11,23.401,23.89,23.58568620037807,22.039759248961463,21.790963968802213
B,2025-08-22,19.44,22.281,26.11,22.46568620037807,21.25362546496872,20.876296716230975
B,2025-08-23,20.0,21.753,19.44,21.93768620037807,21.332438352316125,20.3159473226819
B,2025-08-24,20.0,21.001,20.0,21.185686200378072,20.793317759696258,20.316825102997196
B,2025-08-25,21.11,21.189,20.0,21.37368620037807,20.95220113908731,20.08191829406158
B,2025-08-26,21.67,21.186,21.11,21.37068620037807,21.26162688696332,21.31669538499712
B,2025-08-27,23.33,21.24,21.67,21.42468620037807,21.383388105678012,21.021783284180202
B,2025-08-28,20.56,22.152,23.33,22.33668620037807,20.723217846423132,21.268255809333958
B,2025-08-29,20.56,22.2,20.56,22.38468620037807,21.459429378991267,21.59375018779865
B,2025-08-30,25.56,24.145,20.56,24.32968620037807,22.877858667060313,23.574656960972213
B,2025-08-31,27.22,25.0,25.56,25.18468620037807,24.101047712533607,24.20352529217877
B,2025-09-01,23.89,24.101,27.22,24.28568620037807,22.763277356963158,22.35308235863126
B,2025-09-02,22.22,23.68,23.89,23.86468620037807,22.634726909276303,23.040756862527633
B,2025-09-03,20.56,21.812,22.22,21.996686200378072,21.582881019029426,21.374164924527243
B,2025-09-04,19.44,20.451,20.56,20.63568620037807,21.071588481240884,20.83930571878832
B,2025-09-05,19.44,19.734,19.44,19.918686200378072,20.789886194657562,20.21911003077713
B,2025-09-06,22.22,20.977,19.44,21.16168620037807,20.532214167369098,22.05216964789696
B,2025-09-07,23.33,21.191,22.22,21.37568620037807,20.90561396891594,21.955981036458798
B,2025-09-08,21.67,21.822,23.33,22.00668620037807,21.5954237098456,23.544202094208423
B,2025-09-09,22.22,20.771,21.67,20.95568620037807,21.422664408893073,22.435024562472865
B,2025-09-10,21.11,19.707,22.22,19.89168620037807,20.503053751279175,21.130899665745275
B,2025-09-11,21.67,20.29,21.11,20.47468620037807,21.182458802189522,22.144805346020373
B,2025-09-12,21.11,21.81,21.67,21.99468620037807,21.513167127822964,23.21176287735684
B,2025-09-13,17.78,20.844,21.11,21.028686200378072,20.037278146938466,20.976310200033293
B,2025-09-14,22.22,21.28,17.78,21.464686200378072,20.46842694245801,22.707616655808167
B,2025-09-15,22.78,24.075,22.22,24.25968620037807,23.216175136345072,24.31507370911278
B,2025-09-16,22.22,24.825,22.78,25.00968620037807,24.29111683059126,24.534133518624515
B,2025-09-17,25.56,24.704,22.22,24.88868620037807,23.942053562185663,23.92329213319273
B,2025-09-18,20.56,20.697,25.56,20.88168620037807,21.52078900893222,20.80231607205402
B,2025-09-19,21.67,21.388,20.56,21.572686200378072,21.76000840793374,21.12171601017788
B,2025-09-20,21.67,21.952,21.67,22.136686200378072,21.776425803788374,22.864896967638483
B,2025-09-21,19.44,21.588,21.67,21.77268620037807,21.57954484364853,21.36175389854814
B,2025-09-22,23.33,22.374,19.44,22.55868620037807,22.087108482627283,21.780419646136384
B,2025-09-23,23.89,26.797,23.33,26.98168620037807,26.79949111812256,26.45365971740119
B,2025-09-24,21.11,21.834,23.89,22.01868620037807,21.099974628889996,21.46766766652713
B,2025-09-25,21.67,21.907,21.11,22.09168620037807,21.108758518387045,21.36707370944443
B,2025-09-26,23.33,21.707,21.67,21.89168620037807,20.771357735576558,19.723903107847317
B,2025-09-27,21.11,21.529,23.33,21.71368620037807,22.00486633733574,20.855107499059184
B,2025-09-28,19.44,20.351,21.11,20.53568620037807,21.194514485796525,21.87970654962654
B,2025-09-29,20.56,19.942,19.44,20.12668620037807,21.171803877779723,22.27932919236975
B,2025-09-30,22.22,20.478,20.56,20.662686200378072,21.000037892162716,21.666779135748296
B,2025-10-01,20.56,18.83,22.22,19.01468620037807,19.944637214894165,20.36788273469403
B,2025-10-02,20.0,19.446,20.56,19.630686200378072,20.341265841280393,20.887152626471764
B,2025-10-03,18.89,17.898,20.0,18.08268620037807,19.31750917717382,19.37642595001708
B,2025-10-04,21.67,19.333,18.89,19.51768620037807,20.467142966024,20.67788918938946
B,2025-10-05,20.56,20.507,21.67,20.691686200378072,19.865484123864405,20.994713252866774
B,2025-10-06,25.0,23.944,20.56,24.12868620037807,22.601010504137896,23.275105204258132
B,2025-10-07,24.44,23.367,25.0,23.55168620037807,21.632341871114242,22.430500530827477
B,2025-10-08,21.67,20.86,24.44,21.04468620037807,20.63268681126848,21.051375666619784
B,2025-10-09,20.0,20.36,21.67,20.54468620037807,19.900678203066963,20.915630944524775
B,2025-10-10,19.44,19.196,20.0,19.380686200378072,19.356578778176157,19.930059401989634
B,2025-10-11,20.56,18.27,19.44,18.45468620037807,18.792324037720896,19.57865911134216
B,2025-10-12,20.56,18.574,20.56,18.758686200378072,19.76581556558995,19.90608725942121
B,2025-10-13,16.11,16.384,20.56,16.56868620037807,17.34716256998829,17.166841417198885
B,2025-10-14,15.56,14.518,16.11,14.702686200378073,16.088335311932937,16.051018945050906
B,2025-10-15,16.11,16.547,15.56,16.73168620037807,16.995346196728693,17.844687480746735
B,2025-10-16,17.78,17.415,16.11,17.59968620037807,18.116803683565426,17.74769073870378
B,2025-10-17,18.89,20.201,17.78,20.38568620037807,19.651064070386575,19.27440586411953
B,2025-10-18,20.0,21.955,18.89,22.13968620037807,20.50565771901644,20.434833224055076
B,2025-10-19,17.22,19.861,20.0,20.04568620037807,19.27576006453218,19.77707916416895
B,2025-10-20,24.44,22.182,17.22,22.36668620037807,20.4817105575453,20.07054314837899
B,2025-10-21,20.56,21.845,24.44,22.02968620037807,20.565164754583698,19.863782026879136
B,2025-10-22,19.44,18.212,20.56,18.39668620037807,19.563805040623706,19.88407219217889
B,2025-10-23,17.78,18.452,19.44,18.636686200378072,18.133153509800618,18.479509733220688
B,2025-10-24,17.78,18.396,17.78,18.58068620037807,19.25676323094429,18.583073945804045
B,2025-10-25,18.33,16.62,17.78,16.80468620037807,17.24538260721211,18.557974368503416
B,2025-10-26,18.89,17.808,18.33,17.99268620037807,19.527117881653844,19.582506707160768
B,2025-10-27,17.78,16.83,18.89,17.01468620037807,18.598144504916917,17.246226174284484
B,2025-10-28,19.44,20.891,17.78,21.07568620037807,20.326538518533777,19.854124644508353
B,2025-10-29,20.56,21.591,19.44,21.775686200378072,20.280371640733676,20.598866695299108
B,2025-10-30,16.67,18.007,20.56,18.191686200378072,18.70238769672916,17.365958559655027
B,2025-10-31,16.11,19.025,16.67,19.20968620037807,18.783174515602767,18.456394300573482
B,2025-11-01,17.78,19.682,16.11,19.86668620037807,19.38382702280111,18.879637579005482
B,2025-11-02,17.78,19.622,17.78,19.80668620037807,18.712593892675507,18.927279521378495
B,2025-11-03,18.33,17.825,17.78,18.00968620037807,18.26903520541819,17.66008039719127
B,2025-11-04,18.33,18.778,18.33,18.96268620037807,18.39654968173682,18.50906337895553
B,2025-11-05,18.89,16.355,18.33,16.53968620037807,17.423499159724262,18.012338771478987
B,2025-11-06,17.78,17.422,18.89,17.60668620037807,17.387860322473294,17.447124178059273
B,2025-11-07,17.78,18.423,17.78,18.60768620037807,19.03567887602542,19.079788529466637
B,2025-11-08,17.78,20.357,17.78,20.54168620037807,19.380668511024197,18.972013160167677
B,2025-11-09,19.44,21.893,17.78,22.07768620037807,20.33876101555375,20.574207200272923
B,2025-11-10,20.0,22.6,19.44,22.784686200378072,20.99133490811512,20.157314559668645
B,2025-11-11,18.33,21.493,20.0,21.67768620037807,19.503214074855773,19.101789954501466
B,2025-11-12,17.78,18.387,18.33,18.57168620037807,19.46084013272251,19.324470664506016
B,2025-11-13,16.11,14.425,17.78,14.609686200378073,15.473421860422128,15.930777429300438
B,2025-11-14,16.67,16.979,16.11,17.16368620037807,15.657941999498995,16.75081119865021
B,2025-11-15,15.56,16.198,16.67,16.38268620037807,16.048604744116282,15.890983145631337
B,2025-11-16,16.67,16.452,15.56,16.636686200378072,16.955855155186594,17.110298172864315
B,2025-11-17,13.33,13.356,16.67,13.540686200378072,15.30783340469269,15.126322511536861
B,2025-11-18,14.44,14.061,13.33,14.245686200378072,14.327163254920311,14.391431140503979
B,2025-11-19,15.0,13.842,14.44,14.026686200378073,14.010184300149861,14.221336868713385
B,2025-11-20,13.33,13.567,15.0,13.751686200378073,14.1002616317747,13.796739011085307
B,2025-11-21,16.11,14.108,13.33,14.292686200378073,15.302863721311653,14.89269234767305
B,2025-11-22,14.44,15.871,16.11,16.055686200378073,14.262606692563653,14.375322977777422
B,2025-11-23,12.78,15.776,14.44,15.960686200378072,15.377003735833322,14.886607212682868
B,2025-11-24,13.33,15.778,12.78,15.962686200378073,14.674542621733384,13.816140618689762
B,2025-11-25,12.78,16.512,13.33,16.69668620037807,15.563522992016471,15.159515427301724
B,2025-11-26,12.22,16.644,12.78,16.82868620037807,15.8505158752922,15.0943089130743
B,2025-11-27,10.56,16.807,12.22,16.99168620037807,16.255286722915404,16.20206682785002
B,2025-11-28,10.56,15.639,10.56,15.823686200378072,16.313873656317682,15.202441770053492
B,2025-11-29,10.56,15.422,10.56,15.606686200378073,13.903545420308422,13.65016427073498
B,2025-11-30,9.44,14.423,10.56,14.607686200378073,14.232659984828391,13.304548443443473
B,2025-12-01,10.0,13.956,9.44,14.140686200378072,14.622301616041359,14.164560197394655
B,2025-12-02,12.78,15.273,10.0,15.457686200378072,14.386009770834711,13.822172790653516
B,2025-12-03,15.56,13.951,12.78,14.135686200378073,13.838691164713065,14.197434948709766
B,2025-12-04,11.11,14.369,15.56,14.553686200378072,13.718515152894224,14.067746329648877
B,2025-12-05,11.11,14.975,11.11,15.159686200378072,14.141962339191199,14.08085799788895
B,2025-12-06,9.44,14.81,11.11,14.994686200378073,14.59926987668885,13.74308398670151
B,2025-12-07,9.44,15.342,9.44,15.526686200378073,15.203676222358654,14.247862395551632
B,2025-12-08,8.89,15.68,9.44,15.864686200378072,13.74728826196642,13.138267992926115
B,2025-12-09,8.89,16.286,8.89,16.470686200378072,14.812832483278473,14.693657920167045
B,2025-12-10,11.67,17.083,8.89,17.26768620037807,15.43538424163876,15.077304908336503
B,2025-12-11,10.0,17.233,11.67,17.41768620037807,15.514881993948862,15.52565273600004
B,2025-12-12,10.56,16.971,10.0,17.15568620037807,14.945099393848295,16.135614229940916
B,2025-12-13,9.44,16.401,10.56,16.58568620037807,14.147540619683914,15.181260286433703
B,2025-12-14,8.33,16.358,9.44,16.54268620037807,13.929768699179773,14.654537843655632
B,2025-12-15,9.44,15.819,8.33,16.003686200378073,15.739140235101585,15.421517496858915
B,2025-12-16,11.11,16.904,9.44,17.08868620037807,14.399749243875513,14.640580953494437
B,2025-12-17,13.89,15.672,11.11,15.856686200378073,13.333081043389674,14.60730363701478
B,2025-12-18,12.22,15.664,13.89,15.848686200378072,13.84321350619457,14.13868302498371
B,2025-12-19,17.78,16.586,12.22,16.77068620037807,15.9267507169422,16.32122764706121
B,2025-12-20,13.89,16.355,17.78,16.53968620037807,14.294652886747256,14.357824201436742
B,2025-12-21,16.67,16.305,13.89,16.48968620037807,16.60410697652061,16.615739542095543
B,2025-12-22,16.67,14.803,16.67,14.987686200378073,13.891487262396993,14.711319336164214
B,2025-12-23,16.67,16.052,16.67,16.23668620037807,16.310200718371515,15.895361634999293
B,2025-12-24,14.44,14.566,16.67,14.750686200378073,14.883914468514641,14.441974475304175
B,2025-12-25,16.11,12.191,14.44,12.375686200378073,12.876394640817848,12.989131255776105
B,2025-12-26,14.44,13.422,16.11,13.606686200378073,14.848841314414932,14.277198083966288
B,2025-12-27,11.67,11.738,14.44,11.922686200378072,12.494154701287238,12.291424008056568
B,2025-12-28,10.56,12.885,11.67,13.069686200378072,12.43895282391356,12.151509981449689
B,2025-12-29,14.44,13.112,10.56,13.296686200378073,13.119467014243563,12.469399435450303
B,2025-12-30,9.44,13.203,14.44,13.387686200378072,13.156449190289456,13.062274348965557
B,2025-12-31,11.11,10.606,9.44,10.790686200378072,10.914686862895847,10.565555882813092
B,2026-01-01,12.22,14.717,11.11,14.901686200378073,15.021244624174637,15.492798166299831
B,2026-01-02,13.89,15.851,12.22,16.035686200378073,15.901046275998599,15.608543584874859
B,2026-01-03,16.67,15.468,13.89,15.652686200378072,15.902591841210016,16.17301212856611
B,2026-01-04,12.22,11.171,16.67,11.355686200378072,11.688023559435214,12.54740467677132
B,2026-01-05,12.78,13.841,12.22,14.025686200378072,14.893714721566253,14.945671319870412
B,2026-01-06,13.33,13.515,12.78,13.699686200378073,12.570839945311635,14.025337078696671
B,2026-01-07,13.33,13.434,13.33,13.618686200378072,14.499145876083425,13.921732042138041
B,2026-01-08,11.67,11.284,13.33,11.468686200378073,11.952837371543932,12.077522534604388
B,2026-01-09,12.22,11.536,11.67,11.720686200378072,11.738719449016111,12.307117461641393
B,2026-01-10,11.11,12.408,12.22,12.592686200378072,12.328726487833187,12.51429400410102
B,2026-01-11,11.67,14.044,11.11,14.228686200378073,12.979489280762627,13.176833821995736
B,2026-01-12,11.67,14.371,11.67,14.555686200378073,13.525186670191559,13.187102765040724
B,2026-01-13,11.67,15.422,11.67,15.606686200378073,13.542241211182859,13.771031244543709
B,2026-01-14,12.22,15.985,11.67,16.16968620037807,14.789042508981069,14.64011173346369
B,2026-01-15,15.0,16.881,12.22,17.06568620037807,15.553078615215275,14.720688327764352
B,2026-01-16,16.67,16.878,15.0,17.06268620037807,15.594745847963374,15.377321555066374
B,2026-01-17,13.33,16.486,16.67,16.67068620037807,15.354470547034655,15.05268026251963
B,2026-01-18,13.89,17.22,13.33,17.40468620037807,14.808425921229462,15.148447306237882
B,2026-01-19,12.78,17.144,13.89,17.32868620037807,15.134830702053298,15.328324601975414
B,2026-01-20,11.67,15.643,12.78,15.827686200378073,14.06823310388562,14.108737634867595
B,2026-01-21,11.67,15.932,11.67,16.116686200378073,13.5738674433575,13.943180759956533
B,2026-01-22,13.33,16.564,11.67,16.74868620037807,14.015234598734196,13.698451604721193
B,2026-01-23,11.67,14.109,13.33,14.293686200378072,13.585628631907348,12.573050581005425
B,2026-01-24,13.89,14.383,11.67,14.567686200378072,15.388479684539023,14.782452055928328
B,2026-01-25,11.11,13.56,13.89,13.744686200378073,12.760022302892162,13.232230992547146
B,2026-01-26,11.67,14.602,11.11,14.786686200378073,13.002973300378084,13.132989564279862
B,2026-01-27,12.22,15.789,11.67,15.973686200378072,15.727054415039394,15.283307577790712
B,2026-01-28,13.89,15.811,12.22,15.995686200378072,14.523951903859944,14.204664769034355
B,2026-01-29,13.89,16.086,13.89,16.27068620037807,14.282236352556522,14.160532189069961
B,2026-01-30,13.89,16.167,13.89,16.351686200378072,13.97163412109926,13.994715452118786
B,2026-01-31,13.89,16.934,13.89,17.11868620037807,14.122636346509926,13.924050245376957
B,2026-02-01,13.89,16.225,13.89,16.409686200378072,14.804190840652344,14.689616821408652
B,2026-02-02,13.89,17.136,13.89,17.32068620037807,15.285091707018069,15.575680480471018
B,2026-02-03,15.0,17.476,13.89,17.66068620037807,15.12148403431949,15.314763360238471
B,2026-02-04,14.44,18.286,15.0,18.470686200378072,15.791763890850998,15.622698526740583
B,2026-02-05,15.56,18.949,14.44,19.133686200378072,16.317892870713866,16.022228975678246
B,2026-02-06,16.67,17.261,15.56,17.44568620037807,15.494467895652418,16.03095045537032
B,2026-02-07,12.78,16.27,16.67,16.45468620037807,14.583291364018056,14.582072338791384
B,2026-02-08,13.33,17.165,12.78,17.34968620037807,14.445141834421431,14.644073504203433
B,2026-02-09,15.0,15.98,13.33,16.16468620037807,14.999131870051594,14.758537555010582
B,2026-02-10,12.78,15.468,15.0,15.652686200378072,15.053663089903122,15.091454149703567
B,2026-02-11,13.33,13.667,12.78,13.851686200378072,14.329088113124824,14.124231434326296
B,2026-02-12,13.89,14.639,13.33,14.823686200378072,14.17703673583858,13.863023585866667
B,2026-02-13,15.0,15.437,13.89,15.621686200378072,13.376572145329636,13.332650128128549
B,2026-02-14,12.22,14.157,15.0,14.341686200378073,12.553355445219552,12.867579682444285
B,2026-02-15,15.0,15.133,12.22,15.317686200378072,15.60636186434837,15.76489332335441
B,2026-02-16,11.11,9.896,15.0,10.080686200378073,10.468500971886995,11.283113385771593
B,2026-02-17,8.33,9.048,11.11,9.232686200378073,10.111239665688,10.152169321912911
B,2026-02-18,10.56,9.744,8.33,9.928686200378072,11.007389392631413,10.867095633127773
B,2026-02-19,10.56,10.083,10.56,10.267686200378073,11.562184736386197,11.239501416559177
B,2026-02-20,9.44,9.957,10.56,10.141686200378073,9.83752010687807,9.13267828523214
B,2026-02-21,12.78,13.394,9.44,13.578686200378073,13.855604803519283,14.178068660216827
B,2026-02-22,15.0,16.47,12.78,16.65468620037807,14.267173288576215,15.023965130418352
B,2026-02-23,13.89,17.864,15.0,18.04868620037807,15.466790635561706,15.582808655191053
B,2026-02-24,19.44,17.841,13.89,18.025686200378072,17.52690637720023,17.45720687064441
B,2026-02-25,16.67,17.331,19.44,17.51568620037807,14.974161258456515,16.18201968036856
B,2026-02-26,13.89,18.344,16.67,18.528686200378072,17.02590373370559,17.568445164402156
B,2026-02-27,18.33,20.646,13.89,20.83068620037807,18.228081297512677,18.241053971680067
B,2026-02-28,21.67,20.052,18.33,20.23668620037807,19.49321984234856,19.290804776647725
B,2026-03-01,15.56,17.089,21.67,17.27368620037807,15.315591125097976,15.931928938424475
B,2026-03-02,15.0,15.738,15.56,15.922686200378072,13.690655275853679,14.398141488485805
B,2026-03-03,16.11,16.641,15.0,16.82568620037807,15.828519603392937,15.473162619809973
B,2026-03-04,16.11,15.544,16.11,15.728686200378073,16.098292360510545,15.974732533533754
B,2026-03-05,16.67,14.637,16.11,14.821686200378073,15.078122874778579,15.205532068701284
B,2026-03-06,18.89,15.925,16.67,16.10968620037807,15.169384107669034,16.07173176133553
B,2026-03-07,20.56,17.834,18.89,18.01868620037807,17.62797318738091,17.70362494035824
B,2026-03-08,17.22,19.432,20.56,19.61668620037807,19.255656407191882,18.2726244414454
B,2026-03-09,17.78,17.043,17.22,17.22768620037807,16.590406496396252,16.106402131977497
B,2026-03-10,15.0,15.255,17.78,15.439686200378073,16.097451251795075,15.592565216597999
B,2026-03-11,16.11,17.384,15.0,17.56868620037807,17.774826157586055,16.661048073343146
B,2026-03-12,17.78,19.06,16.11,19.24468620037807,19.36695141882998,18.063587861110932
B,2026-03-13,15.56,17.471,17.78,17.65568620037807,17.411222062043255,16.692330763438452
B,2026-03-14,17.22,17.171,15.56,17.35568620037807,17.192117184889145,16.899862533789346
B,2026-03-15,17.78,19.681,17.22,19.86568620037807,18.69287033300388,18.697935862953596
B,2026-03-16,19.44,23.131,17.78,23.31568620037807,21.044436914973357,21.192850199103997
B,2026-03-17,20.0,23.526,19.44,23.71068620037807,23.014535263446728,22.015109301710453
B,2026-03-18,21.11,24.547,20.0,24.73168620037807,23.267878589593447,22.585302417415704
B,2026-03-19,19.44,24.009,21.11,24.19368620037807,23.126530975779048,22.239040571423278
B,2026-03-20,20.56,24.589,19.44,24.77368620037807,23.868770015831775,22.73856219735548
B,2026-03-21,22.22,19.395,20.56,19.57968620037807,19.28312065700163,18.483932192354462
B,2026-03-22,20.0,18.973,22.22,19.15768620037807,18.76307201918662,17.723376216162464
B,2026-03-23,18.33,18.686,20.0,18.87068620037807,18.004800235194583,18.8640660915181
B,2026-03-24,20.0,20.102,18.33,20.28668620037807,20.167629191193722,20.558115332633566
B,2026-03-25,19.44,17.99,20.0,18.17468620037807,18.41959224512476,17.680875023327335
B,2026-03-26,19.44,18.13,19.44,18.31468620037807,17.746910550455247,17.50614790933446
B,2026-03-27,21.11,20.57,19.44,20.75468620037807,19.13457349771812,19.241381749513806
B,2026-03-28,17.78,18.97,21.11,19.15468620037807,17.251320704375374,17.332821627697786
B,2026-03-29,23.33,21.952,17.78,22.136686200378072,20.845826489191133,21.183586559336216
B,2026-03-30,18.89,18.624,23.33,18.80868620037807,18.529098045088695,19.61990157663582
B,2026-03-31,19.44,14.917,18.89,15.101686200378072,15.555288445051744,16.105278923849053
B,2026-04-01,16.11,16.229,19.44,16.41368620037807,16.7580419574515,16.941862426014115
B,2026-04-02,15.56,13.875,16.11,14.059686200378072,15.437457876616051,15.622786857930933
B,2026-04-03,19.44,18.876,15.56,19.060686200378072,19.843826705439945,20.45209809511996
B,2026-04-04,19.44,21.575,19.44,21.75968620037807,21.067853965076992,21.0427225498865
B,2026-04-05,20.0,21.428,19.44,21.61268620037807,21.946844789782723,22.77392960454715
B,2026-04-06,16.67,18.351,20.0,18.53568620037807,18.326383884492195,19.25400309082377
B,2026-04-07,16.67,17.492,16.67,17.67668620037807,18.156400087432928,18.39944175381807
B,2026-04-08,19.44,19.145,16.67,19.32968620037807,19.20439526185306,20.430952716232284
B,2026-04-09,18.89,18.272,19.44,18.45668620037807,18.362754015557922,19.36768772497649
B,2026-04-10,15.0,17.932,18.89,18.11668620037807,18.512210077299944,18.91437068627833
B,2026-04-11,13.89,16.447,15.0,16.63168620037807,17.07955083536643,17.194023677889096
B,2026-04-12,12.78,12.784,13.89,12.968686200378073,14.379857613243235,13.890137987063815
B,2026-04-13,15.56,14.669,12.78,14.853686200378073,15.640225691173544,16.572405880645718
B,2026-04-14,15.0,15.214,15.56,15.398686200378073,16.54564734997287,16.79981335051341
B,2026-04-15,15.56,15.905,15.0,16.089686200378072,16.533082146275937,16.93894411701543
B,2026-04-16,17.78,16.936,15.56,17.12068620037807,17.709060946212677,18.680034571962604
B,2026-04-17,18.33,18.733,17.78,18.91768620037807,18.509177673788855,20.885186359321935
B,2026-04-18,17.78,18.486,18.33,18.67068620037807,18.220115510626457,18.649779007186
B,2026-04-19,18.89,18.178,17.78,18.36268620037807,18.503227418909013,20.034241809597095
B,2026-04-20,16.11,17.625,18.89,17.80968620037807,18.508810247010924,18.634769944418558
B,2026-04-21,15.56,12.468,16.11,12.652686200378072,14.070782040423863,13.690956773406235
B,2026-04-22,15.56,13.998,15.56,14.182686200378072,15.47906446439334,15.770186151036869
B,2026-04-23,17.78,16.603,15.56,16.787686200378072,18.457622300753087,19.000823191726095
B,2026-04-24,16.67,16.249,17.78,16.43368620037807,17.079257351035753,18.07961033888967
B,2026-04-25,13.89,14.044,16.67,14.228686200378073,15.54926218179533,15.383300096979841
B,2026-04-26,16.11,15.326,13.89,15.510686200378073,16.369201195001274,16.838809633872508
B,2026-04-27,16.11,14.281,16.11,14.465686200378073,16.0337482592821,15.803792020509087
B,2026-04-28,16.67,16.129,16.11,16.313686200378072,17.613667180757286,17.72951749313701
B,2026-04-29,18.33,18.066,16.67,18.25068620037807,18.57727604304134,19.606988152303348
B,2026-04-30,18.89,18.225,18.33,18.409686200378072,18.818400914253942,19.19267492617076
B,2026-05-01,16.11,18.18,18.89,18.36468620037807,18.223959304526385,18.251416648278454
B,2026-05-02,14.44,15.66,16.11,15.844686200378073,16.36441360652628,15.573658874434251
B,2026-05-03,16.67,15.686,14.44,15.870686200378072,16.85528640150914,16.895543345640288
B,2026-05-04,16.11,16.391,16.67,16.57568620037807,17.004869439809628,17.960109342835814
B,2026-05-05,16.67,14.186,16.11,14.370686200378072,14.233622508630637,14.84821541857784
B,2026-05-06,19.44,17.468,16.67,17.65268620037807,17.458540976616323,17.889876150640465
B,2026-05-07,15.56,17.936,19.44,18.12068620037807,18.54022847494983,17.8928169207023
B,2026-05-08,15.0,16.968,15.56,17.15268620037807,17.26772252816391,16.983394047075578
B,2026-05-09,17.22,19.244,15.0,19.42868620037807,19.34494185964245,19.05940175472918
B,2026-05-10,16.11,18.711,17.22,18.89568620037807,18.02275870556686,18.00993982998583
B,2026-05-11,18.89,20.698,16.11,20.88268620037807,20.39415571630112,19.955495771475245
B,2026-05-12,16.67,18.754,18.89,18.938686200378072,18.714486682565784,17.9258458412833
B,2026-05-13,17.22,16.538,16.67,16.72268620037807,18.488121384748084,17.59095100506274
B,2026-05-14,18.89,18.985,17.22,19.16968620037807,19.250237921852314,19.13634725861349
B,2026-05-15,18.33,18.832,18.89,19.01668620037807,20.051519291706033,19.732527775912708
B,2026-05-16,18.33,16.589,18.33,16.77368620037807,17.65991454286061,18.494066002035556
B,2026-05-17,16.67,16.733,18.33,16.91768620037807,17.589244228506466,19.123947201426887
B,2026-05-18,23.33,21.117,16.67,21.30168620037807,23.221872640193787,23.544326606669227
B,2026-05-19,26.67,21.906,23.33,22.09068620037807,23.58936291251793,25.114101818339375
B,2026-05-20,21.11,20.665,26.67,20.84968620037807,20.84021465965275,21.704756144499388
B,2026-05-21,20.56,20.529,21.11,20.71368620037807,21.15780090846023,20.983721321980457
B,2026-05-22,17.22,18.751,20.56,18.935686200378072,19.084282450776875,19.12064309942479
B,2026-05-23,19.44,18.386,17.22,18.57068620037807,19.116961116293865,18.927588077757584
B,2026-05-24,20.0,17.158,19.44,17.342686200378072,18.035766763238723,17.761767623166083
B,2026-05-25,18.33,16.724,20.0,16.90868620037807,17.508973590542094,17.248260428064313
B,2026-05-26,16.67,15.592,18.33,15.776686200378073,17.7835006900331,17.77663052820398
B,2026-05-27,18.89,16.896,16.67,17.08068620037807,17.464445983285,18.459024833324236
B,2026-05-28,17.22,17.122,18.89,17.30668620037807,17.725795893053153,18.349938297557117
B,2026-05-29,16.11,14.878,17.22,15.062686200378073,16.353503098442044,16.625492848726896
B,2026-05-30,17.78,17.198,16.11,17.38268620037807,18.06853297658093,18.75717688275088
B,2026-05-31,21.67,18.772,17.78,18.95668620037807,19.56700795193578,21.049356410113813
B,2026-06-01,21.11,20.399,21.67,20.58368620037807,20.394848377657507,21.356413736298965
B,2026-06-02,18.89,19.252,21.11,19.43668620037807,20.38041148325557,19.21258249930128
B,2026-06-03,18.89,19.171,18.89,19.35568620037807,20.629320428240888,19.953036266245018
B,2026-06-04,18.89,19.653,18.89,19.83768620037807,20.114577962134028,19.6906084310865
B,2026-06-05,20.56,20.673,18.89,20.85768620037807,22.704607950194305,21.57998642392716
B,2026-06-06,16.11,15.984,20.56,16.168686200378072,17.48672520280648,17.044676579853316
B,2026-06-07,19.44,16.914,16.11,17.098686200378072,17.687178538035212,17.639161425715482
B,2026-06-08,17.78,16.765,19.44,16.94968620037807,17.691984258054962,17.070056511911822
B,2026-06-09,19.44,18.242,17.78,18.42668620037807,19.143614147615715,18.602275257536185
B,2026-06-10,26.11,21.408,19.44,21.592686200378072,22.898477695728474,22.706183534104223
B,2026-06-11,32.22,25.051,26.11,25.23568620037807,25.746850114168957,26.51455259371702
B,2026-06-12,19.44,22.348,32.22,22.53268620037807,22.971856106212915,23.15919376709381
B,2026-06-13,19.44,22.405,19.44,22.589686200378072,23.02663434334799,22.781096401023426
B,2026-06-14,20.56,21.589,19.44,21.77368620037807,22.385819049424,22.108077623972097
B,2026-06-15,20.0,21.814,20.56,21.99868620037807,23.023720049611583,21.981067442045447
B,2026-06-16,21.11,21.672,20.0,21.85668620037807,23.073625857177984,21.779984175296697
B,2026-06-17,20.56,20.662,21.11,20.84668620037807,21.830172727306564,21.231641132679204
B,2026-06-18,21.67,20.108,20.56,20.29268620037807,21.634160373534336,21.083882840038342
B,2026-06-19,20.0,20.178,21.67,20.36268620037807,22.02245274264806,20.24631776319704
B,2026-06-20,21.67,19.681,20.0,19.86568620037807,21.038947519213185,20.41014062171865
B,2026-06-21,19.44,20.269,21.67,20.45368620037807,20.952357758540558,20.349841492755157
B,2026-06-22,17.78,20.114,19.44,20.29868620037807,21.56298296719681,20.275871312792386
B,2026-06-23,19.44,20.186,17.78,20.37068620037807,21.379658379936306,20.139640180558548
B,2026-06-24,21.11,20.662,19.44,20.84668620037807,21.270232407730973,20.20287634989719
B,2026-06-25,20.56,20.057,21.11,20.24168620037807,19.643174325292193,19.412661302691124
B,2026-06-26,20.0,18.696,20.56,18.880686200378072,18.109970256682857,19.48562484837132
B,2026-06-27,18.33,17.505,20.0,17.68968620037807,18.443411441300253,18.91704845242646
B,2026-06-28,22.78,19.73,18.33,19.91468620037807,19.712420872127133,21.96232925287988
B,2026-06-29,21.67,20.145,22.78,20.32968620037807,19.98131827995887,22.17818899197414
B,2026-06-30,20.0,20.168,21.67,20.35268620037807,19.660558203839667,19.163824398848796
B,2026-07-01,19.44,19.236,20.0,19.42068620037807,19.765252546450405,19.168925425159077
B,2026-07-02,18.89,19.383,19.44,19.56768620037807,19.421252279961,18.922769895636673
B,2026-07-03,20.0,20.129,18.89,20.313686200378072,20.306214207200444,19.94345281283749
B,2026-07-04,19.44,21.102,20.0,21.28668620037807,21.28403742094869,20.97553517390972
B,2026-07-05,20.0,19.921,19.44,20.10568620037807,20.062822446041345,19.091305200686342
B,2026-07-06,18.89,19.45,20.0,19.63468620037807,20.308402911349013,19.523985021731562
B,2026-07-07,15.56,18.513,18.89,18.697686200378072,18.151534528361726,18.188472033779643
B,2026-07-08,16.67,19.344,15.56,19.528686200378072,18.132093793108176,18.68310285542123
B,2026-07-09,19.44,20.237,16.67,20.42168620037807,19.08102792539185,18.826791585772778
B,2026-07-10,17.22,18.731,19.44,18.915686200378072,17.326437567704374,17.66518237198296
B,2026-07-11,17.78,21.871,17.22,22.05568620037807,20.24244635741907,20.39550552496562
B,2026-07-12,21.11,20.863,17.78,21.04768620037807,19.985259195850354,19.866031245923125
B,2026-07-13,22.78,23.52,21.11,23.70468620037807,22.27727412921368,22.340188887790937
B,2026-07-14,26.11,23.266,22.78,23.45068620037807,21.9166246323483,22.284948072290465
B,2026-07-15,21.11,22.402,26.11,22.58668620037807,21.725232505590714,22.014140152475846
B,2026-07-16,20.56,20.247,21.11,20.43168620037807,19.290534553385662,19.515565880569458
B,2026-07-17,18.89,19.694,20.56,19.87868620037807,18.40062122543729,18.321745958587353
B,2026-07-18,21.11,20.921,18.89,21.10568620037807,20.294209937372024,19.74520921467083
B,2026-07-19,18.33,20.297,21.11,20.48168620037807,19.897828231700647,18.946403630705465
B,2026-07-20,18.89,21.813,18.33,21.99768620037807,19.883175986582735,19.948942621502187
B,2026-07-21,25.56,24.726,18.89,24.91068620037807,24.097102320923877,24.759274692538188
B,2026-07-22,22.78,21.801,25.56,21.98568620037807,20.09302955989624,21.193835273561067
B,2026-07-23,20.0,20.397,22.78,20.58168620037807,19.88062731773284,19.948587881324276
B,2026-07-24,20.0,21.676,20.0,21.86068620037807,21.566767657221188,21.625018771901633
B,2026-07-25,21.11,21.145,20.0,21.32968620037807,21.80180839731833,20.75888959937
B,2026-07-26,18.89,20.834,21.11,21.01868620037807,19.981845323516566,20.250264155539764
B,2026-07-27,19.44,20.544,18.89,20.72868620037807,19.463784799845442,19.43553494041414
B,2026-07-28,20.0,21.192,19.44,21.37668620037807,19.870129667634465,19.653933047232506
B,2026-07-29,20.0,20.932,20.0,21.11668620037807,19.60404967363234,20.009685732074743
B,2026-07-30,21.67,21.653,20.0,21.83768620037807,21.807766687868792,21.625049954838396
B,2026-07-31,22.22,22.019,21.67,22.20368620037807,21.309422327068816,21.436361470101936
