feature,lapse_rate_t2_t850,dewpoint_depression_t2m_floored,pressure_tendency_3h_hpa,dswrf_2h_wm2,precip_rate_mmh,relative_humidity_2m,t850,t925,t700
lapse_rate_t2_t850,1.0,-0.072773,0.283372,0.180817,-0.038705,-0.00462,-0.206838,-0.065275,-0.052712
dewpoint_depression_t2m_floored,-0.072773,1.0,-0.460741,0.746705,-0.315627,-0.94836,0.693118,0.725944,0.584172
pressure_tendency_3h_hpa,0.283372,-0.460741,1.0,-0.354503,0.234843,0.446825,-0.416497,-0.403041,-0.363802
dswrf_2h_wm2,0.180817,0.746705,-0.354503,1.0,-0.250639,-0.786275,0.554241,0.621162,0.505502
precip_rate_mmh,-0.038705,-0.315627,0.234843,-0.250639,1.0,0.388274,-0.096736,-0.097488,-0.10494
relative_humidity_2m,-0.00462,-0.94836,0.446825,-0.786275,0.388274,1.0,-0.568019,-0.615874,-0.480034
t850,-0.206838,0.693118,-0.416497,0.554241,-0.096736,-0.568019,1.0,0.971489,0.910975
t925,-0.065275,0.725944,-0.403041,0.621162,-0.097488,-0.615874,0.971489,1.0,0.879807
t700,-0.052712,0.584172,-0.363802,0.505502,-0.10494,-0.480034,0.910975,0.879807,1.0
