station,fold,cycle_hour,lead,train_rows,test_rows,test_dropped_not_complete,boundary_rows
EGLC,2023-24,0,3,860,366,0,0
EGLC,2023-24,0,4,860,366,0,0
EGLC,2023-24,0,5,859,366,0,0
EGLC,2023-24,0,6,858,366,0,0
EGLC,2023-24,0,7,858,366,0,0
EGLC,2023-24,0,8,859,365,1,0
EGLC,2023-24,0,9,859,366,0,0
EGLC,2023-24,0,10,859,366,0,0
EGLC,2023-24,0,11,859,366,0,0
EGLC,2023-24,0,12,859,366,0,0
EGLC,2023-24,0,13,859,366,0,0
EGLC,2023-24,0,14,858,366,0,0
EGLC,2023-24,0,15,857,366,0,0
EGLC,2023-24,0,16,857,366,0,0
EGLC,2023-24,0,17,857,366,0,0
EGLC,2023-24,0,18,858,366,0,0
EGLC,2023-24,0,19,856,366,0,0
EGLC,2023-24,0,20,857,366,0,0
EGLC,2023-24,0,21,860,366,0,0
EGLC,2023-24,0,22,860,366,0,0
EGLC,2023-24,0,23,859,366,0,0
EGLC,2023-24,0,24,859,366,0,1
EGLC,2023-24,6,3,859,366,0,0
EGLC,2023-24,6,4,859,366,0,0
EGLC,2023-24,6,5,859,366,0,0
EGLC,2023-24,6,6,859,366,0,0
EGLC,2023-24,6,7,859,366,0,0
EGLC,2023-24,6,8,858,366,0,0
EGLC,2023-24,6,9,857,366,0,0
EGLC,2023-24,6,10,857,366,0,0
EGLC,2023-24,6,11,857,366,0,0
EGLC,2023-24,6,12,858,366,0,0
EGLC,2023-24,6,13,856,366,0,0
EGLC,2023-24,6,14,857,366,0,0
EGLC,2023-24,6,15,860,366,0,0
EGLC,2023-24,6,16,860,366,0,0
EGLC,2023-24,6,17,859,366,0,0
EGLC,2023-24,6,18,859,366,0,1
EGLC,2023-24,6,19,859,366,0,1
EGLC,2023-24,6,20,859,366,0,1
EGLC,2023-24,6,21,860,366,0,1
EGLC,2023-24,6,22,860,366,0,1
EGLC,2023-24,6,23,859,366,0,1
EGLC,2023-24,6,24,858,366,0,1
EGLC,2023-24,12,3,857,366,0,0
EGLC,2023-24,12,4,857,366,0,0
EGLC,2023-24,12,5,857,366,0,0
EGLC,2023-24,12,6,858,366,0,0
EGLC,2023-24,12,7,856,366,0,0
EGLC,2023-24,12,8,857,366,0,0
EGLC,2023-24,12,9,860,366,0,0
EGLC,2023-24,12,10,860,366,0,0
EGLC,2023-24,12,11,859,366,0,0
EGLC,2023-24,12,12,859,366,0,1
EGLC,2023-24,12,13,859,366,0,1
EGLC,2023-24,12,14,859,366,0,1
EGLC,2023-24,12,15,860,366,0,1
EGLC,2023-24,12,16,860,366,0,1
EGLC,2023-24,12,17,859,366,0,1
EGLC,2023-24,12,18,858,366,0,1
EGLC,2023-24,12,19,858,366,0,1
EGLC,2023-24,12,20,859,365,1,1
EGLC,2023-24,12,21,859,366,0,1
EGLC,2023-24,12,22,859,366,0,1
EGLC,2023-24,12,23,859,366,0,1
EGLC,2023-24,12,24,859,366,0,1
EGLC,2023-24,18,3,860,366,0,0
EGLC,2023-24,18,4,860,366,0,0
EGLC,2023-24,18,5,859,366,0,0
EGLC,2023-24,18,6,859,366,0,1
EGLC,2023-24,18,7,859,366,0,1
EGLC,2023-24,18,8,859,366,0,1
EGLC,2023-24,18,9,860,366,0,1
EGLC,2023-24,18,10,860,366,0,1
EGLC,2023-24,18,11,859,366,0,1
EGLC,2023-24,18,12,858,366,0,1
EGLC,2023-24,18,13,858,366,0,1
EGLC,2023-24,18,14,859,365,1,1
EGLC,2023-24,18,15,859,366,0,1
EGLC,2023-24,18,16,859,366,0,1
EGLC,2023-24,18,17,859,366,0,1
EGLC,2023-24,18,18,859,366,0,1
EGLC,2023-24,18,19,859,366,0,1
EGLC,2023-24,18,20,858,366,0,1
EGLC,2023-24,18,21,857,366,0,1
EGLC,2023-24,18,22,857,366,0,1
EGLC,2023-24,18,23,857,366,0,1
EGLC,2023-24,18,24,858,366,0,1
EGLC,2024-25,0,3,1226,365,0,0
EGLC,2024-25,0,4,1226,365,0,0
EGLC,2024-25,0,5,1225,365,0,0
EGLC,2024-25,0,6,1224,365,0,0
EGLC,2024-25,0,7,1224,365,0,0
EGLC,2024-25,0,8,1224,365,0,0
EGLC,2024-25,0,9,1225,365,0,0
EGLC,2024-25,0,10,1225,365,0,0
EGLC,2024-25,0,11,1225,364,1,0
EGLC,2024-25,0,12,1225,364,1,0
EGLC,2024-25,0,13,1225,365,0,0
EGLC,2024-25,0,14,1224,365,0,0
EGLC,2024-25,0,15,1223,365,0,0
EGLC,2024-25,0,16,1223,365,0,0
EGLC,2024-25,0,17,1223,365,0,0
EGLC,2024-25,0,18,1224,365,0,0
EGLC,2024-25,0,19,1222,365,0,0
EGLC,2024-25,0,20,1223,365,0,0
EGLC,2024-25,0,21,1226,365,0,0
EGLC,2024-25,0,22,1226,365,0,0
EGLC,2024-25,0,23,1225,364,1,0
EGLC,2024-25,0,24,1225,364,1,1
EGLC,2024-25,6,3,1225,365,0,0
EGLC,2024-25,6,4,1225,365,0,0
EGLC,2024-25,6,5,1225,364,1,0
EGLC,2024-25,6,6,1225,364,1,0
EGLC,2024-25,6,7,1225,365,0,0
EGLC,2024-25,6,8,1224,365,0,0
EGLC,2024-25,6,9,1223,365,0,0
EGLC,2024-25,6,10,1223,365,0,0
EGLC,2024-25,6,11,1223,365,0,0
EGLC,2024-25,6,12,1224,365,0,0
EGLC,2024-25,6,13,1222,365,0,0
EGLC,2024-25,6,14,1223,365,0,0
EGLC,2024-25,6,15,1226,365,0,0
EGLC,2024-25,6,16,1226,365,0,0
EGLC,2024-25,6,17,1225,364,1,0
EGLC,2024-25,6,18,1225,364,1,1
EGLC,2024-25,6,19,1225,365,0,1
EGLC,2024-25,6,20,1225,365,0,1
EGLC,2024-25,6,21,1226,365,0,1
EGLC,2024-25,6,22,1226,365,0,1
EGLC,2024-25,6,23,1225,365,0,1
EGLC,2024-25,6,24,1224,365,0,1
EGLC,2024-25,12,3,1223,365,0,0
EGLC,2024-25,12,4,1223,365,0,0
EGLC,2024-25,12,5,1223,365,0,0
EGLC,2024-25,12,6,1224,365,0,0
EGLC,2024-25,12,7,1222,365,0,0
EGLC,2024-25,12,8,1223,365,0,0
EGLC,2024-25,12,9,1226,365,0,0
EGLC,2024-25,12,10,1226,365,0,0
EGLC,2024-25,12,11,1225,364,1,0
EGLC,2024-25,12,12,1225,364,1,1
EGLC,2024-25,12,13,1225,365,0,1
EGLC,2024-25,12,14,1225,365,0,1
EGLC,2024-25,12,15,1226,365,0,1
EGLC,2024-25,12,16,1226,365,0,1
EGLC,2024-25,12,17,1225,365,0,1
EGLC,2024-25,12,18,1224,365,0,1
EGLC,2024-25,12,19,1224,365,0,1
EGLC,2024-25,12,20,1224,365,0,1
EGLC,2024-25,12,21,1225,365,0,1
EGLC,2024-25,12,22,1225,365,0,1
EGLC,2024-25,12,23,1225,364,1,1
EGLC,2024-25,12,24,1225,364,1,1
EGLC,2024-25,18,3,1226,365,0,0
EGLC,2024-25,18,4,1226,365,0,0
EGLC,2024-25,18,5,1225,364,1,0
EGLC,2024-25,18,6,1225,364,1,1
EGLC,2024-25,18,7,1225,365,0,1
EGLC,2024-25,18,8,1225,365,0,1
EGLC,2024-25,18,9,1226,365,0,1
EGLC,2024-25,18,10,1226,365,0,1
EGLC,2024-25,18,11,1225,365,0,1
EGLC,2024-25,18,12,1224,365,0,1
EGLC,2024-25,18,13,1224,365,0,1
EGLC,2024-25,18,14,1224,365,0,1
EGLC,2024-25,18,15,1225,365,0,1
EGLC,2024-25,18,16,1225,365,0,1
EGLC,2024-25,18,17,1225,364,1,1
EGLC,2024-25,18,18,1225,364,1,1
EGLC,2024-25,18,19,1225,365,0,1
EGLC,2024-25,18,20,1224,365,0,1
EGLC,2024-25,18,21,1223,365,0,1
EGLC,2024-25,18,22,1223,365,0,1
EGLC,2024-25,18,23,1223,365,0,1
EGLC,2024-25,18,24,1224,365,0,1
EGLC,2025-26,0,3,1591,365,0,0
EGLC,2025-26,0,4,1591,364,1,0
EGLC,2025-26,0,5,1590,365,0,0
EGLC,2025-26,0,6,1589,365,0,0
EGLC,2025-26,0,7,1589,365,0,0
EGLC,2025-26,0,8,1589,365,0,0
EGLC,2025-26,0,9,1590,365,0,0
EGLC,2025-26,0,10,1590,365,0,0
EGLC,2025-26,0,11,1589,365,0,0
EGLC,2025-26,0,12,1589,364,1,0
EGLC,2025-26,0,13,1590,364,1,0
EGLC,2025-26,0,14,1589,365,0,0
EGLC,2025-26,0,15,1588,365,0,0
EGLC,2025-26,0,16,1588,365,0,0
EGLC,2025-26,0,17,1588,365,0,0
EGLC,2025-26,0,18,1589,365,0,0
EGLC,2025-26,0,19,1587,365,0,0
EGLC,2025-26,0,20,1588,365,0,0
EGLC,2025-26,0,21,1591,365,0,0
EGLC,2025-26,0,22,1591,365,0,0
EGLC,2025-26,0,23,1589,365,0,0
EGLC,2025-26,0,24,1589,363,1,1
EGLC,2025-26,6,3,1590,365,0,0
EGLC,2025-26,6,4,1590,365,0,0
EGLC,2025-26,6,5,1589,365,0,0
EGLC,2025-26,6,6,1589,364,1,0
EGLC,2025-26,6,7,1590,364,1,0
EGLC,2025-26,6,8,1589,365,0,0
EGLC,2025-26,6,9,1588,365,0,0
EGLC,2025-26,6,10,1588,365,0,0
EGLC,2025-26,6,11,1588,365,0,0
EGLC,2025-26,6,12,1589,365,0,0
EGLC,2025-26,6,13,1587,365,0,0
EGLC,2025-26,6,14,1588,365,0,0
EGLC,2025-26,6,15,1591,365,0,0
EGLC,2025-26,6,16,1591,365,0,0
EGLC,2025-26,6,17,1589,365,0,0
EGLC,2025-26,6,18,1589,363,1,1
EGLC,2025-26,6,19,1590,362,2,1
EGLC,2025-26,6,20,1590,364,0,1
EGLC,2025-26,6,21,1591,364,0,1
EGLC,2025-26,6,22,1591,363,1,1
EGLC,2025-26,6,23,1590,364,0,1
EGLC,2025-26,6,24,1589,364,0,1
EGLC,2025-26,12,3,1588,365,0,0
EGLC,2025-26,12,4,1588,365,0,0
EGLC,2025-26,12,5,1588,365,0,0
EGLC,2025-26,12,6,1589,365,0,0
EGLC,2025-26,12,7,1587,365,0,0
EGLC,2025-26,12,8,1588,365,0,0
EGLC,2025-26,12,9,1591,365,0,0
EGLC,2025-26,12,10,1591,365,0,0
EGLC,2025-26,12,11,1589,365,0,0
EGLC,2025-26,12,12,1589,363,1,1
EGLC,2025-26,12,13,1590,362,2,1
EGLC,2025-26,12,14,1590,364,0,1
EGLC,2025-26,12,15,1591,364,0,1
EGLC,2025-26,12,16,1591,363,1,1
EGLC,2025-26,12,17,1590,364,0,1
EGLC,2025-26,12,18,1589,364,0,1
EGLC,2025-26,12,19,1589,364,0,1
EGLC,2025-26,12,20,1589,364,0,1
EGLC,2025-26,12,21,1590,364,0,1
EGLC,2025-26,12,22,1590,364,0,1
EGLC,2025-26,12,23,1589,364,0,1
EGLC,2025-26,12,24,1589,363,1,1
EGLC,2025-26,18,3,1591,365,0,0
EGLC,2025-26,18,4,1591,365,0,0
EGLC,2025-26,18,5,1589,365,0,0
EGLC,2025-26,18,6,1589,363,1,1
EGLC,2025-26,18,7,1590,362,2,1
EGLC,2025-26,18,8,1590,364,0,1
EGLC,2025-26,18,9,1591,364,0,1
EGLC,2025-26,18,10,1591,363,1,1
EGLC,2025-26,18,11,1590,364,0,1
EGLC,2025-26,18,12,1589,364,0,1
EGLC,2025-26,18,13,1589,364,0,1
EGLC,2025-26,18,14,1589,364,0,1
EGLC,2025-26,18,15,1590,364,0,1
EGLC,2025-26,18,16,1590,364,0,1
EGLC,2025-26,18,17,1589,364,0,1
EGLC,2025-26,18,18,1589,363,1,1
EGLC,2025-26,18,19,1590,363,1,1
EGLC,2025-26,18,20,1589,364,0,1
EGLC,2025-26,18,21,1588,364,0,1
EGLC,2025-26,18,22,1588,364,0,1
EGLC,2025-26,18,23,1588,364,0,1
EGLC,2025-26,18,24,1589,364,0,1
LFPG,2023-24,0,3,858,366,0,0
LFPG,2023-24,0,4,858,365,1,0
LFPG,2023-24,0,5,857,366,0,0
LFPG,2023-24,0,6,858,366,0,0
LFPG,2023-24,0,7,857,365,1,0
LFPG,2023-24,0,8,857,366,0,0
LFPG,2023-24,0,9,857,366,0,0
LFPG,2023-24,0,10,857,366,0,0
LFPG,2023-24,0,11,855,366,0,0
LFPG,2023-24,0,12,858,366,0,0
LFPG,2023-24,0,13,858,365,1,0
LFPG,2023-24,0,14,857,366,0,0
LFPG,2023-24,0,15,858,365,1,0
LFPG,2023-24,0,16,857,366,0,0
LFPG,2023-24,0,17,857,366,0,0
LFPG,2023-24,0,18,857,366,0,0
LFPG,2023-24,0,19,857,366,0,0
LFPG,2023-24,0,20,856,365,1,0
LFPG,2023-24,0,21,857,364,2,0
LFPG,2023-24,0,22,858,364,2,0
LFPG,2023-24,0,23,856,366,0,0
LFPG,2023-24,0,24,844,365,1,1
LFPG,2023-24,6,3,857,366,0,0
LFPG,2023-24,6,4,857,366,0,0
LFPG,2023-24,6,5,855,366,0,0
LFPG,2023-24,6,6,858,366,0,0
LFPG,2023-24,6,7,858,365,1,0
LFPG,2023-24,6,8,857,366,0,0
LFPG,2023-24,6,9,858,365,1,0
LFPG,2023-24,6,10,857,366,0,0
LFPG,2023-24,6,11,857,366,0,0
LFPG,2023-24,6,12,857,366,0,0
LFPG,2023-24,6,13,857,366,0,0
LFPG,2023-24,6,14,856,365,1,0
LFPG,2023-24,6,15,857,364,2,0
LFPG,2023-24,6,16,858,364,2,0
LFPG,2023-24,6,17,856,366,0,0
LFPG,2023-24,6,18,844,365,1,1
LFPG,2023-24,6,19,855,366,0,1
LFPG,2023-24,6,20,857,366,0,1
LFPG,2023-24,6,21,858,366,0,1
LFPG,2023-24,6,22,858,365,1,1
LFPG,2023-24,6,23,857,366,0,1
LFPG,2023-24,6,24,858,366,0,1
LFPG,2023-24,12,3,858,365,1,0
LFPG,2023-24,12,4,857,366,0,0
LFPG,2023-24,12,5,857,366,0,0
LFPG,2023-24,12,6,857,366,0,0
LFPG,2023-24,12,7,857,366,0,0
LFPG,2023-24,12,8,856,365,1,0
LFPG,2023-24,12,9,857,364,2,0
LFPG,2023-24,12,10,858,364,2,0
LFPG,2023-24,12,11,856,366,0,0
LFPG,2023-24,12,12,844,365,1,1
LFPG,2023-24,12,13,855,366,0,1
LFPG,2023-24,12,14,857,366,0,1
LFPG,2023-24,12,15,858,366,0,1
LFPG,2023-24,12,16,858,365,1,1
LFPG,2023-24,12,17,857,366,0,1
LFPG,2023-24,12,18,858,366,0,1
LFPG,2023-24,12,19,857,365,1,1
LFPG,2023-24,12,20,857,366,0,1
LFPG,2023-24,12,21,857,366,0,1
LFPG,2023-24,12,22,857,366,0,1
LFPG,2023-24,12,23,855,366,0,1
LFPG,2023-24,12,24,858,366,0,1
LFPG,2023-24,18,3,857,364,2,0
LFPG,2023-24,18,4,858,364,2,0
LFPG,2023-24,18,5,856,366,0,0
LFPG,2023-24,18,6,844,365,1,1
LFPG,2023-24,18,7,855,366,0,1
LFPG,2023-24,18,8,857,366,0,1
LFPG,2023-24,18,9,858,366,0,1
LFPG,2023-24,18,10,858,365,1,1
LFPG,2023-24,18,11,857,366,0,1
LFPG,2023-24,18,12,858,366,0,1
LFPG,2023-24,18,13,857,365,1,1
LFPG,2023-24,18,14,857,366,0,1
LFPG,2023-24,18,15,857,366,0,1
LFPG,2023-24,18,16,857,366,0,1
LFPG,2023-24,18,17,855,366,0,1
LFPG,2023-24,18,18,858,366,0,1
LFPG,2023-24,18,19,858,365,1,1
LFPG,2023-24,18,20,857,366,0,1
LFPG,2023-24,18,21,858,365,1,1
LFPG,2023-24,18,22,857,366,0,1
LFPG,2023-24,18,23,857,366,0,1
LFPG,2023-24,18,24,857,366,0,1
LFPG,2024-25,0,3,1224,365,0,0
LFPG,2024-25,0,4,1223,364,1,0
LFPG,2024-25,0,5,1223,365,0,0
LFPG,2024-25,0,6,1224,365,0,0
LFPG,2024-25,0,7,1222,365,0,0
LFPG,2024-25,0,8,1223,364,1,0
LFPG,2024-25,0,9,1223,365,0,0
LFPG,2024-25,0,10,1223,364,1,0
LFPG,2024-25,0,11,1221,365,0,0
LFPG,2024-25,0,12,1224,365,0,0
LFPG,2024-25,0,13,1223,365,0,0
LFPG,2024-25,0,14,1223,364,1,0
LFPG,2024-25,0,15,1223,364,1,0
LFPG,2024-25,0,16,1223,364,1,0
LFPG,2024-25,0,17,1223,365,0,0
LFPG,2024-25,0,18,1223,365,0,0
LFPG,2024-25,0,19,1223,364,1,0
LFPG,2024-25,0,20,1221,365,0,0
LFPG,2024-25,0,21,1221,365,0,0
LFPG,2024-25,0,22,1222,365,0,0
LFPG,2024-25,0,23,1222,364,1,0
LFPG,2024-25,0,24,1209,357,8,1
LFPG,2024-25,6,3,1223,365,0,0
LFPG,2024-25,6,4,1223,364,1,0
LFPG,2024-25,6,5,1221,365,0,0
LFPG,2024-25,6,6,1224,365,0,0
LFPG,2024-25,6,7,1223,365,0,0
LFPG,2024-25,6,8,1223,364,1,0
LFPG,2024-25,6,9,1223,364,1,0
LFPG,2024-25,6,10,1223,364,1,0
LFPG,2024-25,6,11,1223,365,0,0
LFPG,2024-25,6,12,1223,365,0,0
LFPG,2024-25,6,13,1223,364,1,0
LFPG,2024-25,6,14,1221,365,0,0
LFPG,2024-25,6,15,1221,365,0,0
LFPG,2024-25,6,16,1222,365,0,0
LFPG,2024-25,6,17,1222,364,1,0
LFPG,2024-25,6,18,1209,357,8,1
LFPG,2024-25,6,19,1221,365,0,1
LFPG,2024-25,6,20,1223,365,0,1
LFPG,2024-25,6,21,1224,365,0,1
LFPG,2024-25,6,22,1223,364,1,1
LFPG,2024-25,6,23,1223,365,0,1
LFPG,2024-25,6,24,1224,365,0,1
LFPG,2024-25,12,3,1223,364,1,0
LFPG,2024-25,12,4,1223,364,1,0
LFPG,2024-25,12,5,1223,365,0,0
LFPG,2024-25,12,6,1223,365,0,0
LFPG,2024-25,12,7,1223,364,1,0
LFPG,2024-25,12,8,1221,365,0,0
LFPG,2024-25,12,9,1221,365,0,0
LFPG,2024-25,12,10,1222,365,0,0
LFPG,2024-25,12,11,1222,364,1,0
LFPG,2024-25,12,12,1209,357,8,1
LFPG,2024-25,12,13,1221,365,0,1
LFPG,2024-25,12,14,1223,365,0,1
LFPG,2024-25,12,15,1224,365,0,1
LFPG,2024-25,12,16,1223,364,1,1
LFPG,2024-25,12,17,1223,365,0,1
LFPG,2024-25,12,18,1224,365,0,1
LFPG,2024-25,12,19,1222,365,0,1
LFPG,2024-25,12,20,1223,364,1,1
LFPG,2024-25,12,21,1223,365,0,1
LFPG,2024-25,12,22,1223,364,1,1
LFPG,2024-25,12,23,1221,365,0,1
LFPG,2024-25,12,24,1224,365,0,1
LFPG,2024-25,18,3,1221,365,0,0
LFPG,2024-25,18,4,1222,365,0,0
LFPG,2024-25,18,5,1222,364,1,0
LFPG,2024-25,18,6,1209,357,8,1
LFPG,2024-25,18,7,1221,365,0,1
LFPG,2024-25,18,8,1223,365,0,1
LFPG,2024-25,18,9,1224,365,0,1
LFPG,2024-25,18,10,1223,364,1,1
LFPG,2024-25,18,11,1223,365,0,1
LFPG,2024-25,18,12,1224,365,0,1
LFPG,2024-25,18,13,1222,365,0,1
LFPG,2024-25,18,14,1223,364,1,1
LFPG,2024-25,18,15,1223,365,0,1
LFPG,2024-25,18,16,1223,364,1,1
LFPG,2024-25,18,17,1221,365,0,1
LFPG,2024-25,18,18,1224,365,0,1
LFPG,2024-25,18,19,1223,365,0,1
LFPG,2024-25,18,20,1223,364,1,1
LFPG,2024-25,18,21,1223,364,1,1
LFPG,2024-25,18,22,1223,364,1,1
LFPG,2024-25,18,23,1223,365,0,1
LFPG,2024-25,18,24,1223,365,0,1
LFPG,2025-26,0,3,1589,364,1,0
LFPG,2025-26,0,4,1587,364,1,0
LFPG,2025-26,0,5,1588,363,2,0
LFPG,2025-26,0,6,1589,364,1,0
LFPG,2025-26,0,7,1587,364,1,0
LFPG,2025-26,0,8,1587,364,1,0
LFPG,2025-26,0,9,1588,364,1,0
LFPG,2025-26,0,10,1587,364,1,0
LFPG,2025-26,0,11,1586,365,0,0
LFPG,2025-26,0,12,1589,364,1,0
LFPG,2025-26,0,13,1588,363,2,0
LFPG,2025-26,0,14,1587,364,1,0
LFPG,2025-26,0,15,1587,361,4,0
LFPG,2025-26,0,16,1587,364,1,0
LFPG,2025-26,0,17,1588,364,1,0
LFPG,2025-26,0,18,1588,364,1,0
LFPG,2025-26,0,19,1587,363,2,0
LFPG,2025-26,0,20,1586,364,1,0
LFPG,2025-26,0,21,1586,365,0,0
LFPG,2025-26,0,22,1587,363,2,0
LFPG,2025-26,0,23,1586,365,0,0
LFPG,2025-26,0,24,1566,358,6,1
LFPG,2025-26,6,3,1588,364,1,0
LFPG,2025-26,6,4,1587,364,1,0
LFPG,2025-26,6,5,1586,365,0,0
LFPG,2025-26,6,6,1589,364,1,0
LFPG,2025-26,6,7,1588,363,2,0
LFPG,2025-26,6,8,1587,364,1,0
LFPG,2025-26,6,9,1587,361,4,0
LFPG,2025-26,6,10,1587,364,1,0
LFPG,2025-26,6,11,1588,364,1,0
LFPG,2025-26,6,12,1588,364,1,0
LFPG,2025-26,6,13,1587,363,2,0
LFPG,2025-26,6,14,1586,364,1,0
LFPG,2025-26,6,15,1586,365,0,0
LFPG,2025-26,6,16,1587,363,2,0
LFPG,2025-26,6,17,1586,365,0,0
LFPG,2025-26,6,18,1566,358,6,1
LFPG,2025-26,6,19,1586,363,1,1
LFPG,2025-26,6,20,1588,363,1,1
LFPG,2025-26,6,21,1589,363,1,1
LFPG,2025-26,6,22,1587,363,1,1
LFPG,2025-26,6,23,1588,362,2,1
LFPG,2025-26,6,24,1589,363,1,1
LFPG,2025-26,12,3,1587,361,4,0
LFPG,2025-26,12,4,1587,364,1,0
LFPG,2025-26,12,5,1588,364,1,0
LFPG,2025-26,12,6,1588,364,1,0
LFPG,2025-26,12,7,1587,363,2,0
LFPG,2025-26,12,8,1586,364,1,0
LFPG,2025-26,12,9,1586,365,0,0
LFPG,2025-26,12,10,1587,363,2,0
LFPG,2025-26,12,11,1586,365,0,0
LFPG,2025-26,12,12,1566,358,6,1
LFPG,2025-26,12,13,1586,363,1,1
LFPG,2025-26,12,14,1588,363,1,1
LFPG,2025-26,12,15,1589,363,1,1
LFPG,2025-26,12,16,1587,363,1,1
LFPG,2025-26,12,17,1588,362,2,1
LFPG,2025-26,12,18,1589,363,1,1
LFPG,2025-26,12,19,1587,363,1,1
LFPG,2025-26,12,20,1587,363,1,1
LFPG,2025-26,12,21,1588,363,1,1
LFPG,2025-26,12,22,1587,363,1,1
LFPG,2025-26,12,23,1586,364,0,1
LFPG,2025-26,12,24,1589,363,1,1
LFPG,2025-26,18,3,1586,365,0,0
LFPG,2025-26,18,4,1587,363,2,0
LFPG,2025-26,18,5,1586,365,0,0
LFPG,2025-26,18,6,1566,358,6,1
LFPG,2025-26,18,7,1586,363,1,1
LFPG,2025-26,18,8,1588,363,1,1
LFPG,2025-26,18,9,1589,363,1,1
LFPG,2025-26,18,10,1587,363,1,1
LFPG,2025-26,18,11,1588,362,2,1
LFPG,2025-26,18,12,1589,363,1,1
LFPG,2025-26,18,13,1587,363,1,1
LFPG,2025-26,18,14,1587,363,1,1
LFPG,2025-26,18,15,1588,363,1,1
LFPG,2025-26,18,16,1587,363,1,1
LFPG,2025-26,18,17,1586,364,0,1
LFPG,2025-26,18,18,1589,363,1,1
LFPG,2025-26,18,19,1588,362,2,1
LFPG,2025-26,18,20,1587,363,1,1
LFPG,2025-26,18,21,1587,360,4,1
LFPG,2025-26,18,22,1587,363,1,1
LFPG,2025-26,18,23,1588,363,1,1
LFPG,2025-26,18,24,1588,363,1,1
DSM,2023-24,0,3,859,366,0,0
DSM,2023-24,0,4,860,366,0,0
DSM,2023-24,0,5,860,366,0,0
DSM,2023-24,0,6,860,366,0,0
DSM,2023-24,0,7,860,366,0,0
DSM,2023-24,0,8,860,366,0,0
DSM,2023-24,0,9,859,366,0,0
DSM,2023-24,0,10,860,366,0,0
DSM,2023-24,0,11,860,366,0,0
DSM,2023-24,0,12,860,366,0,0
DSM,2023-24,0,13,859,366,0,0
DSM,2023-24,0,14,860,366,0,0
DSM,2023-24,0,15,860,366,0,0
DSM,2023-24,0,16,859,366,0,0
DSM,2023-24,0,17,860,366,0,0
DSM,2023-24,0,18,860,366,0,0
DSM,2023-24,0,19,860,366,0,0
DSM,2023-24,0,20,860,366,0,0
DSM,2023-24,0,21,859,366,0,0
DSM,2023-24,0,22,860,365,1,0
DSM,2023-24,0,23,860,366,0,0
DSM,2023-24,0,24,858,365,1,1
DSM,2023-24,6,3,859,366,0,0
DSM,2023-24,6,4,860,366,0,0
DSM,2023-24,6,5,860,366,0,0
DSM,2023-24,6,6,860,366,0,0
DSM,2023-24,6,7,859,366,0,0
DSM,2023-24,6,8,860,366,0,0
DSM,2023-24,6,9,860,366,0,0
DSM,2023-24,6,10,859,366,0,0
DSM,2023-24,6,11,860,366,0,0
DSM,2023-24,6,12,860,366,0,0
DSM,2023-24,6,13,860,366,0,0
DSM,2023-24,6,14,860,366,0,0
DSM,2023-24,6,15,859,366,0,0
DSM,2023-24,6,16,860,365,1,0
DSM,2023-24,6,17,860,366,0,0
DSM,2023-24,6,18,858,365,1,1
DSM,2023-24,6,19,859,366,0,1
DSM,2023-24,6,20,859,366,0,1
DSM,2023-24,6,21,859,366,0,1
DSM,2023-24,6,22,860,366,0,1
DSM,2023-24,6,23,860,366,0,1
DSM,2023-24,6,24,860,366,0,1
DSM,2023-24,12,3,860,366,0,0
DSM,2023-24,12,4,859,366,0,0
DSM,2023-24,12,5,860,366,0,0
DSM,2023-24,12,6,860,366,0,0
DSM,2023-24,12,7,860,366,0,0
DSM,2023-24,12,8,860,366,0,0
DSM,2023-24,12,9,859,366,0,0
DSM,2023-24,12,10,860,365,1,0
DSM,2023-24,12,11,860,366,0,0
DSM,2023-24,12,12,858,365,1,1
DSM,2023-24,12,13,859,366,0,1
DSM,2023-24,12,14,859,366,0,1
DSM,2023-24,12,15,859,366,0,1
DSM,2023-24,12,16,860,366,0,1
DSM,2023-24,12,17,860,366,0,1
DSM,2023-24,12,18,860,366,0,1
DSM,2023-24,12,19,860,366,0,1
DSM,2023-24,12,20,860,366,0,1
DSM,2023-24,12,21,859,366,0,1
DSM,2023-24,12,22,860,366,0,1
DSM,2023-24,12,23,860,366,0,1
DSM,2023-24,12,24,860,366,0,1
DSM,2023-24,18,3,859,366,0,0
DSM,2023-24,18,4,860,365,1,0
DSM,2023-24,18,5,860,366,0,0
DSM,2023-24,18,6,858,365,1,1
DSM,2023-24,18,7,859,366,0,1
DSM,2023-24,18,8,859,366,0,1
DSM,2023-24,18,9,859,366,0,1
DSM,2023-24,18,10,860,366,0,1
DSM,2023-24,18,11,860,366,0,1
DSM,2023-24,18,12,860,366,0,1
DSM,2023-24,18,13,860,366,0,1
DSM,2023-24,18,14,860,366,0,1
DSM,2023-24,18,15,859,366,0,1
DSM,2023-24,18,16,860,366,0,1
DSM,2023-24,18,17,860,366,0,1
DSM,2023-24,18,18,860,366,0,1
DSM,2023-24,18,19,859,366,0,1
DSM,2023-24,18,20,860,366,0,1
DSM,2023-24,18,21,860,366,0,1
DSM,2023-24,18,22,859,366,0,1
DSM,2023-24,18,23,860,366,0,1
DSM,2023-24,18,24,860,366,0,1
DSM,2024-25,0,3,1225,365,0,0
DSM,2024-25,0,4,1226,365,0,0
DSM,2024-25,0,5,1226,365,0,0
DSM,2024-25,0,6,1226,365,0,0
DSM,2024-25,0,7,1226,365,0,0
DSM,2024-25,0,8,1226,365,0,0
DSM,2024-25,0,9,1225,365,0,0
DSM,2024-25,0,10,1226,365,0,0
DSM,2024-25,0,11,1226,365,0,0
DSM,2024-25,0,12,1226,365,0,0
DSM,2024-25,0,13,1225,365,0,0
DSM,2024-25,0,14,1226,365,0,0
DSM,2024-25,0,15,1226,365,0,0
DSM,2024-25,0,16,1225,365,0,0
DSM,2024-25,0,17,1226,365,0,0
DSM,2024-25,0,18,1226,365,0,0
DSM,2024-25,0,19,1226,365,0,0
DSM,2024-25,0,20,1226,364,1,0
DSM,2024-25,0,21,1225,365,0,0
DSM,2024-25,0,22,1225,365,0,0
DSM,2024-25,0,23,1226,365,0,0
DSM,2024-25,0,24,1223,365,0,1
DSM,2024-25,6,3,1225,365,0,0
DSM,2024-25,6,4,1226,365,0,0
DSM,2024-25,6,5,1226,365,0,0
DSM,2024-25,6,6,1226,365,0,0
DSM,2024-25,6,7,1225,365,0,0
DSM,2024-25,6,8,1226,365,0,0
DSM,2024-25,6,9,1226,365,0,0
DSM,2024-25,6,10,1225,365,0,0
DSM,2024-25,6,11,1226,365,0,0
DSM,2024-25,6,12,1226,365,0,0
DSM,2024-25,6,13,1226,365,0,0
DSM,2024-25,6,14,1226,364,1,0
DSM,2024-25,6,15,1225,365,0,0
DSM,2024-25,6,16,1225,365,0,0
DSM,2024-25,6,17,1226,365,0,0
DSM,2024-25,6,18,1223,365,0,1
DSM,2024-25,6,19,1225,365,0,1
DSM,2024-25,6,20,1225,365,0,1
DSM,2024-25,6,21,1225,365,0,1
DSM,2024-25,6,22,1226,365,0,1
DSM,2024-25,6,23,1226,365,0,1
DSM,2024-25,6,24,1226,365,0,1
DSM,2024-25,12,3,1226,365,0,0
DSM,2024-25,12,4,1225,365,0,0
DSM,2024-25,12,5,1226,365,0,0
DSM,2024-25,12,6,1226,365,0,0
DSM,2024-25,12,7,1226,365,0,0
DSM,2024-25,12,8,1226,364,1,0
DSM,2024-25,12,9,1225,365,0,0
DSM,2024-25,12,10,1225,365,0,0
DSM,2024-25,12,11,1226,365,0,0
DSM,2024-25,12,12,1223,365,0,1
DSM,2024-25,12,13,1225,365,0,1
DSM,2024-25,12,14,1225,365,0,1
DSM,2024-25,12,15,1225,365,0,1
DSM,2024-25,12,16,1226,365,0,1
DSM,2024-25,12,17,1226,365,0,1
DSM,2024-25,12,18,1226,365,0,1
DSM,2024-25,12,19,1226,365,0,1
DSM,2024-25,12,20,1226,365,0,1
DSM,2024-25,12,21,1225,365,0,1
DSM,2024-25,12,22,1226,365,0,1
DSM,2024-25,12,23,1226,365,0,1
DSM,2024-25,12,24,1226,365,0,1
DSM,2024-25,18,3,1225,365,0,0
DSM,2024-25,18,4,1225,365,0,0
DSM,2024-25,18,5,1226,365,0,0
DSM,2024-25,18,6,1223,365,0,1
DSM,2024-25,18,7,1225,365,0,1
DSM,2024-25,18,8,1225,365,0,1
DSM,2024-25,18,9,1225,365,0,1
DSM,2024-25,18,10,1226,365,0,1
DSM,2024-25,18,11,1226,365,0,1
DSM,2024-25,18,12,1226,365,0,1
DSM,2024-25,18,13,1226,365,0,1
DSM,2024-25,18,14,1226,365,0,1
DSM,2024-25,18,15,1225,365,0,1
DSM,2024-25,18,16,1226,365,0,1
DSM,2024-25,18,17,1226,365,0,1
DSM,2024-25,18,18,1226,365,0,1
DSM,2024-25,18,19,1225,365,0,1
DSM,2024-25,18,20,1226,365,0,1
DSM,2024-25,18,21,1226,365,0,1
DSM,2024-25,18,22,1225,365,0,1
DSM,2024-25,18,23,1226,365,0,1
DSM,2024-25,18,24,1226,365,0,1
DSM,2025-26,0,3,1590,364,1,0
DSM,2025-26,0,4,1591,364,1,0
DSM,2025-26,0,5,1591,365,0,0
DSM,2025-26,0,6,1591,365,0,0
DSM,2025-26,0,7,1591,365,0,0
DSM,2025-26,0,8,1591,365,0,0
DSM,2025-26,0,9,1590,365,0,0
DSM,2025-26,0,10,1591,365,0,0
DSM,2025-26,0,11,1591,365,0,0
DSM,2025-26,0,12,1591,365,0,0
DSM,2025-26,0,13,1590,365,0,0
DSM,2025-26,0,14,1591,365,0,0
DSM,2025-26,0,15,1591,365,0,0
DSM,2025-26,0,16,1590,365,0,0
DSM,2025-26,0,17,1591,365,0,0
DSM,2025-26,0,18,1591,365,0,0
DSM,2025-26,0,19,1591,365,0,0
DSM,2025-26,0,20,1590,365,0,0
DSM,2025-26,0,21,1590,365,0,0
DSM,2025-26,0,22,1590,365,0,0
DSM,2025-26,0,23,1591,365,0,0
DSM,2025-26,0,24,1588,364,0,1
DSM,2025-26,6,3,1590,365,0,0
DSM,2025-26,6,4,1591,365,0,0
DSM,2025-26,6,5,1591,365,0,0
DSM,2025-26,6,6,1591,365,0,0
DSM,2025-26,6,7,1590,365,0,0
DSM,2025-26,6,8,1591,365,0,0
DSM,2025-26,6,9,1591,365,0,0
DSM,2025-26,6,10,1590,365,0,0
DSM,2025-26,6,11,1591,365,0,0
DSM,2025-26,6,12,1591,365,0,0
DSM,2025-26,6,13,1591,365,0,0
DSM,2025-26,6,14,1590,365,0,0
DSM,2025-26,6,15,1590,365,0,0
DSM,2025-26,6,16,1590,365,0,0
DSM,2025-26,6,17,1591,365,0,0
DSM,2025-26,6,18,1588,364,0,1
DSM,2025-26,6,19,1590,364,0,1
DSM,2025-26,6,20,1590,364,0,1
DSM,2025-26,6,21,1590,363,1,1
DSM,2025-26,6,22,1591,363,1,1
DSM,2025-26,6,23,1591,364,0,1
DSM,2025-26,6,24,1591,364,0,1
DSM,2025-26,12,3,1591,365,0,0
DSM,2025-26,12,4,1590,365,0,0
DSM,2025-26,12,5,1591,365,0,0
DSM,2025-26,12,6,1591,365,0,0
DSM,2025-26,12,7,1591,365,0,0
DSM,2025-26,12,8,1590,365,0,0
DSM,2025-26,12,9,1590,365,0,0
DSM,2025-26,12,10,1590,365,0,0
DSM,2025-26,12,11,1591,365,0,0
DSM,2025-26,12,12,1588,364,0,1
DSM,2025-26,12,13,1590,364,0,1
DSM,2025-26,12,14,1590,364,0,1
DSM,2025-26,12,15,1590,363,1,1
DSM,2025-26,12,16,1591,363,1,1
DSM,2025-26,12,17,1591,364,0,1
DSM,2025-26,12,18,1591,364,0,1
DSM,2025-26,12,19,1591,364,0,1
DSM,2025-26,12,20,1591,364,0,1
DSM,2025-26,12,21,1590,364,0,1
DSM,2025-26,12,22,1591,364,0,1
DSM,2025-26,12,23,1591,364,0,1
DSM,2025-26,12,24,1591,364,0,1
DSM,2025-26,18,3,1590,365,0,0
DSM,2025-26,18,4,1590,365,0,0
DSM,2025-26,18,5,1591,365,0,0
DSM,2025-26,18,6,1588,364,0,1
DSM,2025-26,18,7,1590,364,0,1
DSM,2025-26,18,8,1590,364,0,1
DSM,2025-26,18,9,1590,363,1,1
DSM,2025-26,18,10,1591,363,1,1
DSM,2025-26,18,11,1591,364,0,1
DSM,2025-26,18,12,1591,364,0,1
DSM,2025-26,18,13,1591,364,0,1
DSM,2025-26,18,14,1591,364,0,1
DSM,2025-26,18,15,1590,364,0,1
DSM,2025-26,18,16,1591,364,0,1
DSM,2025-26,18,17,1591,364,0,1
DSM,2025-26,18,18,1591,364,0,1
DSM,2025-26,18,19,1590,364,0,1
DSM,2025-26,18,20,1591,364,0,1
DSM,2025-26,18,21,1591,364,0,1
DSM,2025-26,18,22,1590,364,0,1
DSM,2025-26,18,23,1591,364,0,1
DSM,2025-26,18,24,1591,364,0,1
YSDU,2023-24,0,3,845,362,4,0
YSDU,2023-24,0,4,849,362,4,0
YSDU,2023-24,0,5,848,362,4,0
YSDU,2023-24,0,6,846,364,2,0
YSDU,2023-24,0,7,850,359,7,0
YSDU,2023-24,0,8,851,362,4,0
YSDU,2023-24,0,9,849,365,1,0
YSDU,2023-24,0,10,853,364,2,0
YSDU,2023-24,0,11,851,365,1,0
YSDU,2023-24,0,12,850,363,3,0
YSDU,2023-24,0,13,847,361,5,0
YSDU,2023-24,0,14,849,359,7,0
YSDU,2023-24,0,15,849,363,3,0
YSDU,2023-24,0,16,850,366,0,0
YSDU,2023-24,0,17,850,364,2,0
YSDU,2023-24,0,18,850,364,2,0
YSDU,2023-24,0,19,846,362,4,0
YSDU,2023-24,0,20,848,362,4,0
YSDU,2023-24,0,21,850,364,2,0
YSDU,2023-24,0,22,850,366,0,0
YSDU,2023-24,0,23,846,365,1,0
YSDU,2023-24,0,24,845,363,3,1
YSDU,2023-24,6,3,849,365,1,0
YSDU,2023-24,6,4,853,364,2,0
YSDU,2023-24,6,5,851,365,1,0
YSDU,2023-24,6,6,850,363,3,0
YSDU,2023-24,6,7,847,361,5,0
YSDU,2023-24,6,8,849,359,7,0
YSDU,2023-24,6,9,849,363,3,0
YSDU,2023-24,6,10,850,366,0,0
YSDU,2023-24,6,11,850,364,2,0
YSDU,2023-24,6,12,850,364,2,0
YSDU,2023-24,6,13,846,362,4,0
YSDU,2023-24,6,14,848,362,4,0
YSDU,2023-24,6,15,850,364,2,0
YSDU,2023-24,6,16,850,366,0,0
YSDU,2023-24,6,17,846,365,1,0
YSDU,2023-24,6,18,845,363,3,1
YSDU,2023-24,6,19,849,362,4,1
YSDU,2023-24,6,20,850,363,3,1
YSDU,2023-24,6,21,845,362,4,1
YSDU,2023-24,6,22,849,362,4,1
YSDU,2023-24,6,23,848,362,4,1
YSDU,2023-24,6,24,846,364,2,1
YSDU,2023-24,12,3,849,363,3,0
YSDU,2023-24,12,4,850,366,0,0
YSDU,2023-24,12,5,850,364,2,0
YSDU,2023-24,12,6,850,364,2,0
YSDU,2023-24,12,7,846,362,4,0
YSDU,2023-24,12,8,848,362,4,0
YSDU,2023-24,12,9,850,364,2,0
YSDU,2023-24,12,10,850,366,0,0
YSDU,2023-24,12,11,846,365,1,0
YSDU,2023-24,12,12,845,363,3,1
YSDU,2023-24,12,13,849,362,4,1
YSDU,2023-24,12,14,850,363,3,1
YSDU,2023-24,12,15,845,362,4,1
YSDU,2023-24,12,16,849,362,4,1
YSDU,2023-24,12,17,848,362,4,1
YSDU,2023-24,12,18,846,364,2,1
YSDU,2023-24,12,19,850,359,7,1
YSDU,2023-24,12,20,851,362,4,1
YSDU,2023-24,12,21,849,365,1,1
YSDU,2023-24,12,22,853,364,2,1
YSDU,2023-24,12,23,851,365,1,1
YSDU,2023-24,12,24,850,363,3,1
YSDU,2023-24,18,3,850,364,2,0
YSDU,2023-24,18,4,850,366,0,0
YSDU,2023-24,18,5,846,365,1,0
YSDU,2023-24,18,6,845,363,3,1
YSDU,2023-24,18,7,849,362,4,1
YSDU,2023-24,18,8,850,363,3,1
YSDU,2023-24,18,9,845,362,4,1
YSDU,2023-24,18,10,849,362,4,1
YSDU,2023-24,18,11,848,362,4,1
YSDU,2023-24,18,12,846,364,2,1
YSDU,2023-24,18,13,850,359,7,1
YSDU,2023-24,18,14,851,362,4,1
YSDU,2023-24,18,15,849,365,1,1
YSDU,2023-24,18,16,853,364,2,1
YSDU,2023-24,18,17,851,365,1,1
YSDU,2023-24,18,18,850,363,3,1
YSDU,2023-24,18,19,847,361,5,1
YSDU,2023-24,18,20,849,359,7,1
YSDU,2023-24,18,21,849,363,3,1
YSDU,2023-24,18,22,850,366,0,1
YSDU,2023-24,18,23,850,364,2,1
YSDU,2023-24,18,24,850,364,2,1
YSDU,2024-25,0,3,1207,361,4,0
YSDU,2024-25,0,4,1211,363,2,0
YSDU,2024-25,0,5,1210,364,1,0
YSDU,2024-25,0,6,1210,361,4,0
YSDU,2024-25,0,7,1209,365,0,0
YSDU,2024-25,0,8,1213,364,1,0
YSDU,2024-25,0,9,1214,365,0,0
YSDU,2024-25,0,10,1217,361,4,0
YSDU,2024-25,0,11,1216,362,3,0
YSDU,2024-25,0,12,1213,365,0,0
YSDU,2024-25,0,13,1208,363,2,0
YSDU,2024-25,0,14,1208,362,3,0
YSDU,2024-25,0,15,1212,362,3,0
YSDU,2024-25,0,16,1216,362,3,0
YSDU,2024-25,0,17,1214,364,1,0
YSDU,2024-25,0,18,1214,364,1,0
YSDU,2024-25,0,19,1208,365,0,0
YSDU,2024-25,0,20,1210,363,2,0
YSDU,2024-25,0,21,1214,363,2,0
YSDU,2024-25,0,22,1216,360,5,0
YSDU,2024-25,0,23,1211,362,3,0
YSDU,2024-25,0,24,1208,364,1,1
YSDU,2024-25,6,3,1214,365,0,0
YSDU,2024-25,6,4,1217,361,4,0
YSDU,2024-25,6,5,1216,362,3,0
YSDU,2024-25,6,6,1213,365,0,0
YSDU,2024-25,6,7,1208,363,2,0
YSDU,2024-25,6,8,1208,362,3,0
YSDU,2024-25,6,9,1212,362,3,0
YSDU,2024-25,6,10,1216,362,3,0
YSDU,2024-25,6,11,1214,364,1,0
YSDU,2024-25,6,12,1214,364,1,0
YSDU,2024-25,6,13,1208,365,0,0
YSDU,2024-25,6,14,1210,363,2,0
YSDU,2024-25,6,15,1214,363,2,0
YSDU,2024-25,6,16,1216,360,5,0
YSDU,2024-25,6,17,1211,362,3,0
YSDU,2024-25,6,18,1208,364,1,1
YSDU,2024-25,6,19,1211,362,3,1
YSDU,2024-25,6,20,1213,360,5,1
YSDU,2024-25,6,21,1207,361,4,1
YSDU,2024-25,6,22,1211,363,2,1
YSDU,2024-25,6,23,1210,364,1,1
YSDU,2024-25,6,24,1210,361,4,1
YSDU,2024-25,12,3,1212,362,3,0
YSDU,2024-25,12,4,1216,362,3,0
YSDU,2024-25,12,5,1214,364,1,0
YSDU,2024-25,12,6,1214,364,1,0
YSDU,2024-25,12,7,1208,365,0,0
YSDU,2024-25,12,8,1210,363,2,0
YSDU,2024-25,12,9,1214,363,2,0
YSDU,2024-25,12,10,1216,360,5,0
YSDU,2024-25,12,11,1211,362,3,0
YSDU,2024-25,12,12,1208,364,1,1
YSDU,2024-25,12,13,1211,362,3,1
YSDU,2024-25,12,14,1213,360,5,1
YSDU,2024-25,12,15,1207,361,4,1
YSDU,2024-25,12,16,1211,363,2,1
YSDU,2024-25,12,17,1210,364,1,1
YSDU,2024-25,12,18,1210,361,4,1
YSDU,2024-25,12,19,1209,365,0,1
YSDU,2024-25,12,20,1213,364,1,1
YSDU,2024-25,12,21,1214,365,0,1
YSDU,2024-25,12,22,1217,361,4,1
YSDU,2024-25,12,23,1216,362,3,1
YSDU,2024-25,12,24,1213,365,0,1
YSDU,2024-25,18,3,1214,363,2,0
YSDU,2024-25,18,4,1216,360,5,0
YSDU,2024-25,18,5,1211,362,3,0
YSDU,2024-25,18,6,1208,364,1,1
YSDU,2024-25,18,7,1211,362,3,1
YSDU,2024-25,18,8,1213,360,5,1
YSDU,2024-25,18,9,1207,361,4,1
YSDU,2024-25,18,10,1211,363,2,1
YSDU,2024-25,18,11,1210,364,1,1
YSDU,2024-25,18,12,1210,361,4,1
YSDU,2024-25,18,13,1209,365,0,1
YSDU,2024-25,18,14,1213,364,1,1
YSDU,2024-25,18,15,1214,365,0,1
YSDU,2024-25,18,16,1217,361,4,1
YSDU,2024-25,18,17,1216,362,3,1
YSDU,2024-25,18,18,1213,365,0,1
YSDU,2024-25,18,19,1208,363,2,1
YSDU,2024-25,18,20,1208,362,3,1
YSDU,2024-25,18,21,1212,362,3,1
YSDU,2024-25,18,22,1216,362,3,1
YSDU,2024-25,18,23,1214,364,1,1
YSDU,2024-25,18,24,1214,364,1,1
YSDU,2025-26,0,3,1568,361,4,0
YSDU,2025-26,0,4,1574,361,4,0
YSDU,2025-26,0,5,1574,355,10,0
YSDU,2025-26,0,6,1571,357,8,0
YSDU,2025-26,0,7,1574,360,5,0
YSDU,2025-26,0,8,1577,361,4,0
YSDU,2025-26,0,9,1579,362,3,0
YSDU,2025-26,0,10,1578,364,1,0
YSDU,2025-26,0,11,1578,362,3,0
YSDU,2025-26,0,12,1578,362,3,0
YSDU,2025-26,0,13,1571,362,3,0
YSDU,2025-26,0,14,1570,363,2,0
YSDU,2025-26,0,15,1574,364,1,0
YSDU,2025-26,0,16,1578,359,6,0
YSDU,2025-26,0,17,1578,362,3,0
YSDU,2025-26,0,18,1578,362,3,0
YSDU,2025-26,0,19,1573,364,1,0
YSDU,2025-26,0,20,1573,364,1,0
YSDU,2025-26,0,21,1577,363,2,0
YSDU,2025-26,0,22,1576,364,1,0
YSDU,2025-26,0,23,1573,363,2,0
YSDU,2025-26,0,24,1572,359,5,1
YSDU,2025-26,6,3,1579,362,3,0
YSDU,2025-26,6,4,1578,364,1,0
YSDU,2025-26,6,5,1578,362,3,0
YSDU,2025-26,6,6,1578,362,3,0
YSDU,2025-26,6,7,1571,362,3,0
YSDU,2025-26,6,8,1570,363,2,0
YSDU,2025-26,6,9,1574,364,1,0
YSDU,2025-26,6,10,1578,359,6,0
YSDU,2025-26,6,11,1578,362,3,0
YSDU,2025-26,6,12,1578,362,3,0
YSDU,2025-26,6,13,1573,364,1,0
YSDU,2025-26,6,14,1573,364,1,0
YSDU,2025-26,6,15,1577,363,2,0
YSDU,2025-26,6,16,1576,364,1,0
YSDU,2025-26,6,17,1573,363,2,0
YSDU,2025-26,6,18,1572,359,5,1
YSDU,2025-26,6,19,1573,362,2,1
YSDU,2025-26,6,20,1573,355,9,1
YSDU,2025-26,6,21,1568,360,4,1
YSDU,2025-26,6,22,1574,360,4,1
YSDU,2025-26,6,23,1574,354,10,1
YSDU,2025-26,6,24,1571,356,8,1
YSDU,2025-26,12,3,1574,364,1,0
YSDU,2025-26,12,4,1578,359,6,0
YSDU,2025-26,12,5,1578,362,3,0
YSDU,2025-26,12,6,1578,362,3,0
YSDU,2025-26,12,7,1573,364,1,0
YSDU,2025-26,12,8,1573,364,1,0
YSDU,2025-26,12,9,1577,363,2,0
YSDU,2025-26,12,10,1576,364,1,0
YSDU,2025-26,12,11,1573,363,2,0
YSDU,2025-26,12,12,1572,359,5,1
YSDU,2025-26,12,13,1573,362,2,1
YSDU,2025-26,12,14,1573,355,9,1
YSDU,2025-26,12,15,1568,360,4,1
YSDU,2025-26,12,16,1574,360,4,1
YSDU,2025-26,12,17,1574,354,10,1
YSDU,2025-26,12,18,1571,356,8,1
YSDU,2025-26,12,19,1574,359,5,1
YSDU,2025-26,12,20,1577,360,4,1
YSDU,2025-26,12,21,1579,361,3,1
YSDU,2025-26,12,22,1578,363,1,1
YSDU,2025-26,12,23,1578,361,3,1
YSDU,2025-26,12,24,1578,361,3,1
YSDU,2025-26,18,3,1577,363,2,0
YSDU,2025-26,18,4,1576,364,1,0
YSDU,2025-26,18,5,1573,363,2,0
YSDU,2025-26,18,6,1572,359,5,1
YSDU,2025-26,18,7,1573,362,2,1
YSDU,2025-26,18,8,1573,355,9,1
YSDU,2025-26,18,9,1568,360,4,1
YSDU,2025-26,18,10,1574,360,4,1
YSDU,2025-26,18,11,1574,354,10,1
YSDU,2025-26,18,12,1571,356,8,1
YSDU,2025-26,18,13,1574,359,5,1
YSDU,2025-26,18,14,1577,360,4,1
YSDU,2025-26,18,15,1579,361,3,1
YSDU,2025-26,18,16,1578,363,1,1
YSDU,2025-26,18,17,1578,361,3,1
YSDU,2025-26,18,18,1578,361,3,1
YSDU,2025-26,18,19,1571,361,3,1
YSDU,2025-26,18,20,1570,362,2,1
YSDU,2025-26,18,21,1574,363,1,1
YSDU,2025-26,18,22,1578,358,6,1
YSDU,2025-26,18,23,1578,361,3,1
YSDU,2025-26,18,24,1578,361,3,1
RNO,2023-24,0,3,856,366,0,0
RNO,2023-24,0,4,857,366,0,0
RNO,2023-24,0,5,855,366,0,0
RNO,2023-24,0,6,857,366,0,0
RNO,2023-24,0,7,856,366,0,0
RNO,2023-24,0,8,856,366,0,0
RNO,2023-24,0,9,855,366,0,0
RNO,2023-24,0,10,856,366,0,0
RNO,2023-24,0,11,855,366,0,0
RNO,2023-24,0,12,856,365,1,0
RNO,2023-24,0,13,855,366,0,0
RNO,2023-24,0,14,856,366,0,0
RNO,2023-24,0,15,854,366,0,0
RNO,2023-24,0,16,855,366,0,0
RNO,2023-24,0,17,856,366,0,0
RNO,2023-24,0,18,856,366,0,0
RNO,2023-24,0,19,856,366,0,0
RNO,2023-24,0,20,858,365,1,0
RNO,2023-24,0,21,857,365,1,0
RNO,2023-24,0,22,858,365,1,0
RNO,2023-24,0,23,858,366,0,0
RNO,2023-24,0,24,856,366,0,1
RNO,2023-24,6,3,855,366,0,0
RNO,2023-24,6,4,856,366,0,0
RNO,2023-24,6,5,855,366,0,0
RNO,2023-24,6,6,856,365,1,0
RNO,2023-24,6,7,855,366,0,0
RNO,2023-24,6,8,856,366,0,0
RNO,2023-24,6,9,854,366,0,0
RNO,2023-24,6,10,855,366,0,0
RNO,2023-24,6,11,856,366,0,0
RNO,2023-24,6,12,856,366,0,0
RNO,2023-24,6,13,856,366,0,0
RNO,2023-24,6,14,858,365,1,0
RNO,2023-24,6,15,857,365,1,0
RNO,2023-24,6,16,858,365,1,0
RNO,2023-24,6,17,858,366,0,0
RNO,2023-24,6,18,856,366,0,1
RNO,2023-24,6,19,857,366,0,1
RNO,2023-24,6,20,857,366,0,1
RNO,2023-24,6,21,856,366,0,1
RNO,2023-24,6,22,857,366,0,1
RNO,2023-24,6,23,855,366,0,1
RNO,2023-24,6,24,857,366,0,1
RNO,2023-24,12,3,854,366,0,0
RNO,2023-24,12,4,855,366,0,0
RNO,2023-24,12,5,856,366,0,0
RNO,2023-24,12,6,856,366,0,0
RNO,2023-24,12,7,856,366,0,0
RNO,2023-24,12,8,858,365,1,0
RNO,2023-24,12,9,857,365,1,0
RNO,2023-24,12,10,858,365,1,0
RNO,2023-24,12,11,858,366,0,0
RNO,2023-24,12,12,856,366,0,1
RNO,2023-24,12,13,857,366,0,1
RNO,2023-24,12,14,857,366,0,1
RNO,2023-24,12,15,856,366,0,1
RNO,2023-24,12,16,857,366,0,1
RNO,2023-24,12,17,855,366,0,1
RNO,2023-24,12,18,857,366,0,1
RNO,2023-24,12,19,856,366,0,1
RNO,2023-24,12,20,856,366,0,1
RNO,2023-24,12,21,855,366,0,1
RNO,2023-24,12,22,856,366,0,1
RNO,2023-24,12,23,855,366,0,1
RNO,2023-24,12,24,856,365,1,1
RNO,2023-24,18,3,857,365,1,0
RNO,2023-24,18,4,858,365,1,0
RNO,2023-24,18,5,858,366,0,0
RNO,2023-24,18,6,856,366,0,1
RNO,2023-24,18,7,857,366,0,1
RNO,2023-24,18,8,857,366,0,1
RNO,2023-24,18,9,856,366,0,1
RNO,2023-24,18,10,857,366,0,1
RNO,2023-24,18,11,855,366,0,1
RNO,2023-24,18,12,857,366,0,1
RNO,2023-24,18,13,856,366,0,1
RNO,2023-24,18,14,856,366,0,1
RNO,2023-24,18,15,855,366,0,1
RNO,2023-24,18,16,856,366,0,1
RNO,2023-24,18,17,855,366,0,1
RNO,2023-24,18,18,856,365,1,1
RNO,2023-24,18,19,855,366,0,1
RNO,2023-24,18,20,856,366,0,1
RNO,2023-24,18,21,854,366,0,1
RNO,2023-24,18,22,855,366,0,1
RNO,2023-24,18,23,856,366,0,1
RNO,2023-24,18,24,856,366,0,1
RNO,2024-25,0,3,1222,365,0,0
RNO,2024-25,0,4,1223,365,0,0
RNO,2024-25,0,5,1221,364,1,0
RNO,2024-25,0,6,1223,365,0,0
RNO,2024-25,0,7,1222,365,0,0
RNO,2024-25,0,8,1222,364,1,0
RNO,2024-25,0,9,1221,364,1,0
RNO,2024-25,0,10,1222,365,0,0
RNO,2024-25,0,11,1221,365,0,0
RNO,2024-25,0,12,1221,365,0,0
RNO,2024-25,0,13,1221,365,0,0
RNO,2024-25,0,14,1222,365,0,0
RNO,2024-25,0,15,1220,365,0,0
RNO,2024-25,0,16,1221,365,0,0
RNO,2024-25,0,17,1222,365,0,0
RNO,2024-25,0,18,1222,365,0,0
RNO,2024-25,0,19,1222,365,0,0
RNO,2024-25,0,20,1223,365,0,0
RNO,2024-25,0,21,1222,365,0,0
RNO,2024-25,0,22,1223,365,0,0
RNO,2024-25,0,23,1224,365,0,0
RNO,2024-25,0,24,1222,365,0,1
RNO,2024-25,6,3,1221,364,1,0
RNO,2024-25,6,4,1222,365,0,0
RNO,2024-25,6,5,1221,365,0,0
RNO,2024-25,6,6,1221,365,0,0
RNO,2024-25,6,7,1221,365,0,0
RNO,2024-25,6,8,1222,365,0,0
RNO,2024-25,6,9,1220,365,0,0
RNO,2024-25,6,10,1221,365,0,0
RNO,2024-25,6,11,1222,365,0,0
RNO,2024-25,6,12,1222,365,0,0
RNO,2024-25,6,13,1222,365,0,0
RNO,2024-25,6,14,1223,365,0,0
RNO,2024-25,6,15,1222,365,0,0
RNO,2024-25,6,16,1223,365,0,0
RNO,2024-25,6,17,1224,365,0,0
RNO,2024-25,6,18,1222,365,0,1
RNO,2024-25,6,19,1223,365,0,1
RNO,2024-25,6,20,1223,365,0,1
RNO,2024-25,6,21,1222,365,0,1
RNO,2024-25,6,22,1223,365,0,1
RNO,2024-25,6,23,1221,364,1,1
RNO,2024-25,6,24,1223,365,0,1
RNO,2024-25,12,3,1220,365,0,0
RNO,2024-25,12,4,1221,365,0,0
RNO,2024-25,12,5,1222,365,0,0
RNO,2024-25,12,6,1222,365,0,0
RNO,2024-25,12,7,1222,365,0,0
RNO,2024-25,12,8,1223,365,0,0
RNO,2024-25,12,9,1222,365,0,0
RNO,2024-25,12,10,1223,365,0,0
RNO,2024-25,12,11,1224,365,0,0
RNO,2024-25,12,12,1222,365,0,1
RNO,2024-25,12,13,1223,365,0,1
RNO,2024-25,12,14,1223,365,0,1
RNO,2024-25,12,15,1222,365,0,1
RNO,2024-25,12,16,1223,365,0,1
RNO,2024-25,12,17,1221,364,1,1
RNO,2024-25,12,18,1223,365,0,1
RNO,2024-25,12,19,1222,365,0,1
RNO,2024-25,12,20,1222,364,1,1
RNO,2024-25,12,21,1221,364,1,1
RNO,2024-25,12,22,1222,365,0,1
RNO,2024-25,12,23,1221,365,0,1
RNO,2024-25,12,24,1221,365,0,1
RNO,2024-25,18,3,1222,365,0,0
RNO,2024-25,18,4,1223,365,0,0
RNO,2024-25,18,5,1224,365,0,0
RNO,2024-25,18,6,1222,365,0,1
RNO,2024-25,18,7,1223,365,0,1
RNO,2024-25,18,8,1223,365,0,1
RNO,2024-25,18,9,1222,365,0,1
RNO,2024-25,18,10,1223,365,0,1
RNO,2024-25,18,11,1221,364,1,1
RNO,2024-25,18,12,1223,365,0,1
RNO,2024-25,18,13,1222,365,0,1
RNO,2024-25,18,14,1222,364,1,1
RNO,2024-25,18,15,1221,364,1,1
RNO,2024-25,18,16,1222,365,0,1
RNO,2024-25,18,17,1221,365,0,1
RNO,2024-25,18,18,1221,365,0,1
RNO,2024-25,18,19,1221,365,0,1
RNO,2024-25,18,20,1222,365,0,1
RNO,2024-25,18,21,1220,365,0,1
RNO,2024-25,18,22,1221,365,0,1
RNO,2024-25,18,23,1222,365,0,1
RNO,2024-25,18,24,1222,365,0,1
RNO,2025-26,0,3,1587,364,1,0
RNO,2025-26,0,4,1588,365,0,0
RNO,2025-26,0,5,1585,363,2,0
RNO,2025-26,0,6,1588,364,1,0
RNO,2025-26,0,7,1587,364,1,0
RNO,2025-26,0,8,1586,364,1,0
RNO,2025-26,0,9,1585,365,0,0
RNO,2025-26,0,10,1587,364,1,0
RNO,2025-26,0,11,1586,364,1,0
RNO,2025-26,0,12,1586,365,0,0
RNO,2025-26,0,13,1586,364,1,0
RNO,2025-26,0,14,1587,364,1,0
RNO,2025-26,0,15,1585,365,0,0
RNO,2025-26,0,16,1586,365,0,0
RNO,2025-26,0,17,1587,365,0,0
RNO,2025-26,0,18,1587,365,0,0
RNO,2025-26,0,19,1587,365,0,0
RNO,2025-26,0,20,1588,365,0,0
RNO,2025-26,0,21,1587,364,1,0
RNO,2025-26,0,22,1588,365,0,0
RNO,2025-26,0,23,1589,365,0,0
RNO,2025-26,0,24,1587,364,0,1
RNO,2025-26,6,3,1585,365,0,0
RNO,2025-26,6,4,1587,364,1,0
RNO,2025-26,6,5,1586,364,1,0
RNO,2025-26,6,6,1586,365,0,0
RNO,2025-26,6,7,1586,364,1,0
RNO,2025-26,6,8,1587,364,1,0
RNO,2025-26,6,9,1585,365,0,0
RNO,2025-26,6,10,1586,365,0,0
RNO,2025-26,6,11,1587,365,0,0
RNO,2025-26,6,12,1587,365,0,0
RNO,2025-26,6,13,1587,365,0,0
RNO,2025-26,6,14,1588,365,0,0
RNO,2025-26,6,15,1587,364,1,0
RNO,2025-26,6,16,1588,365,0,0
RNO,2025-26,6,17,1589,365,0,0
RNO,2025-26,6,18,1587,364,0,1
RNO,2025-26,6,19,1588,364,0,1
RNO,2025-26,6,20,1588,364,0,1
RNO,2025-26,6,21,1587,363,1,1
RNO,2025-26,6,22,1588,364,0,1
RNO,2025-26,6,23,1585,362,2,1
RNO,2025-26,6,24,1588,363,1,1
RNO,2025-26,12,3,1585,365,0,0
RNO,2025-26,12,4,1586,365,0,0
RNO,2025-26,12,5,1587,365,0,0
RNO,2025-26,12,6,1587,365,0,0
RNO,2025-26,12,7,1587,365,0,0
RNO,2025-26,12,8,1588,365,0,0
RNO,2025-26,12,9,1587,364,1,0
RNO,2025-26,12,10,1588,365,0,0
RNO,2025-26,12,11,1589,365,0,0
RNO,2025-26,12,12,1587,364,0,1
RNO,2025-26,12,13,1588,364,0,1
RNO,2025-26,12,14,1588,364,0,1
RNO,2025-26,12,15,1587,363,1,1
RNO,2025-26,12,16,1588,364,0,1
RNO,2025-26,12,17,1585,362,2,1
RNO,2025-26,12,18,1588,363,1,1
RNO,2025-26,12,19,1587,363,1,1
RNO,2025-26,12,20,1586,363,1,1
RNO,2025-26,12,21,1585,364,0,1
RNO,2025-26,12,22,1587,363,1,1
RNO,2025-26,12,23,1586,363,1,1
RNO,2025-26,12,24,1586,364,0,1
RNO,2025-26,18,3,1587,364,1,0
RNO,2025-26,18,4,1588,365,0,0
RNO,2025-26,18,5,1589,365,0,0
RNO,2025-26,18,6,1587,364,0,1
RNO,2025-26,18,7,1588,364,0,1
RNO,2025-26,18,8,1588,364,0,1
RNO,2025-26,18,9,1587,363,1,1
RNO,2025-26,18,10,1588,364,0,1
RNO,2025-26,18,11,1585,362,2,1
RNO,2025-26,18,12,1588,363,1,1
RNO,2025-26,18,13,1587,363,1,1
RNO,2025-26,18,14,1586,363,1,1
RNO,2025-26,18,15,1585,364,0,1
RNO,2025-26,18,16,1587,363,1,1
RNO,2025-26,18,17,1586,363,1,1
RNO,2025-26,18,18,1586,364,0,1
RNO,2025-26,18,19,1586,363,1,1
RNO,2025-26,18,20,1587,363,1,1
RNO,2025-26,18,21,1585,364,0,1
RNO,2025-26,18,22,1586,364,0,1
RNO,2025-26,18,23,1587,364,0,1
RNO,2025-26,18,24,1587,364,0,1
SFO,2023-24,0,3,860,366,0,0
SFO,2023-24,0,4,859,366,0,0
SFO,2023-24,0,5,860,366,0,0
SFO,2023-24,0,6,860,366,0,0
SFO,2023-24,0,7,859,366,0,0
SFO,2023-24,0,8,859,366,0,0
SFO,2023-24,0,9,860,366,0,0
SFO,2023-24,0,10,860,366,0,0
SFO,2023-24,0,11,860,366,0,0
SFO,2023-24,0,12,860,366,0,0
SFO,2023-24,0,13,860,366,0,0
SFO,2023-24,0,14,860,366,0,0
SFO,2023-24,0,15,860,366,0,0
SFO,2023-24,0,16,859,366,0,0
SFO,2023-24,0,17,858,366,0,0
SFO,2023-24,0,18,859,366,0,0
SFO,2023-24,0,19,858,365,1,0
SFO,2023-24,0,20,859,365,1,0
SFO,2023-24,0,21,859,366,0,0
SFO,2023-24,0,22,859,366,0,0
SFO,2023-24,0,23,860,366,0,0
SFO,2023-24,0,24,858,366,0,1
SFO,2023-24,6,3,860,366,0,0
SFO,2023-24,6,4,860,366,0,0
SFO,2023-24,6,5,860,366,0,0
SFO,2023-24,6,6,860,366,0,0
SFO,2023-24,6,7,860,366,0,0
SFO,2023-24,6,8,860,366,0,0
SFO,2023-24,6,9,860,366,0,0
SFO,2023-24,6,10,859,366,0,0
SFO,2023-24,6,11,858,366,0,0
SFO,2023-24,6,12,859,366,0,0
SFO,2023-24,6,13,858,365,1,0
SFO,2023-24,6,14,859,365,1,0
SFO,2023-24,6,15,859,366,0,0
SFO,2023-24,6,16,859,366,0,0
SFO,2023-24,6,17,860,366,0,0
SFO,2023-24,6,18,858,366,0,1
SFO,2023-24,6,19,859,366,0,1
SFO,2023-24,6,20,859,365,1,1
SFO,2023-24,6,21,860,366,0,1
SFO,2023-24,6,22,859,366,0,1
SFO,2023-24,6,23,860,366,0,1
SFO,2023-24,6,24,860,366,0,1
SFO,2023-24,12,3,860,366,0,0
SFO,2023-24,12,4,859,366,0,0
SFO,2023-24,12,5,858,366,0,0
SFO,2023-24,12,6,859,366,0,0
SFO,2023-24,12,7,858,365,1,0
SFO,2023-24,12,8,859,365,1,0
SFO,2023-24,12,9,859,366,0,0
SFO,2023-24,12,10,859,366,0,0
SFO,2023-24,12,11,860,366,0,0
SFO,2023-24,12,12,858,366,0,1
SFO,2023-24,12,13,859,366,0,1
SFO,2023-24,12,14,859,365,1,1
SFO,2023-24,12,15,860,366,0,1
SFO,2023-24,12,16,859,366,0,1
SFO,2023-24,12,17,860,366,0,1
SFO,2023-24,12,18,860,366,0,1
SFO,2023-24,12,19,859,366,0,1
SFO,2023-24,12,20,859,366,0,1
SFO,2023-24,12,21,860,366,0,1
SFO,2023-24,12,22,860,366,0,1
SFO,2023-24,12,23,860,366,0,1
SFO,2023-24,12,24,860,366,0,1
SFO,2023-24,18,3,859,366,0,0
SFO,2023-24,18,4,859,366,0,0
SFO,2023-24,18,5,860,366,0,0
SFO,2023-24,18,6,858,366,0,1
SFO,2023-24,18,7,859,366,0,1
SFO,2023-24,18,8,859,365,1,1
SFO,2023-24,18,9,860,366,0,1
SFO,2023-24,18,10,859,366,0,1
SFO,2023-24,18,11,860,366,0,1
SFO,2023-24,18,12,860,366,0,1
SFO,2023-24,18,13,859,366,0,1
SFO,2023-24,18,14,859,366,0,1
SFO,2023-24,18,15,860,366,0,1
SFO,2023-24,18,16,860,366,0,1
SFO,2023-24,18,17,860,366,0,1
SFO,2023-24,18,18,860,366,0,1
SFO,2023-24,18,19,860,366,0,1
SFO,2023-24,18,20,860,366,0,1
SFO,2023-24,18,21,860,366,0,1
SFO,2023-24,18,22,859,366,0,1
SFO,2023-24,18,23,858,366,0,1
SFO,2023-24,18,24,859,366,0,1
SFO,2024-25,0,3,1226,365,0,0
SFO,2024-25,0,4,1225,365,0,0
SFO,2024-25,0,5,1226,364,1,0
SFO,2024-25,0,6,1226,365,0,0
SFO,2024-25,0,7,1225,365,0,0
SFO,2024-25,0,8,1225,364,1,0
SFO,2024-25,0,9,1226,365,0,0
SFO,2024-25,0,10,1226,365,0,0
SFO,2024-25,0,11,1226,365,0,0
SFO,2024-25,0,12,1226,365,0,0
SFO,2024-25,0,13,1226,365,0,0
SFO,2024-25,0,14,1226,365,0,0
SFO,2024-25,0,15,1226,364,1,0
SFO,2024-25,0,16,1225,364,1,0
SFO,2024-25,0,17,1224,364,1,0
SFO,2024-25,0,18,1225,365,0,0
SFO,2024-25,0,19,1223,365,0,0
SFO,2024-25,0,20,1224,364,1,0
SFO,2024-25,0,21,1225,365,0,0
SFO,2024-25,0,22,1225,365,0,0
SFO,2024-25,0,23,1226,364,1,0
SFO,2024-25,0,24,1224,365,0,1
SFO,2024-25,6,3,1226,365,0,0
SFO,2024-25,6,4,1226,365,0,0
SFO,2024-25,6,5,1226,365,0,0
SFO,2024-25,6,6,1226,365,0,0
SFO,2024-25,6,7,1226,365,0,0
SFO,2024-25,6,8,1226,365,0,0
SFO,2024-25,6,9,1226,364,1,0
SFO,2024-25,6,10,1225,364,1,0
SFO,2024-25,6,11,1224,364,1,0
SFO,2024-25,6,12,1225,365,0,0
SFO,2024-25,6,13,1223,365,0,0
SFO,2024-25,6,14,1224,364,1,0
SFO,2024-25,6,15,1225,365,0,0
SFO,2024-25,6,16,1225,365,0,0
SFO,2024-25,6,17,1226,364,1,0
SFO,2024-25,6,18,1224,365,0,1
SFO,2024-25,6,19,1225,364,1,1
SFO,2024-25,6,20,1224,365,0,1
SFO,2024-25,6,21,1226,365,0,1
SFO,2024-25,6,22,1225,365,0,1
SFO,2024-25,6,23,1226,364,1,1
SFO,2024-25,6,24,1226,365,0,1
SFO,2024-25,12,3,1226,364,1,0
SFO,2024-25,12,4,1225,364,1,0
SFO,2024-25,12,5,1224,364,1,0
SFO,2024-25,12,6,1225,365,0,0
SFO,2024-25,12,7,1223,365,0,0
SFO,2024-25,12,8,1224,364,1,0
SFO,2024-25,12,9,1225,365,0,0
SFO,2024-25,12,10,1225,365,0,0
SFO,2024-25,12,11,1226,364,1,0
SFO,2024-25,12,12,1224,365,0,1
SFO,2024-25,12,13,1225,364,1,1
SFO,2024-25,12,14,1224,365,0,1
SFO,2024-25,12,15,1226,365,0,1
SFO,2024-25,12,16,1225,365,0,1
SFO,2024-25,12,17,1226,364,1,1
SFO,2024-25,12,18,1226,365,0,1
SFO,2024-25,12,19,1225,365,0,1
SFO,2024-25,12,20,1225,364,1,1
SFO,2024-25,12,21,1226,365,0,1
SFO,2024-25,12,22,1226,365,0,1
SFO,2024-25,12,23,1226,365,0,1
SFO,2024-25,12,24,1226,365,0,1
SFO,2024-25,18,3,1225,365,0,0
SFO,2024-25,18,4,1225,365,0,0
SFO,2024-25,18,5,1226,364,1,0
SFO,2024-25,18,6,1224,365,0,1
SFO,2024-25,18,7,1225,364,1,1
SFO,2024-25,18,8,1224,365,0,1
SFO,2024-25,18,9,1226,365,0,1
SFO,2024-25,18,10,1225,365,0,1
SFO,2024-25,18,11,1226,364,1,1
SFO,2024-25,18,12,1226,365,0,1
SFO,2024-25,18,13,1225,365,0,1
SFO,2024-25,18,14,1225,364,1,1
SFO,2024-25,18,15,1226,365,0,1
SFO,2024-25,18,16,1226,365,0,1
SFO,2024-25,18,17,1226,365,0,1
SFO,2024-25,18,18,1226,365,0,1
SFO,2024-25,18,19,1226,365,0,1
SFO,2024-25,18,20,1226,365,0,1
SFO,2024-25,18,21,1226,364,1,1
SFO,2024-25,18,22,1225,364,1,1
SFO,2024-25,18,23,1224,364,1,1
SFO,2024-25,18,24,1225,365,0,1
SFO,2025-26,0,3,1591,364,1,0
SFO,2025-26,0,4,1590,365,0,0
SFO,2025-26,0,5,1590,363,2,0
SFO,2025-26,0,6,1591,364,1,0
SFO,2025-26,0,7,1590,364,1,0
SFO,2025-26,0,8,1589,363,2,0
SFO,2025-26,0,9,1591,365,0,0
SFO,2025-26,0,10,1591,364,1,0
SFO,2025-26,0,11,1591,364,1,0
SFO,2025-26,0,12,1591,365,0,0
SFO,2025-26,0,13,1591,365,0,0
SFO,2025-26,0,14,1591,364,1,0
SFO,2025-26,0,15,1590,365,0,0
SFO,2025-26,0,16,1589,365,0,0
SFO,2025-26,0,17,1588,365,0,0
SFO,2025-26,0,18,1590,365,0,0
SFO,2025-26,0,19,1588,365,0,0
SFO,2025-26,0,20,1588,365,0,0
SFO,2025-26,0,21,1590,365,0,0
SFO,2025-26,0,22,1590,365,0,0
SFO,2025-26,0,23,1590,364,1,0
SFO,2025-26,0,24,1589,364,0,1
SFO,2025-26,6,3,1591,365,0,0
SFO,2025-26,6,4,1591,364,1,0
SFO,2025-26,6,5,1591,364,1,0
SFO,2025-26,6,6,1591,365,0,0
SFO,2025-26,6,7,1591,365,0,0
SFO,2025-26,6,8,1591,364,1,0
SFO,2025-26,6,9,1590,365,0,0
SFO,2025-26,6,10,1589,365,0,0
SFO,2025-26,6,11,1588,365,0,0
SFO,2025-26,6,12,1590,365,0,0
SFO,2025-26,6,13,1588,365,0,0
SFO,2025-26,6,14,1588,365,0,0
SFO,2025-26,6,15,1590,365,0,0
SFO,2025-26,6,16,1590,365,0,0
SFO,2025-26,6,17,1590,364,1,0
SFO,2025-26,6,18,1589,364,0,1
SFO,2025-26,6,19,1589,364,0,1
SFO,2025-26,6,20,1589,364,0,1
SFO,2025-26,6,21,1591,363,1,1
SFO,2025-26,6,22,1590,364,0,1
SFO,2025-26,6,23,1590,362,2,1
SFO,2025-26,6,24,1591,363,1,1
SFO,2025-26,12,3,1590,365,0,0
SFO,2025-26,12,4,1589,365,0,0
SFO,2025-26,12,5,1588,365,0,0
SFO,2025-26,12,6,1590,365,0,0
SFO,2025-26,12,7,1588,365,0,0
SFO,2025-26,12,8,1588,365,0,0
SFO,2025-26,12,9,1590,365,0,0
SFO,2025-26,12,10,1590,365,0,0
SFO,2025-26,12,11,1590,364,1,0
SFO,2025-26,12,12,1589,364,0,1
SFO,2025-26,12,13,1589,364,0,1
SFO,2025-26,12,14,1589,364,0,1
SFO,2025-26,12,15,1591,363,1,1
SFO,2025-26,12,16,1590,364,0,1
SFO,2025-26,12,17,1590,362,2,1
SFO,2025-26,12,18,1591,363,1,1
SFO,2025-26,12,19,1590,363,1,1
SFO,2025-26,12,20,1589,362,2,1
SFO,2025-26,12,21,1591,364,0,1
SFO,2025-26,12,22,1591,363,1,1
SFO,2025-26,12,23,1591,363,1,1
SFO,2025-26,12,24,1591,364,0,1
SFO,2025-26,18,3,1590,365,0,0
SFO,2025-26,18,4,1590,365,0,0
SFO,2025-26,18,5,1590,364,1,0
SFO,2025-26,18,6,1589,364,0,1
SFO,2025-26,18,7,1589,364,0,1
SFO,2025-26,18,8,1589,364,0,1
SFO,2025-26,18,9,1591,363,1,1
SFO,2025-26,18,10,1590,364,0,1
SFO,2025-26,18,11,1590,362,2,1
SFO,2025-26,18,12,1591,363,1,1
SFO,2025-26,18,13,1590,363,1,1
SFO,2025-26,18,14,1589,362,2,1
SFO,2025-26,18,15,1591,364,0,1
SFO,2025-26,18,16,1591,363,1,1
SFO,2025-26,18,17,1591,363,1,1
SFO,2025-26,18,18,1591,364,0,1
SFO,2025-26,18,19,1591,364,0,1
SFO,2025-26,18,20,1591,363,1,1
SFO,2025-26,18,21,1590,364,0,1
SFO,2025-26,18,22,1589,364,0,1
SFO,2025-26,18,23,1588,364,0,1
SFO,2025-26,18,24,1590,364,0,1
