icao,iem_id,role,position_source,lat_used,lon_used,p1_index,p1_lat,p1_lon,p1_weight,p2_index,p2_lat,p2_lon,p2_weight,p3_index,p3_lat,p3_lon,p3_weight,p4_index,p4_lat,p4_lon,p4_weight,grid_Ni,grid_Nj,grid_lat_first,grid_lon_first,grid_lat_last,grid_lon_last,grid_di,grid_dj
CYYZ,CYYZ,claim batch,IEM airport position (session90_airports.csv),43.67722,-79.63056,268962,43.5,280.5,0.1390854912,268961,43.5,280.25,0.1520345088000065,267522,43.75,280.5,0.33867450879998934,267521,43.75,280.25,0.3702054912000042,1440,721,90.0,0.0,-90.0,359.75,0.25,0.25
EDDM,EDDM,claim batch,IEM airport position (session90_airports.csv),48.35833,11.80917,240528,48.25,12.0,0.13412182239999773,240527,48.25,11.75,0.4325581775999932,239088,48.5,12.0,0.10255817760000205,239087,48.5,11.75,0.330761822400007,1440,721,90.0,0.0,-90.0,359.75,0.25,0.25
EFHK,EFHK,new,IEM airport position (session90_airports.csv),60.31722,24.96333,171460,60.25,25.0,0.6238793184000011,171459,60.25,24.75,0.10724068160000316,170020,60.5,25.0,0.22944068159999548,170019,60.5,24.75,0.03943931840000032,1440,721,90.0,0.0,-90.0,359.75,0.25,0.25
EGLC,EGLC,development,SPEC 3.4 grid point,51.487137,0.0,223201,51.25,0.25,0.0,223200,51.25,0.0,0.05145200000001182,221761,51.5,0.25,0.0,221760,51.5,0.0,0.9485479999999882,1440,721,90.0,0.0,-90.0,359.75,0.25,0.25
EHAM,EHAM,new,IEM airport position (session90_airports.csv),52.31541,4.79016,217460,52.25,5.0,0.1186101504000006,217459,52.25,4.75,0.6197498495999996,216020,52.5,5.0,0.04202984960000018,216019,52.5,4.75,0.21961015039999968,1440,721,90.0,0.0,-90.0,359.75,0.25,0.25
EPWA,EPWA,new,IEM airport position (session90_airports.csv),52.16278,20.96111,218964,52.0,21.0,0.29460822720000907,218963,52.0,20.75,0.05427177279999925,217524,52.25,21.0,0.5498317727999968,217523,52.25,20.75,0.1012882271999949,1440,721,90.0,0.0,-90.0,359.75,0.25,0.25
FACT,FACT,new,IEM airport position (session90_airports.csv),-33.9666666667,18.6,714315,-34.0,18.75,0.3466666667200051,714314,-34.0,18.5,0.5200000000799954,712875,-33.75,18.75,0.05333333328000056,712874,-33.75,18.5,0.07999999991999895,1440,721,90.0,0.0,-90.0,359.75,0.25,0.25
KATL,ATL,new,IEM airport position (session90_airports.csv),33.6301,-84.4418,326543,33.5,275.75,0.11165087999999992,326542,33.5,275.5,0.367949120000005,325103,33.75,275.75,0.12114911999999753,325102,33.75,275.5,0.39925087999999753,1440,721,90.0,0.0,-90.0,359.75,0.25,0.25
KAUS,AUS,new,IEM airport position (session90_airports.csv),30.18304,-97.67987,346650,30.0,262.5,0.07513447680000834,346649,30.0,262.25,0.1927055231999984,345210,30.25,262.5,0.20538552320001574,345209,30.25,262.25,0.5267744767999775,1440,721,90.0,0.0,-90.0,359.75,0.25,0.25
KBKF,BKF,new,IEM airport position (session90_airports.csv),39.70167,-104.75167,291901,39.5,255.25,0.19202862240000762,291900,39.5,255.0,0.0012913775999923195,290461,39.75,255.25,0.8012913776000321,290460,39.75,255.0,0.005388622399967954,1440,721,90.0,0.0,-90.0,359.75,0.25,0.25
KDAL,DAL,new,IEM airport position (session90_airports.csv),32.84711,-96.85178,330813,32.75,263.25,0.3625816927999511,330812,32.75,263.0,0.24897830720004607,329373,33.0,263.25,0.23029830719997166,329372,33.0,263.0,0.15814169280003113,1440,721,90.0,0.0,-90.0,359.75,0.25,0.25
KDSM,DSM,development,SPEC 3.4 grid point,41.52945,-93.63281,280426,41.5,266.5,0.41354007199998316,280425,41.5,266.25,0.4686599280000285,278986,41.75,266.5,0.05521992799999157,278985,41.75,266.25,0.0625800719999968,1440,721,90.0,0.0,-90.0,359.75,0.25,0.25
KHOU,HOU,new,IEM airport position (session90_airports.csv),29.63747,-95.28245,349539,29.5,264.75,0.39169442400002913,349538,29.5,264.5,0.058425575999969157,348099,29.75,264.75,0.4785055760000389,348098,29.75,264.5,0.07137442399996281,1440,721,90.0,0.0,-90.0,359.75,0.25,0.25
KLAX,LAX,new,IEM airport position (session90_airports.csv),33.93816,-118.38653,324967,33.75,241.75,0.11227175680000032,324966,33.75,241.5,0.13508824319998594,323527,34.0,241.75,0.3416082432000262,323526,34.0,241.5,0.41103175679998755,1440,721,90.0,0.0,-90.0,359.75,0.25,0.25
KLGA,LGA,new,IEM airport position (session90_airports.csv),40.77945,-73.88028,284825,40.75,286.25,0.4224679360001092,284824,40.75,286.0,0.45973206399990246,283385,41.0,286.25,0.05641206400000826,283384,41.0,286.0,0.061387935999980096,1440,721,90.0,0.0,-90.0,359.75,0.25,0.25
KMIA,MIA,new,IEM airport position (session90_airports.csv),25.78805,-80.31693,371199,25.75,279.75,0.6208269839999591,371198,25.75,279.5,0.22697301600004746,369759,26.0,279.75,0.111453015999987,369758,26.0,279.5,0.04074698400000645,1440,721,90.0,0.0,-90.0,359.75,0.25,0.25
KORD,ORD,claim batch,IEM airport position (session90_airports.csv),41.9602,-87.9316,279009,41.75,272.25,0.04355711999999761,279008,41.75,272.0,0.11564288000000085,277569,42.0,272.25,0.23004287999999,277568,42.0,272.0,0.6107571200000115,1440,721,90.0,0.0,-90.0,359.75,0.25,0.25
KRNO,RNO,development,SPEC 3.4 grid point,39.537918,-119.765625,291841,39.5,240.25,0.7953075000000087,291840,39.5,240.0,0.05302050000000058,290401,39.75,240.25,0.14219249999999128,290400,39.75,240.0,0.009479499999999419,1440,721,90.0,0.0,-90.0,359.75,0.25,0.25
KSEA,SEA,new,IEM airport position (session90_airports.csv),47.44469,-122.31437,247191,47.25,237.75,0.16427512479999887,247190,47.25,237.5,0.056964875199995685,245751,47.5,237.75,0.5782448752000143,245750,47.5,237.5,0.20051512479999115,1440,721,90.0,0.0,-90.0,359.75,0.25,0.25
KSFO,SFO,development,SPEC 3.4 grid point,37.54637,-122.34375,303351,37.5,237.75,0.5090749999999922,303350,37.5,237.5,0.3054449999999953,301911,37.75,237.75,0.11592500000000783,301910,37.75,237.5,0.0695550000000047,1440,721,90.0,0.0,-90.0,359.75,0.25,0.25
LEMD,LEMD,new,IEM airport position (session90_airports.csv),40.46667,-3.55556,287986,40.25,356.5,0.10369096319999069,287985,40.25,356.25,0.029629036800006968,286546,40.5,356.5,0.6740690367999531,286545,40.5,356.25,0.1926109632000492,1440,721,90.0,0.0,-90.0,359.75,0.25,0.25
LFPB,LFPB,new,IEM airport position (session90_airports.csv),48.96722,2.42722,237610,48.75,2.5,0.0929483456000071,237609,48.75,2.25,0.0381716544000028,236170,49.0,2.5,0.6159316543999935,236169,49.0,2.25,0.25294834559999657,1440,721,90.0,0.0,-90.0,359.75,0.25,0.25
LFPG,LFPG,development,SPEC 3.4 grid point,49.027008,2.578125,236171,49.0,2.75,0.2787399999999973,236170,49.0,2.5,0.6132279999999941,234731,49.25,2.75,0.03376000000000268,234730,49.25,2.5,0.07427200000000589,1440,721,90.0,0.0,-90.0,359.75,0.25,0.25
LIMC,LIMC,new,IEM airport position (session90_airports.csv),45.63,8.72306,256355,45.5,8.75,0.42827519999999136,256354,45.5,8.5,0.051724799999998405,254915,45.75,8.75,0.46396480000000967,254914,45.75,8.5,0.05603520000000056,1440,721,90.0,0.0,-90.0,359.75,0.25,0.25
LLBG,LLBG,new,IEM airport position (session90_airports.csv),32.01139,34.88667,334220,32.0,35.0,0.5217732592000116,334219,32.0,34.75,0.4326667407999937,332780,32.25,35.0,0.02490674079999753,332779,32.25,34.75,0.020653259199997186,1440,721,90.0,0.0,-90.0,359.75,0.25,0.25
LTAC,LTAC,new,IEM airport position (session90_airports.csv),40.12808,32.99508,288132,40.0,33.0,0.4780824576000144,288131,40.0,32.75,0.009597542399997267,286692,40.25,33.0,0.5022375423999916,286691,40.25,32.75,0.010082457599996658,1440,721,90.0,0.0,-90.0,359.75,0.25,0.25
LTFM,LTFM,new,IEM airport position (session90_airports.csv),41.2629,28.7413,280915,41.25,28.75,0.9153956799999887,280914,41.25,28.5,0.03300432000000368,279475,41.5,28.75,0.04980432000000716,279474,41.5,28.5,0.0017956800000004805,1440,721,90.0,0.0,-90.0,359.75,0.25,0.25
MMMX,MMMX,new,IEM airport position (session90_airports.csv),19.4363,-99.0721,408564,19.25,261.0,0.18131568000002496,408563,19.25,260.75,0.07348431999997806,407124,19.5,261.0,0.5302843200000645,407123,19.5,260.75,0.21491567999993244,1440,721,90.0,0.0,-90.0,359.75,0.25,0.25
NZWN,NZWN,claim batch,IEM airport position (session90_airports.csv),-41.3272,174.8053,758140,-41.5,175.0,0.0683065599999836,758139,-41.5,174.75,0.24049344000000727,756700,-41.25,175.0,0.15289343999996985,756699,-41.25,174.75,0.5383065600000393,1440,721,90.0,0.0,-90.0,359.75,0.25,0.25
OEJN,OEJN,new,IEM airport position (session90_airports.csv),21.65983127,39.12220782,394717,21.5,39.25,0.1763091828074944,394716,21.5,39.0,0.1843657371924995,393277,21.75,39.25,0.312522097192505,393276,21.75,39.0,0.3268029828075011,1440,721,90.0,0.0,-90.0,359.75,0.25,0.25
OPKC,OPKC,new,IEM airport position (session90_airports.csv),24.84558,67.16137,376109,24.75,67.25,0.3987000864000081,376108,24.75,67.0,0.21897991359998484,374669,25.0,67.25,0.24677991360001242,374668,25.0,67.0,0.13554008639999468,1440,721,90.0,0.0,-90.0,359.75,0.25,0.25
RCSS,RCSS,new,IEM airport position (session90_airports.csv),25.06944,121.55167,374887,25.0,121.75,0.149272563200004,374886,25.0,121.5,0.5729674367999953,373447,25.25,121.75,0.05740743680000174,373446,25.25,121.5,0.22035256319999894,1440,721,90.0,0.0,-90.0,359.75,0.25,0.25
RJTT,RJTT,new,IEM airport position (session90_airports.csv),35.55333,139.78111,314480,35.5,140.0,0.09789445920003777,314479,35.5,139.75,0.688785540799952,313040,35.75,140.0,0.02654554080001185,313039,35.75,139.75,0.18677445919999833,1440,721,90.0,0.0,-90.0,359.75,0.25,0.25
RKPK,RKPK,new,IEM airport position (session90_airports.csv),35.17953,128.93822,317316,35.0,129.0,0.21222181440000207,317315,35.0,128.75,0.06965818559999894,315876,35.25,129.0,0.5406581856000026,315875,35.25,128.75,0.1774618143999964,1440,721,90.0,0.0,-90.0,359.75,0.25,0.25
RKSI,RKSI,new,IEM airport position (session90_airports.csv),37.4666666667,126.45,304346,37.25,126.5,0.10666666656000112,304345,37.25,126.25,0.026666666639998386,302906,37.5,126.5,0.6933333334400102,302905,37.5,126.25,0.17333333335999024,1440,721,90.0,0.0,-90.0,359.75,0.25,0.25
RPLL,RPLL,new,IEM airport position (session90_airports.csv),14.5069,121.0042,435365,14.5,121.25,0.01633631999998957,435364,14.5,121.0,0.9560636800000109,433925,14.75,121.25,0.0004636799999996975,433924,14.75,121.0,0.027136319999999926,1440,721,90.0,0.0,-90.0,359.75,0.25,0.25
SAEZ,SAEZ,new,IEM airport position (session90_airports.csv),-34.82222,-58.53583,721206,-35.0,301.5,0.2474777184000331,721205,-35.0,301.25,0.04140228159997293,719766,-34.75,301.5,0.6092022816000636,719765,-34.75,301.25,0.10191771839993037,1440,721,90.0,0.0,-90.0,359.75,0.25,0.25
SBGR,SBGR,new,IEM airport position (session90_airports.csv),-23.43208,-46.46951,655015,-23.5,313.75,0.0888259071999592,655014,-23.5,313.5,0.6394940928000373,653575,-23.25,313.75,0.03313409279998536,653574,-23.25,313.5,0.23854590720001811,1440,721,90.0,0.0,-90.0,359.75,0.25,0.25
UUWW,UUWW,new,IEM airport position (session90_airports.csv),55.5915,37.2615,198870,55.5,37.5,0.02916399999999446,198869,55.5,37.25,0.6048359999999917,197430,55.75,37.5,0.016835999999997808,197429,55.75,37.25,0.3491640000000161,1440,721,90.0,0.0,-90.0,359.75,0.25,0.25
VILK,VILK,new,IEM airport position (session90_airports.csv),26.76059,80.88934,364644,26.75,81.0,0.533750230400015,364643,26.75,80.75,0.4238897695999828,363204,27.0,81.0,0.02360976960000193,363203,27.0,80.75,0.018750230400000244,1440,721,90.0,0.0,-90.0,359.75,0.25,0.25
WMKK,WMKK,new,IEM airport position (session90_airports.csv),2.71667,101.7,504407,2.5,101.75,0.10665600000000107,504406,2.5,101.5,0.026663999999998373,502967,2.75,101.75,0.6933440000000103,502966,2.75,101.5,0.17333599999999025,1440,721,90.0,0.0,-90.0,359.75,0.25,0.25
WSSS,WSSS,new,IEM airport position (session90_airports.csv),1.36667,103.98333,511616,1.25,104.0,0.49775822239998946,511615,1.25,103.75,0.03556177760001033,510176,1.5,104.0,0.43556177759999115,510175,1.5,103.75,0.03111822240000906,1440,721,90.0,0.0,-90.0,359.75,0.25,0.25
YSDU,YSDU,development,SPEC 3.4 grid point,-32.274643,148.59375,706195,-32.5,148.75,0.03696449999999629,706194,-32.5,148.5,0.06160749999999382,704755,-32.25,148.75,0.3380355000000037,704754,-32.25,148.5,0.5633925000000062,1440,721,90.0,0.0,-90.0,359.75,0.25,0.25
ZBAA,ZBAA,new,IEM airport position (session90_airports.csv),40.07413,116.587,288467,40.0,116.75,0.24481104000001389,288466,40.0,116.5,0.45866895999999935,287027,40.25,116.75,0.10318895999999932,287026,40.25,116.5,0.1933310399999875,1440,721,90.0,0.0,-90.0,359.75,0.25,0.25
ZGGG,ZGGG,new,IEM airport position (session90_airports.csv),23.39639,113.30083,384934,23.25,113.5,0.08426394080000779,384933,23.25,113.25,0.33017605919999127,383494,23.5,113.5,0.11905605920001147,383493,23.5,113.25,0.46650394079998947,1440,721,90.0,0.0,-90.0,359.75,0.25,0.25
ZGSZ,ZGSZ,claim batch,IEM airport position (session90_airports.csv),22.63232493,113.8055854,389256,22.5,114.0,0.10465625337564526,389255,22.5,113.75,0.36604402662435737,387816,22.75,114.0,0.11768534662434767,387815,22.75,113.75,0.4116143733756497,1440,721,90.0,0.0,-90.0,359.75,0.25,0.25
ZHHH,ZHHH,new,IEM airport position (session90_airports.csv),30.62,114.13,343177,30.5,114.25,0.2703999999999885,343176,30.5,114.0,0.24960000000000754,341737,30.75,114.25,0.24959999999999333,341736,30.75,114.0,0.23040000000001065,1440,721,90.0,0.0,-90.0,359.75,0.25,0.25
ZSPD,ZSPD,new,IEM airport position (session90_airports.csv),31.1166666667,121.766666667,340328,31.0,122.0,0.035555556257768586,340327,31.0,121.75,0.4977777769422366,338888,31.25,122.0,0.031111111742213527,338887,31.25,121.75,0.43555555505778126,1440,721,90.0,0.0,-90.0,359.75,0.25,0.25
ZSQD,ZSQD,new,IEM airport position (session90_airports.csv),36.06667,120.33333,311522,36.0,120.5,0.2444302224000081,311521,36.0,120.25,0.48888977759998387,310082,36.25,120.5,0.0888897776000066,310081,36.25,120.25,0.17779022240000142,1440,721,90.0,0.0,-90.0,359.75,0.25,0.25
ZUCK,ZUCK,claim batch,IEM airport position (session90_airports.csv),29.52,106.48,348906,29.5,106.5,0.8464000000000163,348905,29.5,106.25,0.0735999999999855,347466,29.75,106.5,0.07359999999999971,347465,29.75,106.25,0.00639999999999859,1440,721,90.0,0.0,-90.0,359.75,0.25,0.25
ZUUU,ZUUU,new,IEM airport position (session90_airports.csv),30.6666666667,104.016666667,343137,30.5,104.25,0.022222222657771972,343136,30.5,104.0,0.3111111105422304,341697,30.75,104.25,0.04444444534221014,341696,30.75,104.0,0.6222222214577875,1440,721,90.0,0.0,-90.0,359.75,0.25,0.25
