icao,region,stratum,iem_id,iem_network,name,latitude,longitude,elevation_m,time_zone,grid1_lat,grid1_lon,grid1_weight,grid1_land_mask,grid2_lat,grid2_lon,grid2_weight,grid2_land_mask,grid3_lat,grid3_lon,grid3_weight,grid3_land_mask,grid4_lat,grid4_lon,grid4_weight,grid4_land_mask,land_fraction,model_height_m,height_diff_m,sea_flag,mosmix_station_id,mosmix_distance_km,mosmix_within_10km,mosmix_lon_sign_flag,nbm_domain,dailymax_pct_all,dailymax_days_all,dailymax_pct_heldout,dailymax_days_heldout,eligible_or_reason,drawn
EHAM,Europe,Europe,EHAM,NL__ASOS,Amsterdam,52.31541,4.79016,9.0,Europe/Amsterdam,52.25,4.75,0.6197498495999996,1.0,52.25,5.0,0.1186101504000006,1.0,52.5,4.75,0.21961015039999968,1.0,52.5,5.0,0.04202984960000018,1.0,1.0,-0.25911583903999963,-9.25911583904,no,06240,2.343,yes,no,none,99.8,1955,99.86,730,eligible,no
LTAC,Europe,Europe,LTAC,TR__ASOS,Ankara,40.12808,32.99508,949.0,Europe/Istanbul,40.0,32.75,0.009597542399997267,1.0,40.0,33.0,0.4780824576000144,1.0,40.25,32.75,0.010082457599996658,1.0,40.25,33.0,0.5022375423999916,1.0,1.0,1134.0404553220483,185.04045532204827,no,17128,1.615,yes,no,none,99.85,1955,99.86,730,eligible,no
EFHK,Europe,Europe,EFHK,FI__ASOS,Helsinki,60.31722,24.96333,56.0,Europe/Helsinki,60.25,24.75,0.10724068160000316,1.0,60.25,25.0,0.6238793184000011,1.0,60.5,24.75,0.03943931840000032,1.0,60.5,25.0,0.22944068159999548,1.0,1.0,41.60531398188787,-14.394686018112132,no,02974,0.194,yes,no,none,99.95,1955,100.0,730,eligible,no
LTFM,Europe,Europe,LTFM,TR__ASOS,Istanbul,41.2629,28.7413,120.470314,Europe/Istanbul,41.25,28.5,0.03300432000000368,1.0,41.25,28.75,0.9153956799999887,1.0,41.5,28.5,0.0017956800000004805,0.0,41.5,28.75,0.04980432000000716,0.0,0.9483999999999924,70.91224550239953,-49.55806849760047,sea in the grid box,F9731,0.839,yes,no,none,99.85,1955,99.86,730,eligible,no
EGLC,Europe,Europe,EGLC,GB__ASOS,London City,51.50528,0.05528,5.0,Europe/London,51.5,0.0,0.7624300544000029,1.0,51.5,0.25,0.21644994560000083,1.0,51.75,0.0,0.01644994559999708,1.0,51.75,0.25,0.004670054399999172,1.0,1.0,33.30983259999985,28.30983259999985,no,P0478,7.686,yes,yes,none,99.8,1956,100.0,730,"spent (EGLC, D82.7(a))",no
LEMD,Europe,Europe,LEMD,ES__ASOS,Madrid,40.46667,-3.55556,582.0,Europe/Madrid,40.25,356.25,0.029629036800006968,1.0,40.25,356.5,0.10369096319999069,1.0,40.5,356.25,0.1926109632000492,1.0,40.5,356.5,0.6740690367999531,1.0,1.0,649.1567055937942,67.15670559379419,no,08221,1.912,yes,no,none,99.64,1955,100.0,730,eligible,no
LIMC,Europe,Europe,LIMC,IT__ASOS,Milano,45.63,8.72306,211.0,Europe/Rome,45.5,8.5,0.051724799999998405,1.0,45.5,8.75,0.42827519999999136,1.0,45.75,8.5,0.05603520000000056,1.0,45.75,8.75,0.46396480000000967,1.0,1.0,249.70893148000172,38.70893148000172,no,16066,1.684,yes,no,none,99.49,1955,99.59,730,eligible,no
UUWW,Europe,Europe,UUWW,RU__ASOS,Moscow,55.5915,37.2615,203.0,Europe/Moscow,55.5,37.25,0.6048359999999917,1.0,55.5,37.5,0.02916399999999446,1.0,55.75,37.25,0.3491640000000161,1.0,55.75,37.5,0.016835999999997808,1.0,1.0,181.95269659999997,-21.047303400000033,no,27612,26.016,no,no,none,99.8,1955,100.0,730,eligible,no
EDDM,Europe,Europe,EDDM,DE__ASOS,Munich,48.35833,11.80917,447.0,Europe/Berlin,48.25,11.75,0.4325581775999932,1.0,48.25,12.0,0.13412182239999773,1.0,48.5,11.75,0.330761822400007,1.0,48.5,12.0,0.10255817760000205,1.0,1.0,481.8464380945278,34.8464380945278,no,10870,1.148,yes,no,none,99.95,1955,100.0,730,eligible,yes
LFPB,Europe,Europe,LFPB,FR__ASOS,Paris,48.96722,2.42722,65.0,Europe/Paris,48.75,2.25,0.0381716544000028,1.0,48.75,2.5,0.0929483456000071,1.0,49.0,2.25,0.25294834559999657,1.0,49.0,2.5,0.6159316543999935,1.0,1.0,81.08535065849604,16.08535065849604,no,07150,0.45,yes,no,none,97.49,1955,98.63,730,"excluded (LFPB is about 9 km from LFPG, a development airport, D82.7(a))",no
EPWA,Europe,Europe,EPWA,PL__ASOS,Warsaw,52.16278,20.96111,107.0,Europe/Warsaw,52.0,20.75,0.05427177279999925,1.0,52.0,21.0,0.29460822720000907,1.0,52.25,20.75,0.1012882271999949,1.0,52.25,21.0,0.5498317727999968,1.0,1.0,103.09577015852823,-3.904229841471775,no,12375,0.575,yes,no,none,99.64,1955,99.86,730,eligible,no
KATL,North America,North America,ATL,GA_ASOS,ATLANTA INTL ARPT,33.6301,-84.4418,315.0,America/New_York,33.5,275.5,0.367949120000005,1.0,33.5,275.75,0.11165087999999992,1.0,33.75,275.5,0.39925087999999753,1.0,33.75,275.75,0.12114911999999753,1.0,1.0,280.86308500319996,-34.136914996800044,no,72219,3.211,yes,no,CONUS,99.85,1955,99.86,729,eligible,no
KAUS,North America,North America,AUS,TX_ASOS,Austin Bergstrom Intl,30.18304,-97.67987,146.0,America/Chicago,30.0,262.25,0.1927055231999984,1.0,30.0,262.5,0.07513447680000834,1.0,30.25,262.25,0.5267744767999775,1.0,30.25,262.5,0.20538552320001574,1.0,1.0,183.85877341023883,37.858773410238825,no,72254,13.148,no,no,CONUS,99.69,1955,99.73,729,eligible,no
KORD,North America,North America,ORD,IL_ASOS,Chicago OHare,41.9602,-87.9316,205.0,America/Chicago,41.75,272.0,0.11564288000000085,1.0,41.75,272.25,0.04355711999999761,1.0,42.0,272.0,0.6107571200000115,1.0,42.0,272.25,0.23004287999999,1.0,1.0,212.38266163040038,7.382661630400378,no,72530,3.666,yes,no,CONUS,99.8,1955,99.59,729,eligible,yes
KDAL,North America,North America,DAL,TX_ASOS,DALLAS/LOVE FIELD,32.84711,-96.85178,148.0,America/Chicago,32.75,263.0,0.24897830720004607,1.0,32.75,263.25,0.3625816927999511,1.0,33.0,263.0,0.15814169280003113,1.0,33.0,263.25,0.23029830719997166,1.0,1.0,167.95614554771242,19.956145547712424,no,72259,17.946,no,no,CONUS,99.9,1955,99.86,729,eligible,no
KBKF,North America,North America,BKF,CO_ASOS,BUCKLEY ANGB/DENVER,39.70167,-104.75167,1726.0,America/Denver,39.5,255.0,0.0012913775999923195,1.0,39.5,255.25,0.19202862240000762,1.0,39.75,255.0,0.005388622399967954,1.0,39.75,255.25,0.8012913776000321,1.0,1.0,1713.0381124620176,-12.96188753798242,no,72469,11.207,no,no,CONUS,97.14,1955,93.96,729,eligible,no
KHOU,North America,North America,HOU,TX_ASOS,HOUSTON/WILL HOBBY,29.63747,-95.28245,14.0,America/Chicago,29.5,264.5,0.058425575999969157,1.0,29.5,264.75,0.39169442400002913,1.0,29.75,264.5,0.07137442399996281,1.0,29.75,264.75,0.4785055760000389,1.0,1.0,16.36705278815938,2.3670527881593806,no,72243,37.181,no,no,CONUS,99.74,1955,99.73,729,eligible,no
KLAX,North America,North America,LAX,CA_ASOS,LOS ANGELES INTL,33.93816,-118.38653,32.0,America/Los_Angeles,33.75,241.5,0.13508824319998594,0.0,33.75,241.75,0.11227175680000032,1.0,34.0,241.5,0.41103175679998755,1.0,34.0,241.75,0.3416082432000262,1.0,0.8649117568000141,70.18599993184057,38.18599993184057,sea in the grid box,72295,1.354,yes,no,CONUS,99.74,1955,99.45,729,eligible,no
MMMX,North America,North America,MMMX,MX__ASOS,Mexico City,19.4363,-99.0721,2238.0,America/Mexico_City,19.25,260.75,0.07348431999997806,1.0,19.25,261.0,0.18131568000002496,1.0,19.5,260.75,0.21491567999993244,1.0,19.5,261.0,0.5302843200000645,1.0,1.0,2401.5915582959756,163.59155829597557,no,76679,1.223,yes,no,unknown,5.32,1955,0.69,729,"daily maximum usable on under 90% of local days: all window 5.32%, held-out window 0.69%",no
KMIA,North America,North America,MIA,FL_ASOS,MIAMI INTL AIRPORT,25.78805,-80.31693,4.0,America/New_York,25.75,279.5,0.22697301600004746,1.0,25.75,279.75,0.6208269839999591,1.0,26.0,279.5,0.04074698400000645,1.0,26.0,279.75,0.111453015999987,1.0,1.0,6.156652308160023,2.156652308160023,no,72202,4.63,yes,no,CONUS,99.85,1955,99.73,729,eligible,no
KLGA,North America,North America,LGA,NY_ASOS,New York/LaGuardia,40.77945,-73.88028,9.0,America/New_York,40.75,286.0,0.45973206399990246,1.0,40.75,286.25,0.4224679360001092,1.0,41.0,286.0,0.061387935999980096,1.0,41.0,286.25,0.05641206400000826,1.0,1.0,22.8350647484795,13.8350647484795,no,72503,2.186,yes,no,CONUS,99.9,1955,99.86,729,eligible,no
KSFO,North America,North America,SFO,CA_ASOS,SAN FRANCISCO INTL,37.61897,-122.37489,5.0,America/Los_Angeles,37.5,237.5,0.26182938719999166,0.0,37.5,237.75,0.2622906128000189,1.0,37.75,237.5,0.23773061279998237,0.0,37.75,237.75,0.23814938720000706,1.0,0.500440000000026,74.91462346771328,69.91462346771328,sea in the grid box,72494,0.787,yes,no,CONUS,99.85,1955,99.73,729,"spent (KSFO, D82.7(a))",no
KSEA,North America,North America,SEA,WA_ASOS,SEATTLE-TACOMA INTL,47.44469,-122.31437,137.0,America/Los_Angeles,47.25,237.5,0.056964875199995685,1.0,47.25,237.75,0.16427512479999887,1.0,47.5,237.5,0.20051512479999115,1.0,47.5,237.75,0.5782448752000143,1.0,1.0,83.50847253881638,-53.49152746118362,no,72793,1.231,yes,no,CONUS,99.85,1955,99.73,729,eligible,no
CYYZ,North America,North America,CYYZ,CA_ON_ASOS,LESTER B PEARSON INTL,43.67722,-79.63056,173.0,America/Toronto,43.5,280.25,0.1520345088000065,1.0,43.5,280.5,0.1390854912,0.0,43.75,280.25,0.3702054912000042,1.0,43.75,280.5,0.33867450879998934,1.0,0.8609145088,178.9316799185282,5.931679918528204,sea in the grid box,71624,1.194,yes,no,unknown,99.64,1955,99.86,729,eligible,yes
SAEZ,South America,South,SAEZ,AR__ASOS,Buenos Aires,-34.82222,-58.53583,20.0,America/Argentina/Buenos_Aires,-35.0,301.25,0.04140228159997293,1.0,-35.0,301.5,0.2474777184000331,1.0,-34.75,301.25,0.10191771839993037,1.0,-34.75,301.5,0.6092022816000636,1.0,1.0,20.6688709687675,0.6688709687675001,no,87576,0.658,yes,no,none,99.49,1955,99.73,729,eligible,no
SBGR,South America,South,SBGR,BR__ASOS,Sao Paulo,-23.43208,-46.46951,750.0,America/Sao_Paulo,-23.5,313.5,0.6394940928000373,1.0,-23.5,313.75,0.0888259071999592,1.0,-23.25,313.5,0.23854590720001811,1.0,-23.25,313.75,0.03313409279998536,1.0,1.0,816.5034774163871,66.50347741638711,no,83779,0.322,yes,no,none,99.8,1955,100.0,729,eligible,no
ZBAA,Asia,Asia,ZBAA,CN__ASOS,Beijing,40.07413,116.587,30.0,Asia/Shanghai,40.0,116.5,0.45866895999999935,1.0,40.0,116.75,0.24481104000001389,1.0,40.25,116.5,0.1933310399999875,1.0,40.25,116.75,0.10318895999999932,1.0,1.0,51.39061508959898,21.39061508959898,no,54511,30.234,no,no,none,99.74,1955,100.0,730,eligible,no
RKPK,Asia,Asia,RKPK,KR__ASOS,Busan,35.17953,128.93822,15.0,Asia/Seoul,35.0,128.75,0.06965818559999894,0.0,35.0,129.0,0.21222181440000207,0.0,35.25,128.75,0.1774618143999964,1.0,35.25,129.0,0.5406581856000026,1.0,0.718119999999999,104.81132104339193,89.81132104339193,sea in the grid box,47153,0.613,yes,no,none,99.64,1955,99.59,730,eligible,no
ZUUU,Asia,Asia,ZUUU,CN__ASOS,Chengdu,30.6666666667,104.016666667,508.0,Asia/Chongqing,30.5,104.0,0.3111111105422304,1.0,30.5,104.25,0.022222222657771972,1.0,30.75,104.0,0.6222222214577875,1.0,30.75,104.25,0.04444444534221014,1.0,1.0,512.3580416765353,4.358041676535322,no,56187,17.919,no,no,none,99.8,1955,100.0,730,eligible,no
ZUCK,Asia,Asia,ZUCK,CN__ASOS,Chongqing,29.52,106.48,351.0,Asia/Chongqing,29.5,106.25,0.0735999999999855,1.0,29.5,106.5,0.8464000000000163,1.0,29.75,106.25,0.00639999999999859,1.0,29.75,106.5,0.07359999999999971,1.0,1.0,317.06980699999934,-33.930193000000656,no,57516,0.491,yes,no,none,99.85,1955,100.0,730,eligible,yes
ZGGG,Asia,Asia,ZGGG,CN__ASOS,Guangzhou,23.39639,113.30083,15.0,Asia/Shanghai,23.25,113.25,0.33017605919999127,1.0,23.25,113.5,0.08426394080000779,1.0,23.5,113.25,0.46650394079998947,1.0,23.5,113.5,0.11905605920001147,1.0,1.0,60.078035316160516,45.078035316160516,no,59287,29.295,no,no,none,99.85,1955,100.0,730,eligible,no
OEJN,Asia,Asia,OEJN,SA__ASOS,Jeddah,21.65983127,39.12220782,2.0,Asia/Riyadh,21.5,39.0,0.1843657371924995,0.0,21.5,39.25,0.1763091828074944,1.0,21.75,39.0,0.3268029828075011,0.0,21.75,39.25,0.312522097192505,1.0,0.4888312799999994,34.78453139375373,32.78453139375373,sea in the grid box,41024,7.736,yes,no,none,99.85,1955,100.0,730,eligible,no
OPKC,Asia,Asia,OPKC,PK__ASOS,Karachi,24.84558,67.16137,18.0,Asia/Karachi,24.75,67.0,0.21897991359998484,0.0,24.75,67.25,0.3987000864000081,1.0,25.0,67.0,0.13554008639999468,1.0,25.0,67.25,0.24677991360001242,1.0,0.7810200864000152,31.306898966976775,13.306898966976775,sea in the grid box,41780,6.68,yes,no,none,79.74,1955,97.4,730,daily maximum usable on under 90% of local days: all window 79.74%,no
WMKK,Asia,Asia,WMKK,MY__ASOS,Kuala Lumpur,2.71667,101.7,22.0,Asia/Kuala_Lumpur,2.5,101.5,0.026663999999998373,0.0,2.5,101.75,0.10665600000000107,0.0,2.75,101.5,0.17333599999999025,1.0,2.75,101.75,0.6933440000000103,1.0,0.8666800000000006,32.50142684000036,10.501426840000363,sea in the grid box,48647,47.495,no,no,none,99.74,1955,100.0,730,eligible,no
VILK,Asia,Asia,VILK,IN__ASOS,Lucknow,26.76059,80.88934,128.0,Asia/Kolkata,26.75,80.75,0.4238897695999828,1.0,26.75,81.0,0.533750230400015,1.0,27.0,80.75,0.018750230400000244,1.0,27.0,81.0,0.02360976960000193,1.0,1.0,122.24791059449592,-5.75208940550408,no,42369,1.32,yes,no,none,80.36,1955,72.05,730,"daily maximum usable on under 90% of local days: all window 80.36%, held-out window 72.05%",no
RPLL,Asia,Asia,RPLL,PH__ASOS,Manila,14.5069,121.0042,19.242466,Asia/Manila,14.5,121.0,0.9560636800000109,1.0,14.5,121.25,0.01633631999998957,0.0,14.75,121.0,0.027136319999999926,1.0,14.75,121.25,0.0004636799999996975,1.0,0.9836636800000105,13.618629118399156,-5.623836881600845,sea in the grid box,98429,1.176,yes,no,none,99.54,1955,99.86,730,eligible,no
ZSQD,Asia,Asia,ZSQD,CN__ASOS,Qingdao,36.06667,120.33333,77.0,Asia/Shanghai,36.0,120.25,0.48888977759998387,0.0,36.0,120.5,0.2444302224000081,0.0,36.25,120.25,0.17779022240000142,1.0,36.25,120.5,0.0888897776000066,1.0,0.266680000000008,18.78659389228884,-58.213406107711165,sea in the grid box,54857,0.0,yes,no,none,99.85,1955,100.0,730,eligible,no
RKSI,Asia,Asia,RKSI,KR__ASOS,Seoul,37.4666666667,126.45,7.0,Asia/Seoul,37.25,126.25,0.026666666639998386,0.0,37.25,126.5,0.10666666656000112,0.0,37.5,126.25,0.17333333335999024,0.0,37.5,126.5,0.6933333334400102,0.0,0.0,5.324441667225661,-1.6755583327743393,sea in the grid box,47113,1.471,yes,no,none,99.69,1955,100.0,730,eligible,no
ZSPD,Asia,Asia,ZSPD,CN__ASOS,Shanghai,31.1166666667,121.766666667,4.0,Asia/Shanghai,31.0,121.75,0.4977777769422366,1.0,31.0,122.0,0.035555556257768586,0.0,31.25,121.75,0.43555555505778126,0.0,31.25,122.0,0.031111111742213527,0.0,0.4977777769422366,3.12568610641216,-0.8743138935878401,sea in the grid box,58362,42.494,no,no,none,99.69,1955,100.0,730,eligible,no
ZGSZ,Asia,Asia,ZGSZ,CN__ASOS,Shenzhen,22.63232493,113.8055854,1.0,Asia/Shanghai,22.5,113.75,0.36604402662435737,0.0,22.5,114.0,0.10465625337564526,1.0,22.75,113.75,0.4116143733756497,0.0,22.75,114.0,0.11768534662434767,1.0,0.22234159999999292,20.864645310582418,19.864645310582418,sea in the grid box,59493,1.143,yes,no,none,99.85,1955,100.0,730,eligible,yes
WSSS,Asia,Asia,WSSS,SG__ASOS,Singapore,1.36667,103.98333,16.0,Asia/Singapore,1.25,103.75,0.03556177760001033,0.0,1.25,104.0,0.49775822239998946,0.0,1.5,103.75,0.03111822240000906,1.0,1.5,104.0,0.43556177759999115,1.0,0.4666800000000002,12.125119072704106,-3.8748809272958944,sea in the grid box,48698,0.001,yes,no,none,99.85,1955,100.0,730,eligible,no
RCSS,Asia,Asia,RCSS,TW__ASOS,Taipei,25.06944,121.55167,6.0,Asia/Taipei,25.0,121.5,0.5729674367999953,1.0,25.0,121.75,0.149272563200004,1.0,25.25,121.5,0.22035256319999894,1.0,25.25,121.75,0.05740743680000174,0.0,0.9425925631999983,189.48021241286438,183.48021241286438,sea in the grid box,58968,5.343,yes,no,none,91.51,1955,77.81,730,daily maximum usable on under 90% of local days: held-out window 77.81%,no
LLBG,Asia,Asia,LLBG,IL__ASOS,Tel-aviv,32.01139,34.88667,49.0,Asia/Jerusalem,32.0,34.75,0.4326667407999937,1.0,32.0,35.0,0.5217732592000116,1.0,32.25,34.75,0.020653259199997186,1.0,32.25,35.0,0.02490674079999753,1.0,1.0,124.14462424032196,75.14462424032196,no,40180,1.784,yes,no,none,99.39,1955,99.45,730,eligible,no
RJTT,Asia,Asia,RJTT,JP__ASOS,Tokyo,35.55333,139.78111,8.0,Asia/Tokyo,35.5,139.75,0.688785540799952,0.0,35.5,140.0,0.09789445920003777,0.0,35.75,139.75,0.18677445919999833,1.0,35.75,140.0,0.02654554080001185,1.0,0.21332000000001017,9.129869008320341,1.129869008320341,sea in the grid box,47671,1.358,yes,no,none,99.8,1955,100.0,730,eligible,no
ZHHH,Asia,Asia,ZHHH,CN__ASOS,Wuhan,30.62,114.13,23.0,Asia/Shanghai,30.5,114.0,0.24960000000000754,1.0,30.5,114.25,0.2703999999999885,1.0,30.75,114.0,0.23040000000001065,1.0,30.75,114.25,0.24959999999999333,1.0,1.0,27.713518999999977,4.713518999999977,no,57494,0.489,yes,no,none,99.85,1955,100.0,730,eligible,no
FACT,Africa,South,FACT,ZA__ASOS,Cape Town,-33.9666666667,18.6,42.0,Africa/Johannesburg,-34.0,18.5,0.5200000000799954,1.0,-34.0,18.75,0.3466666667200051,1.0,-33.75,18.5,0.07999999991999895,0.0,-33.75,18.75,0.05333333328000056,1.0,0.920000000080001,81.72124166522894,39.721241665228945,sea in the grid box,68816,1.853,yes,no,none,93.5,1955,84.66,730,daily maximum usable on under 90% of local days: held-out window 84.66%,no
NZWN,Oceania,South,NZWN,NF__ASOS,Wellington,-41.3272,174.8053,0.0,Pacific/Auckland,-41.5,174.75,0.24049344000000727,0.0,-41.5,175.0,0.0683065599999836,0.0,-41.25,174.75,0.5383065600000393,1.0,-41.25,175.0,0.15289343999996985,1.0,0.6912000000000091,79.16768573279572,79.16768573279572,sea in the grid box,93436,0.813,yes,no,none,99.54,1955,99.86,730,eligible,yes
