level,station,fold,variant,mean_mae,delta_vs_B,skill_vs_B_pct
fold_averaged_per_airport,EGLC,,B,1.041,0.0,0.0
fold_averaged_per_airport,EGLC,,B+L,1.0127,-0.0283,2.72
fold_averaged_per_airport,EGLC,,B+Lv,1.0242,-0.0168,1.62
fold_averaged_per_airport,EGLC,,B+v,1.0242,-0.0168,1.62
fold_averaged_per_airport,LFPG,,B,1.1725,0.0,0.0
fold_averaged_per_airport,LFPG,,B+L,1.1417,-0.0309,2.63
fold_averaged_per_airport,LFPG,,B+Lv,1.1463,-0.0263,2.24
fold_averaged_per_airport,LFPG,,B+v,1.159,-0.0135,1.15
fold_averaged_per_airport,DSM,,B,1.6567,0.0,0.0
fold_averaged_per_airport,DSM,,B+L,1.6198,-0.0369,2.23
fold_averaged_per_airport,DSM,,B+Lv,1.6125,-0.0441,2.66
fold_averaged_per_airport,DSM,,B+v,1.6583,0.0017,-0.1
fold_averaged_per_airport,YSDU,,B,1.1719,0.0,0.0
fold_averaged_per_airport,YSDU,,B+L,1.1473,-0.0246,2.1
fold_averaged_per_airport,YSDU,,B+Lv,1.1554,-0.0165,1.41
fold_averaged_per_airport,YSDU,,B+v,1.1657,-0.0062,0.53
fold_averaged_per_airport,RNO,,B,1.3761,0.0,0.0
fold_averaged_per_airport,RNO,,B+L,1.3761,0.0001,-0.0
fold_averaged_per_airport,RNO,,B+Lv,1.3519,-0.0241,1.75
fold_averaged_per_airport,RNO,,B+v,1.3479,-0.0281,2.04
airport_averaged_per_fold,,2022-23,B,1.3305,0.0,0.0
airport_averaged_per_fold,,2022-23,B+L,1.314,-0.0165,1.24
airport_averaged_per_fold,,2022-23,B+Lv,1.3172,-0.0133,1.0
airport_averaged_per_fold,,2022-23,B+v,1.3181,-0.0124,0.93
airport_averaged_per_fold,,2023-24,B,1.222,0.0,0.0
airport_averaged_per_fold,,2023-24,B+L,1.191,-0.031,2.54
airport_averaged_per_fold,,2023-24,B+Lv,1.1892,-0.0328,2.68
airport_averaged_per_fold,,2023-24,B+v,1.2061,-0.0159,1.3
airport_averaged_per_fold,,2025-26,B,1.2985,0.0,0.0
airport_averaged_per_fold,,2025-26,B+L,1.2736,-0.0249,1.91
airport_averaged_per_fold,,2025-26,B+Lv,1.2678,-0.0307,2.36
airport_averaged_per_fold,,2025-26,B+v,1.2889,-0.0095,0.73
grand_overall,,,B,1.2836,0.0,0.0
grand_overall,,,B+L,1.2595,-0.0241,1.88
grand_overall,,,B+Lv,1.2581,-0.0256,1.99
grand_overall,,,B+v,1.271,-0.0126,0.98
