sample,run_date,cycle,lead,status,detail
v16_floor,2021-03-23,0,26,OK,step=24-26 hour ave fcst value=0.000Wm2 startStep=24 endStep=26 expected_valid=2021-03-24T02:00:00 got_valid=2021-03-24T02:00:00 match=OK
v16_floor,2021-03-23,12,22,OK,step=18-22 hour ave fcst value=180.546Wm2 startStep=18 endStep=22 expected_valid=2021-03-24T10:00:00 got_valid=2021-03-24T10:00:00 match=OK
v16_floor,2021-03-23,12,24,OK,step=18-24 hour ave fcst value=208.812Wm2 startStep=18 endStep=24 expected_valid=2021-03-24T12:00:00 got_valid=2021-03-24T12:00:00 match=OK
v16_floor,2021-03-23,18,22,OK,step=18-22 hour ave fcst value=94.412Wm2 startStep=18 endStep=22 expected_valid=2021-03-24T16:00:00 got_valid=2021-03-24T16:00:00 match=OK
v16_floor,2021-03-23,18,24,OK,step=18-24 hour ave fcst value=87.512Wm2 startStep=18 endStep=24 expected_valid=2021-03-24T18:00:00 got_valid=2021-03-24T18:00:00 match=OK
v16_floor,2021-03-23,18,26,OK,step=24-26 hour ave fcst value=0.594Wm2 startStep=24 endStep=26 expected_valid=2021-03-24T20:00:00 got_valid=2021-03-24T20:00:00 match=OK
recent,2024-06-14,0,26,OK,step=24-26 hour ave fcst value=0.000Wm2 startStep=24 endStep=26 expected_valid=2024-06-15T02:00:00 got_valid=2024-06-15T02:00:00 match=OK
recent,2024-06-14,12,22,OK,step=18-22 hour ave fcst value=212.945Wm2 startStep=18 endStep=22 expected_valid=2024-06-15T10:00:00 got_valid=2024-06-15T10:00:00 match=OK
recent,2024-06-14,12,24,OK,step=18-24 hour ave fcst value=322.533Wm2 startStep=18 endStep=24 expected_valid=2024-06-15T12:00:00 got_valid=2024-06-15T12:00:00 match=OK
recent,2024-06-14,18,22,OK,step=18-22 hour ave fcst value=782.448Wm2 startStep=18 endStep=22 expected_valid=2024-06-15T16:00:00 got_valid=2024-06-15T16:00:00 match=OK
recent,2024-06-14,18,24,OK,step=18-24 hour ave fcst value=657.339Wm2 startStep=18 endStep=24 expected_valid=2024-06-15T18:00:00 got_valid=2024-06-15T18:00:00 match=OK
recent,2024-06-14,18,26,OK,step=24-26 hour ave fcst value=114.007Wm2 startStep=24 endStep=26 expected_valid=2024-06-15T20:00:00 got_valid=2024-06-15T20:00:00 match=OK
