cell,target_date,obs_c,forecast_c,predicted_residual_c,corrected_forecast_c,abs_error_c
C1,2024-08-01,34.44,34.169,0.5383041718814591,34.707304171881454,0.26730417188145594
C1,2024-08-02,35.0,34.276,-0.027774179596951113,34.24822582040305,0.7517741795969499
C1,2024-08-03,32.22,28.464,0.5577661595718609,29.02176615957186,3.198233840428138
C1,2024-08-04,31.67,32.079,0.46296784861023543,32.541967848610234,0.8719678486102325
C1,2024-08-05,34.44,34.419,-0.08820485771352157,34.330795142286476,0.10920485771352162
C1,2024-08-06,35.0,34.961,-0.15280796029314322,34.80819203970685,0.19180796029314706
C1,2024-08-07,35.0,35.034,-0.06831860345885449,34.96568139654114,0.034318603458856956
C1,2024-08-08,35.0,34.569,-0.08276058637316529,34.48623941362684,0.5137605863731594
C1,2024-08-09,34.44,34.231,-0.013017785461355916,34.217982214538644,0.22201778546135387
C1,2024-08-10,32.22,34.266,-0.12518634935254813,34.14081365064745,1.9208136506474531
C1,2024-08-11,30.56,33.209,-0.09855758736611714,33.11044241263389,2.5504424126338883
C1,2024-08-12,32.22,30.601,0.06528944597736284,30.666289445977363,1.5537105540226364
C1,2024-08-13,28.89,28.651,0.2709561663650217,28.92195616636502,0.03195616636502052
C1,2024-08-14,27.78,29.427,-0.9947965444983433,28.432203455501657,0.652203455501656
C1,2024-08-15,28.89,29.876,-0.21953884893419146,29.65646115106581,0.7664611510658084
C1,2024-08-16,28.89,29.407,-0.13157675513513015,29.27542324486487,0.3854232448648709
C1,2024-08-17,30.56,28.968,0.5969717083416781,29.564971708341677,0.995028291658322
C1,2024-08-18,29.44,28.183,0.29821385204672823,28.48121385204673,0.9587861479532727
C1,2024-08-19,30.0,29.986,-0.32519859873390744,29.66080140126609,0.33919859873390834
C1,2024-08-20,28.33,29.693,0.050692241659381895,29.74369224165938,1.4136922416593833
C1,2024-08-21,27.78,28.439,-0.5915254536078718,27.847474546392128,0.06747454639212691
C1,2024-08-22,27.78,27.844,-0.22059628233933565,27.623403717660665,0.1565962823393363
C1,2024-08-23,19.44,19.448,0.340406815161362,19.788406815161363,0.3484068151613613
C1,2024-08-24,11.11,12.591,1.1679320767578467,13.758932076757846,2.6489320767578466
C1,2024-08-25,17.78,19.269,1.190644524797736,20.459644524797735,2.679644524797734
C1,2024-08-26,23.33,25.178,0.3947536451804725,25.572753645180473,2.242753645180475
C1,2024-08-27,28.33,29.618,0.6146929806529413,30.23269298065294,1.9026929806529402
C1,2024-08-28,28.33,29.541,-0.08939860622793423,29.451601393772066,1.1216013937720675
C1,2024-08-29,29.44,30.458,0.7827432618556794,31.240743261855677,1.8007432618556756
C1,2024-08-30,31.67,31.672,0.4838643116362038,32.15586431163621,0.485864311636206
C1,2024-08-31,31.11,31.998,0.22465680190925932,32.22265680190926,1.1126568019092602
C1,2024-09-01,32.78,31.915,0.1353922380845281,32.05039223808453,0.7296077619154744
C1,2024-09-02,31.67,30.426,0.9207834441374835,31.346783444137483,0.3232165558625191
C1,2024-09-03,27.78,28.71,0.20840067143982957,28.91840067143983,1.138400671439829
C1,2024-09-04,30.0,30.631,0.5299884309564452,31.160988430956447,1.160988430956447
C1,2024-09-05,31.11,32.13,0.19992877650268379,32.32992877650268,1.2199287765026838
C1,2024-09-06,32.78,32.835,-0.22429584157103366,32.610704158428966,0.16929584157103506
C1,2024-09-07,33.89,32.645,0.1928518437848353,32.83785184378484,1.0521481562151607
C1,2024-09-08,31.11,30.951,0.0303362365416682,30.98133623654167,0.12866376345833075
C1,2024-09-09,29.44,31.411,-0.412560429439614,30.998439570560386,1.5584395705603846
C1,2024-09-10,28.89,30.486,-0.17621730329420351,30.309782696705796,1.419782696705795
C1,2024-09-11,26.11,25.097,1.2337085369136722,26.330708536913672,0.22070853691367276
C1,2024-09-12,19.44,20.062,0.44126198370184994,20.50326198370185,1.0632619837018495
C1,2024-09-13,23.33,23.992,0.7570274911494531,24.749027491149455,1.419027491149457
C1,2024-09-14,27.22,27.526,-0.4476147974929291,27.07838520250707,0.14161479749292738
C1,2024-09-15,25.56,24.605,0.41952805443740737,25.024528054437408,0.5354719455625911
C1,2024-09-16,17.22,16.777,-0.3579760304516674,16.419023969548334,0.8009760304516647
C1,2024-09-17,16.67,19.68,0.6838553796234151,20.363855379623416,3.6938553796234146
C1,2024-09-18,18.89,17.625,0.3409765124966079,17.965976512496606,0.9240234875033941
C1,2024-09-19,18.89,20.529,0.6210213711578162,21.150021371157816,2.2600213711578157
C1,2024-09-20,23.33,23.549,0.6405092970054637,24.189509297005465,0.8595092970054665
C1,2024-09-21,23.89,24.249,0.6981201087029352,24.947120108702933,1.0571201087029323
C1,2024-09-22,23.89,24.415,0.6076569807906412,25.02265698079064,1.1326569807906388
C1,2024-09-23,25.56,25.841,0.3627258839373746,26.203725883937377,0.6437258839373783
C1,2024-09-24,27.22,28.062,-0.5348237474915357,27.527176252508465,0.3071762525084658
C1,2024-09-25,31.11,29.579,0.4189973325688029,29.997997332568804,1.1120026674311951
C1,2024-09-26,26.67,26.83,-0.2010373806442245,26.628962619355775,0.04103738064422657
C1,2024-09-27,27.78,28.571,-0.5632624809761618,28.00773751902384,0.2277375190238402
C1,2024-09-28,29.44,30.381,-0.47970732251101766,29.901292677488982,0.46129267748898073
C1,2024-09-29,27.22,28.365,-0.384240688692016,27.98075931130798,0.7607593113079822
C1,2024-09-30,24.44,25.777,0.6280565156843143,26.405056515684315,1.9650565156843136
C1,2024-10-01,26.11,29.56,-0.7381889553905022,28.821811044609497,2.7118110446094974
C1,2024-10-02,30.0,32.119,-0.7331506855857882,31.385849314414212,1.3858493144142123
C1,2024-10-03,28.89,30.99,-1.0969860446647166,29.89301395533528,1.0030139553352804
C1,2024-10-04,28.89,28.129,0.581305771036569,28.71030577103657,0.1796942289634309
C1,2024-10-05,28.89,28.957,-0.0107885007326744,28.946211499267328,0.05621149926732727
C1,2024-10-06,27.78,28.676,-0.1542994807071999,28.5217005192928,0.7417005192927988
C1,2024-10-07,25.56,27.564,-0.4867045157910172,27.07729548420898,1.517295484208983
C1,2024-10-08,26.67,27.608,-0.4086439349178751,27.199356065082124,0.5293560650821227
C1,2024-10-09,26.11,27.925,-0.18174151235228117,27.74325848764772,1.6332584876477192
C1,2024-10-10,25.56,26.037,-0.8766750477798956,25.160324952220105,0.39967504777989404
C1,2024-10-11,23.89,25.512,-0.8426083347369001,24.6693916652631,0.7793916652630983
C1,2024-10-12,25.0,23.365,0.5358735020272166,23.900873502027213,1.0991264979727866
C1,2024-10-13,20.0,20.438,0.07613066664529983,20.514130666645297,0.5141306666452969
C1,2024-10-14,22.22,22.964,0.26111534677946013,23.225115346779457,1.0051153467794585
C1,2024-10-15,23.33,24.698,-0.6239296228897727,24.07407037711023,0.7440703771102299
C1,2024-10-16,16.11,15.759,0.09514401415034411,15.854144014150345,0.25585598584965474
C1,2024-10-17,10.0,16.205,0.43884153287485417,16.643841532874852,6.643841532874852
C1,2024-10-18,10.0,9.399,0.34474445078976274,9.743744450789762,0.25625554921023763
C1,2024-10-19,14.44,15.073,-0.2105227335405795,14.862477266459422,0.4224772664594223
C1,2024-10-20,16.67,19.299,-0.8016478204301793,18.49735217956982,1.827352179569818
C1,2024-10-21,21.67,20.859,0.5916250460379598,21.450625046037963,0.21937495396203843
C1,2024-10-22,18.33,20.009,-2.3569124886485717,17.65208751135143,0.6779124886485697
C1,2024-10-23,22.78,24.259,0.24258777506302281,24.501587775063022,1.7215877750630213
C1,2024-10-24,12.78,13.626,-0.4629106332989463,13.163089366701053,0.38308936670105354
C1,2024-10-25,12.22,18.815,-1.876721805158299,16.9382781948417,4.7182781948417
C1,2024-10-26,18.33,21.685,-1.184121643437598,20.5008783565624,2.170878356562401
C1,2024-10-27,20.56,19.921,0.6274497803009007,20.5484497803009,0.011550219699099529
C1,2024-10-28,12.22,11.601,0.3427744657718503,11.94377446577185,0.2762255342281499
C1,2024-10-29,8.33,7.918,0.8327412819029434,8.750741281902943,0.42074128190294324
C1,2024-10-30,6.67,12.799,-2.13847518930644,10.660524810693559,3.990524810693559
C1,2024-10-31,11.11,9.689,1.386390154515367,11.075390154515366,0.034609845484633084
C1,2024-11-01,10.0,11.487,-2.8470480896183914,8.639951910381608,1.3600480896183917
C1,2024-11-02,11.11,11.104,1.5424715945558445,12.646471594555845,1.5364715945558451
C1,2024-11-03,8.89,8.041,1.2895477207507147,9.330547720750715,0.4405477207507147
C1,2024-11-04,9.44,10.718,-1.7600502847109485,8.957949715289052,0.48205028471094735
C1,2024-11-05,10.56,13.374,0.5836793284454098,13.95767932844541,3.3976793284454097
C1,2024-11-06,6.11,6.127,0.7880263026004891,6.915026302600489,0.8050263026004885
C1,2024-11-07,10.56,10.248,-1.61547853711133,8.632521462888668,1.927478537111332
C1,2024-11-08,11.11,14.344,-1.7346339298170668,12.609366070182933,1.4993660701829334
C1,2024-11-09,11.67,15.949,-0.34995088172496597,15.599049118275033,3.9290491182750333
C1,2024-11-10,15.0,17.01,-2.124983424466406,14.885016575533596,0.11498342446640386
C1,2024-11-11,12.78,9.841,2.099411962072071,11.94041196207207,0.8395880379279301
C1,2024-11-12,8.89,7.644,-1.6339830363333625,6.010016963666637,2.879983036333363
C1,2024-11-13,16.67,14.563,1.029628626836674,15.592628626836674,1.0773713731633272
C1,2024-11-14,11.67,9.135,-0.920714384864565,8.214285615135434,3.4557143848645655
C1,2024-11-15,2.78,4.72,0.7298173029552633,5.449817302955263,2.669817302955263
C1,2024-11-16,3.33,4.245,-1.0025225712283239,3.242477428771676,0.08752257122832408
C1,2024-11-17,6.67,12.957,-2.985042760081245,9.971957239918755,3.301957239918755
C1,2024-11-18,6.67,4.6,-0.09316619963120183,4.506833800368798,2.1631661996312017
C1,2024-11-19,3.33,6.681,-1.1269923317788597,5.55400766822114,2.22400766822114
C1,2024-11-20,12.22,11.26,1.1141622560268019,12.374162256026802,0.154162256026801
C1,2024-11-21,15.0,9.871,-0.40560229615861176,9.465397703841388,5.534602296158612
C1,2024-11-22,17.22,12.883,0.30537084700816,13.188370847008159,4.03162915299184
C1,2024-11-23,10.56,7.935,2.3660881144161654,10.301088114416165,0.25891188558383504
C1,2024-11-24,6.11,5.721,-1.1501363203782917,4.570863679621708,1.539136320378292
C1,2024-11-25,5.56,7.674,-0.6448074536573848,7.029192546342616,1.469192546342616
C1,2024-11-26,8.33,5.681,1.327198213842406,7.008198213842406,1.321801786157594
C1,2024-11-27,4.44,4.533,0.28347691688435256,4.816476916884353,0.3764769168843527
C1,2024-11-28,3.89,5.383,-0.5581315741538013,4.824868425846199,0.9348684258461986
C1,2024-11-29,2.78,8.555,-3.4650791656879547,5.089920834312045,2.3099208343120448
C1,2024-11-30,2.78,11.056,-3.711750028043833,7.344249971956167,4.564249971956167
C1,2024-12-01,-0.56,10.141,-4.147598516464835,5.993401483535165,6.553401483535165
C1,2024-12-02,4.44,10.8,-2.8622840063446398,7.937715993655361,3.497715993655361
C1,2024-12-03,5.56,10.84,-3.065524745580662,7.774475254419338,2.2144752544193382
C1,2024-12-04,6.11,11.537,-3.8273280184413405,7.70967198155866,1.59967198155866
C1,2024-12-05,7.22,11.685,-2.7590549230217016,8.925945076978298,1.7059450769782982
C1,2024-12-06,6.11,10.658,-1.653080743729786,9.004919256270213,2.894919256270213
C1,2024-12-07,6.67,13.363,-3.8373552701296703,9.52564472987033,2.8556447298703294
C1,2024-12-08,8.33,10.69,-0.550418018841903,10.139581981158097,1.8095819811580967
C1,2024-12-09,5.56,5.75,-2.0041962674807787,3.7458037325192213,1.8141962674807783
C1,2024-12-10,2.22,6.659,-1.720444787539782,4.9385552124602174,2.7185552124602173
C1,2024-12-11,2.22,10.43,-4.6257106991324175,5.804289300867582,3.584289300867582
C1,2024-12-12,7.22,6.807,-0.020463689664063547,6.786536310335936,0.43346368966406335
C1,2024-12-13,8.33,7.267,-0.0698819045534007,7.1971180954466,1.1328819045534004
C1,2024-12-14,1.11,3.242,0.319293658914718,3.561293658914718,2.451293658914718
C1,2024-12-15,2.22,3.057,-0.3528896175426974,2.7041103824573027,0.48411038245730253
C1,2024-12-16,5.56,5.897,-0.8577309755667546,5.039269024433246,0.520730975566754
C1,2024-12-17,8.33,6.541,0.35233600196538994,6.89333600196539,1.4366639980346099
C1,2024-12-18,7.22,8.882,-2.496343747066609,6.385656252933391,0.8343437470666091
C1,2024-12-19,7.22,11.309,-2.5605670397688436,8.748432960231156,1.5284329602311564
C1,2024-12-20,6.67,12.83,-3.291237984267078,9.538762015732923,2.8687620157329228
C1,2024-12-21,11.67,9.716,-0.060038321787582914,9.655961678212416,2.0140383217875844
C1,2024-12-22,11.67,8.785,-0.8051363795476938,7.979863620452306,3.6901363795476936
C1,2024-12-23,11.67,11.017,-1.2245466066885224,9.792453393311478,1.8775466066885222
C1,2024-12-24,8.33,7.407,-0.07949902888776918,7.327500971112231,1.0024990288877689
C1,2024-12-25,3.33,5.727,-2.0809105415634384,3.646089458436562,0.3160894584365619
C1,2024-12-26,9.44,8.316,2.1653352831862933,10.481335283186294,1.041335283186294
C1,2024-12-27,13.89,10.199,2.2279642578217587,12.426964257821759,1.463035742178242
C1,2024-12-28,14.44,8.702,0.9858015092597157,9.687801509259716,4.752198490740284
C1,2024-12-29,7.22,6.04,0.6047053767636537,6.644705376763653,0.5752946232363465
C1,2024-12-30,3.89,3.456,-0.9794027139402843,2.4765972860597154,1.4134027139402847
C1,2024-12-31,3.33,3.928,-0.16858344268111303,3.759416557318887,0.42941655731888684
C1,2025-01-01,9.44,8.69,0.9184781516597371,9.608478151659737,0.16847815165973756
C1,2025-01-02,12.22,12.075,-0.7286675442200716,11.346332455779928,0.8736675442200728
C1,2025-01-03,13.33,10.688,0.9136483286453199,11.60164832864532,1.7283516713546803
C1,2025-01-04,5.0,4.94,-0.2916825236820488,4.648317476317952,0.3516825236820482
C1,2025-01-05,7.78,7.741,-0.04979463142270303,7.691205368577297,0.0887946314227035
C1,2025-01-06,9.44,8.568,1.9365607760175059,10.504560776017506,1.0645607760175064
C1,2025-01-07,5.56,3.845,1.7926873807548878,5.637687380754888,0.07768738075488812
C1,2025-01-08,3.89,5.892,-1.574982061494534,4.317017938505466,0.427017938505466
C1,2025-01-09,4.44,7.706,-2.206238370245216,5.499761629754785,1.0597616297547843
C1,2025-01-10,6.11,11.845,-3.1036212589348713,8.74137874106513,2.63137874106513
C1,2025-01-11,5.0,4.141,-0.678674616793171,3.462325383206829,1.5376746167931712
C1,2025-01-12,1.67,3.522,-1.523534340263978,1.9984656597360217,0.3284656597360218
C1,2025-01-13,2.22,2.696,0.018431900272753248,2.7144319002727535,0.4944319002727533
C1,2025-01-14,3.33,5.821,-2.583400749971127,3.2375992500288726,0.09240074997112746
C1,2025-01-15,6.11,7.311,-2.794094141373098,4.516905858626902,1.593094141373098
C1,2025-01-16,5.0,8.734,-3.000476565626809,5.733523434373192,0.7335234343731916
C1,2025-01-17,8.89,9.944,-0.2774345832606363,9.666565416739365,0.7765654167393645
C1,2025-01-18,4.44,5.964,-0.024576966746032176,5.939423033253968,1.4994230332539678
C1,2025-01-19,4.44,9.006,-2.120589839889136,6.885410160110864,2.445410160110864
C1,2025-01-20,2.22,2.567,0.31456943357974276,2.881569433579743,0.6615694335797428
C1,2025-01-21,1.67,7.707,-2.898709309263769,4.80829069073623,3.1382906907362305
C1,2025-01-22,5.56,8.733,-1.130932178247613,7.602067821752388,2.042067821752388
C1,2025-01-23,5.56,8.293,-1.2159106610883363,7.077089338911663,1.5170893389116635
C1,2025-01-24,3.89,11.337,-2.0790005488047685,9.257999451195232,5.367999451195232
C1,2025-01-25,1.11,-0.628,0.6459846136080732,0.01798461360807324,1.0920153863919269
C1,2025-01-26,-3.89,-1.12,1.6154378599827801,0.49543785998278,4.38543785998278
C1,2025-01-27,-1.67,1.0,-0.19111847879686797,0.8088815212031321,2.478881521203132
C1,2025-01-28,1.67,3.799,-0.9040605823521647,2.8949394176478354,1.2249394176478354
C1,2025-01-29,3.89,6.24,-0.9711611339225142,5.268838866077486,1.3788388660774857
C1,2025-01-30,4.44,8.729,-0.678557092503394,8.050442907496604,3.610442907496604
C1,2025-01-31,10.0,5.709,1.015122697616825,6.724122697616824,3.2758773023831758
C1,2025-02-01,10.0,5.047,1.4704528364590674,6.517452836459067,3.482547163540933
C1,2025-02-02,16.67,11.1,3.2444208198290827,14.344420819829082,2.3255791801709194
C1,2025-02-03,15.56,13.501,1.0463895648812283,14.547389564881227,1.0126104351187735
C1,2025-02-04,15.0,8.244,1.3262122933988405,9.570212293398841,5.429787706601159
C1,2025-02-05,5.56,4.509,0.7922232134133508,5.301223213413351,0.2587767865866484
C1,2025-02-06,0.0,6.506,-0.07406572278312115,6.431934277216879,6.431934277216879
C1,2025-02-07,6.11,5.589,1.8756933980240493,7.46469339802405,1.3546933980240494
C1,2025-02-08,3.89,2.876,1.364866439189918,4.240866439189918,0.35086643918991767
C1,2025-02-09,3.33,3.017,0.21076383610434718,3.227763836104347,0.10223616389565304
C1,2025-02-10,2.22,3.079,0.5676952242915535,3.6466952242915536,1.4266952242915534
C1,2025-02-11,1.11,4.377,1.4385930612237172,5.815593061223717,4.705593061223717
C1,2025-02-12,0.0,1.563,0.02205513892869798,1.585055138928698,1.585055138928698
C1,2025-02-13,1.67,2.622,1.3977517440879752,4.019751744087975,2.3497517440879747
C1,2025-02-14,7.78,2.698,1.9081526517974567,4.606152651797457,3.1738473482025436
C1,2025-02-15,4.44,2.909,1.2525021756285857,4.161502175628586,0.27849782437141446
C1,2025-02-16,11.67,9.795,1.5564635089905665,11.351463508990566,0.31853649100943393
C1,2025-02-17,7.78,6.582,0.8207131209874532,7.402713120987453,0.377286879012547
C1,2025-02-18,7.22,6.945,1.4164327282642435,8.361432728264244,1.1414327282642445
C1,2025-02-19,13.89,8.844,2.3355085992605376,11.179508599260537,2.710491400739464
C1,2025-02-20,8.33,6.415,1.236747723753054,7.651747723753054,0.6782522762469458
C1,2025-02-21,9.44,8.607,0.5097176386353123,9.116717638635311,0.32328236136468824
C1,2025-02-22,12.78,12.826,0.5336524069584698,13.359652406958471,0.5796524069584716
C1,2025-02-23,15.56,11.856,0.6755378780570174,12.531537878057017,3.028462121942983
C1,2025-02-24,17.22,15.457,0.7235640259805411,16.18056402598054,1.039435974019458
C1,2025-02-25,16.11,12.26,0.630661168591758,12.890661168591757,3.2193388314082423
C1,2025-02-26,12.78,12.347,0.8767033481298336,13.223703348129833,0.4437033481298336
C1,2025-02-27,13.89,13.145,0.6292921754510614,13.77429217545106,0.1157078245489398
C1,2025-02-28,13.89,14.095,0.6956184483143564,14.790618448314357,0.900618448314356
C1,2025-03-01,15.56,15.866,0.998252894412949,16.86425289441295,1.304252894412949
C1,2025-03-02,8.33,5.717,1.478331682463821,7.195331682463821,1.1346683175361791
C1,2025-03-03,10.0,7.984,1.60394233146122,9.58794233146122,0.4120576685387807
C1,2025-03-04,9.44,9.973,1.3137317528066328,11.286731752806634,1.846731752806635
C1,2025-03-05,5.0,4.636,1.4563002646549035,6.092300264654904,1.092300264654904
C1,2025-03-06,3.89,3.854,1.1865938865835635,5.040593886583563,1.1505938865835632
C1,2025-03-07,6.11,4.475,1.5628414651730926,6.037841465173092,0.07215853482690804
C1,2025-03-08,8.33,9.243,0.10777449365441849,9.350774493654418,1.020774493654418
C1,2025-03-09,13.33,13.015,0.9861583853344383,14.001158385334438,0.6711583853344383
C1,2025-03-10,12.22,11.66,1.1421419368148396,12.80214193681484,0.5821419368148391
C1,2025-03-11,13.89,13.683,1.117217321312103,14.800217321312102,0.9102173213121016
C1,2025-03-12,13.89,12.401,2.0429119052509734,14.443911905250973,0.5539119052509722
C1,2025-03-13,5.56,4.371,1.7840619181777275,6.1550619181777275,0.5950619181777279
C1,2025-03-14,5.56,3.257,1.8999422951606768,5.156942295160677,0.40305770483932246
C1,2025-03-15,9.44,6.669,1.501183258572428,8.170183258572427,1.2698167414275723
C1,2025-03-16,16.11,11.456,3.182843251143714,14.638843251143713,1.471156748856286
C1,2025-03-17,5.56,4.241,1.5795478851478169,5.820547885147817,0.2605478851478171
C1,2025-03-18,6.11,4.859,1.4570946239565765,6.316094623956577,0.2060946239565764
C1,2025-03-19,8.89,9.908,1.4614154517330675,11.369415451733067,2.4794154517330664
C1,2025-03-20,9.44,8.388,1.248385057771602,9.636385057771601,0.19638505777160198
C1,2025-03-21,11.67,10.995,1.2999032067934333,12.294903206793432,0.6249032067934319
C1,2025-03-22,11.67,10.444,2.6615998293257697,13.10559982932577,1.4355998293257706
C1,2025-03-23,16.11,14.313,1.7339936004966015,16.046993600496602,0.06300639950339715
C1,2025-03-24,19.44,18.086,1.7255737940243219,19.81157379402432,0.371573794024318
C1,2025-03-25,21.67,20.338,1.8977096720003912,22.235709672000393,0.5657096720003914
C1,2025-03-26,24.44,21.812,2.704766229582895,24.516766229582895,0.07676622958289414
C1,2025-03-27,16.67,12.14,2.558665190556915,14.698665190556916,1.9713348094430856
C1,2025-03-28,12.22,10.371,1.3025537316070486,11.673553731607049,0.5464462683929519
C1,2025-03-29,8.89,8.096,1.1868071393669049,9.282807139366906,0.39280713936690503
C1,2025-03-30,15.0,10.106,2.362408116688475,12.468408116688476,2.531591883311524
C1,2025-03-31,2.78,5.77,2.3883748081012697,8.15837480810127,5.37837480810127
C1,2025-04-01,5.56,5.149,1.2215952642557797,6.37059526425578,0.8105952642557801
C1,2025-04-02,5.0,4.843,1.3389081591464214,6.181908159146421,1.1819081591464213
C1,2025-04-03,9.44,7.513,1.6146510952296178,9.127651095229618,0.31234890477038135
C1,2025-04-04,10.0,9.782,0.8553930790878584,10.63739307908786,0.6373930790878592
C1,2025-04-05,13.89,12.694,0.9358686742146543,13.629868674214656,0.2601313257853448
C1,2025-04-06,18.33,18.073,0.8225089148104238,18.895508914810424,0.565508914810426
C1,2025-04-07,17.78,13.122,2.0943108268719333,15.216310826871933,2.5636891731280684
C1,2025-04-08,18.33,17.003,0.65033452112787,17.65333452112787,0.6766654788721276
C1,2025-04-09,20.0,19.128,1.4255634570510631,20.553563457051062,0.5535634570510624
C1,2025-04-10,21.67,22.308,1.267333306822006,23.575333306822007,1.9053333068220049
C1,2025-04-11,22.78,22.166,0.9728236072477258,23.138823607247726,0.3588236072477251
C1,2025-04-12,18.89,18.493,1.3189438367468704,19.81194383674687,0.9219438367468697
C1,2025-04-13,13.89,14.789,0.6415935824096493,15.43059358240965,1.5405935824096488
C1,2025-04-14,20.0,18.647,1.4391647416023723,20.08616474160237,0.08616474160237075
C1,2025-04-15,23.33,21.683,1.8143128868743499,23.49731288687435,0.16731288687435253
C1,2025-04-16,21.67,21.076,1.7766839270129362,22.852683927012936,1.1826839270129348
C1,2025-04-17,15.0,14.196,1.6022371902853731,15.798237190285374,0.7982371902853735
C1,2025-04-18,11.67,11.085,0.8776254172968742,11.962625417296875,0.2926254172968754
C1,2025-04-19,17.78,17.363,1.2714676379818854,18.634467637981885,0.8544676379818839
C1,2025-04-20,20.56,20.651,1.093525210835986,21.744525210835985,1.1845252108359858
C1,2025-04-21,18.33,18.045,1.2242602694524625,19.269260269452463,0.9392602694524648
C1,2025-04-22,21.11,20.68,1.465289184261829,22.145289184261827,1.0352891842618277
C1,2025-04-23,18.33,18.736,1.8837794419760643,20.619779441976064,2.2897794419760658
C1,2025-04-24,17.78,17.427,1.3401663908292123,18.76716639082921,0.9871663908292092
C1,2025-04-25,10.0,13.267,0.996322319962987,14.263322319962986,4.263322319962986
C1,2025-04-26,3.89,9.688,2.340277000312287,12.028277000312288,8.138277000312288
C1,2025-04-27,9.44,5.809,1.782001496411657,7.591001496411657,1.8489985035883425
C1,2025-04-28,15.0,14.522,1.2048959570546522,15.726895957054653,0.7268959570546532
C1,2025-04-29,19.44,19.12,1.3926187711769455,20.512618771176946,1.0726187711769448
C1,2025-04-30,18.89,18.243,1.4363970360808298,19.67939703608083,0.7893970360808282
C1,2025-05-01,21.11,19.918,1.2577186782529965,21.175718678252995,0.06571867825299549
C1,2025-05-02,24.44,23.258,1.3993100925355706,24.65731009253557,0.21731009253556977
C1,2025-05-03,20.0,16.352,0.5479767429431589,16.89997674294316,3.10002325705684
C1,2025-05-04,9.44,8.606,2.360894072831809,10.96689407283181,1.5268940728318103
C1,2025-05-05,13.89,13.589,0.6727276645125193,14.26172766451252,0.3717276645125196
C1,2025-05-06,16.67,16.306,0.8188125862374562,17.124812586237457,0.45481258623745546
C1,2025-05-07,21.11,21.606,1.2491773622287317,22.855177362228734,1.745177362228734
C1,2025-05-08,23.89,23.535,1.3107994362402964,24.845799436240295,0.9557994362402944
C1,2025-05-09,28.33,26.782,1.0879615661651887,27.869961566165188,0.4600384338348107
C1,2025-05-10,28.89,27.519,1.3023261859295394,28.82132618592954,0.06867381407046125
C1,2025-05-11,21.11,21.014,1.779020625857692,22.793020625857693,1.6830206258576936
C1,2025-05-12,13.33,11.806,2.268854448319145,14.074854448319144,0.7448544483191437
C1,2025-05-13,11.67,12.403,1.2856111961134935,13.688611196113493,2.0186111961134934
C1,2025-05-14,14.44,16.178,0.644070497962596,16.822070497962596,2.382070497962596
C1,2025-05-15,20.0,20.811,0.8856801464451939,21.696680146445193,1.6966801464451926
C1,2025-05-16,20.0,18.224,0.38969374087900543,18.613693740879004,1.386306259120996
C1,2025-05-17,15.56,9.913,2.5486481947084094,12.46164819470841,3.098351805291591
C1,2025-05-18,16.11,16.202,1.0207756394302698,17.22277563943027,1.1127756394302715
C1,2025-05-19,18.33,18.575,1.1484421443682098,19.72344214436821,1.393442144368212
C1,2025-05-20,23.89,23.603,1.006899538431081,24.609899538431083,0.7198995384310827
C1,2025-05-21,23.89,24.205,0.4889367225844571,24.693936722584457,0.8039367225844565
C1,2025-05-22,25.0,23.364,1.1016912651041981,24.465691265104198,0.5343087348958022
C1,2025-05-23,22.22,22.396,-0.08157473462399349,22.314425265376006,0.0944252653760067
C1,2025-05-24,23.89,23.37,1.278966477796732,24.648966477796733,0.7589664777967329
C1,2025-05-25,28.33,27.362,0.6440856684999715,28.00608566849997,0.3239143315000277
C1,2025-05-26,23.33,22.377,0.9365360485617623,23.31353604856176,0.016463951438236535
C1,2025-05-27,26.11,25.639,0.6607276030481241,26.299727603048122,0.18972760304812297
C1,2025-05-28,30.0,28.201,0.924588786901073,29.125588786901073,0.8744112130989272
C1,2025-05-29,28.89,27.78,1.1822117176008688,28.96221171760087,0.07221171760086875
C1,2025-05-30,31.11,31.302,0.8746011080797377,32.17660110807974,1.0666011080797375
C1,2025-05-31,33.89,34.025,0.31621044178833707,34.341210441788334,0.4512104417883336
C1,2025-06-01,32.22,30.651,0.7077181812237223,31.358718181223722,0.861281818776277
C1,2025-06-02,25.0,26.214,1.159659373099568,27.373659373099567,2.373659373099567
C1,2025-06-03,27.22,26.611,0.5544860018053804,27.16548600180538,0.05451399819461855
C1,2025-06-04,24.44,24.943,0.916217248452957,25.859217248452957,1.4192172484529557
C1,2025-06-05,27.22,26.633,1.0381201908746904,27.67112019087469,0.4511201908746898
C1,2025-06-06,27.22,27.538,1.1757557299304022,28.7137557299304,1.4937557299304025
C1,2025-06-07,31.11,29.731,1.2457070829199635,30.976707082919965,0.1332929170800341
C1,2025-06-08,32.78,31.527,1.0556584335243842,32.58265843352439,0.19734156647561463
C1,2025-06-09,31.11,31.019,1.137865898750308,32.156865898750304,1.0468658987503048
C1,2025-06-10,33.33,31.94,0.5511737264169377,32.49117372641694,0.8388262735830594
C1,2025-06-11,31.11,30.872,0.445970405304023,31.317970405304024,0.20797040530402455
C1,2025-06-12,27.22,27.915,-0.42536818507736707,27.48963181492263,0.2696318149226329
C1,2025-06-13,27.78,27.525,0.2841530919361526,27.80915309193615,0.029153091936148456
C1,2025-06-14,27.78,29.062,0.2876082379961685,29.34960823799617,1.5696082379961673
C1,2025-06-15,26.67,28.966,0.331312180317895,29.297312180317896,2.627312180317894
C1,2025-06-16,28.89,28.417,0.6068919263920367,29.02389192639204,0.13389192639203884
C1,2025-06-17,26.67,27.411,0.5702394873951244,27.981239487395126,1.3112394873951239
C1,2025-06-18,31.11,31.504,0.5592504187468301,32.06325041874683,0.9532504187468334
C1,2025-06-19,32.22,31.792,0.6471329763341067,32.43913297633411,0.21913297633410878
C1,2025-06-20,25.56,23.231,1.5491070508903153,24.780107050890315,0.7798929491096835
C1,2025-06-21,15.0,15.361,0.843534377074402,16.204534377074403,1.2045343770744026
C1,2025-06-22,17.78,18.558,0.2517445888698674,18.80974458886987,1.0297445888698675
C1,2025-06-23,22.22,22.373,0.6663932232397056,23.039393223239706,0.8193932232397074
C1,2025-06-24,26.67,25.704,1.2859209383199028,26.989920938319905,0.3199209383199033
C1,2025-06-25,29.44,29.973,0.16748436820468063,30.140484368204678,0.7004843682046769
C1,2025-06-26,28.89,29.848,-0.06352576332699997,29.784474236673,0.8944742366729983
C1,2025-06-27,28.89,30.276,0.3188966385611473,30.594896638561146,1.704896638561145
C1,2025-06-28,30.56,30.944,0.7305269968365306,31.67452699683653,1.1145269968365312
C1,2025-06-29,32.22,31.877,1.1423740049822393,33.01937400498224,0.7993740049822406
C1,2025-06-30,33.33,33.322,-0.01860713182054311,33.30339286817946,0.02660713182054053
C1,2025-07-01,32.78,31.993,0.2870632731838159,32.28006327318381,0.4999367268161876
C1,2025-07-02,31.67,29.92,0.74383667257114,30.66383667257114,1.0061633274288617
C1,2025-07-03,31.11,32.117,-0.11676088051600574,32.00023911948399,0.8902391194839936
C1,2025-07-04,26.11,26.315,1.1117544735817921,27.426754473581795,1.3167544735817955
C1,2025-07-05,26.11,27.224,0.1444538144177179,27.36845381441772,1.2584538144177202
C1,2025-07-06,30.56,30.082,0.35095612876135324,30.432956128761354,0.12704387123864436
C1,2025-07-07,31.67,32.234,0.0867469208089322,32.320746920808936,0.6507469208089347
C1,2025-07-08,32.22,31.027,0.11889737384188909,31.14589737384189,1.0741026261581084
C1,2025-07-09,30.56,29.933,0.20789817063233162,30.140898170632333,0.4191018293676656
C1,2025-07-10,28.89,29.971,0.3698883888476927,30.34088838884769,1.450888388847691
C1,2025-07-11,33.33,32.812,0.6914468594850074,33.503446859485,0.17344685948500427
C1,2025-07-12,35.56,34.819,0.2368662307694936,35.055866230769496,0.5041337692305063
C1,2025-07-13,36.11,35.319,0.7498810185742911,36.068881018574295,0.04111898142570425
C1,2025-07-14,36.11,35.894,0.018691859505243814,35.912691859505244,0.19730814049475498
C1,2025-07-15,35.0,35.285,-0.15127555360375144,35.13372444639624,0.13372444639624348
C1,2025-07-16,31.67,32.217,0.17804982349763734,32.39504982349764,0.7250498234976348
C1,2025-07-17,31.11,32.107,0.30915139016245535,32.416151390162455,1.306151390162455
C1,2025-07-18,31.11,31.735,0.023589053938483612,31.758589053938483,0.6485890539384833
C1,2025-07-19,32.22,32.208,0.12415427603098421,32.332154276030984,0.11215427603098505
C1,2025-07-20,31.67,32.461,0.08804130496487168,32.549041304964874,0.879041304964872
C1,2025-07-21,30.0,29.489,0.37589797788504936,29.86489797788505,0.1351020221149497
C1,2025-07-22,25.0,26.773,0.10820376216023354,26.881203762160233,1.8812037621602329
C1,2025-07-23,28.33,27.715,1.060747464492748,28.77574746449275,0.4457474644927508
C1,2025-07-24,28.33,28.432,0.9769269405400179,29.408926940540017,1.0789269405400184
C1,2025-07-25,28.33,27.031,0.8382600403795727,27.869260040379572,0.460739959620426
C1,2025-07-26,27.78,26.916,0.6383954315583703,27.55439543155837,0.22560456844163213
C1,2025-07-27,26.67,27.198,1.0433979339844501,28.24139793398445,1.57139793398445
C1,2025-07-28,27.78,28.204,0.7557935185916755,28.959793518591677,1.1797935185916764
C1,2025-07-29,30.56,30.331,0.5667205390855383,30.897720539085537,0.337720539085538
C1,2025-07-30,30.56,27.8,1.0195821796656315,28.81958217966563,1.7404178203343683
C1,2025-07-31,27.78,28.07,1.1505957550160772,29.220595755016078,1.4405957550160764
C2,2024-08-01,34.44,34.169,0.5351015216780287,34.70410152167803,0.2641015216780289
C2,2024-08-02,35.0,34.276,-0.005540119041151409,34.27045988095885,0.7295401190411468
C2,2024-08-03,32.22,28.464,0.5683808759139657,29.032380875913965,3.1876191240860337
C2,2024-08-04,31.67,32.079,0.4641966122164982,32.5431966122165,0.8731966122164962
C2,2024-08-05,34.44,34.419,-0.058992840645996296,34.360007159354,0.07999284064599976
C2,2024-08-06,35.0,34.961,-0.14292085566519974,34.818079144334796,0.18192085566520433
C2,2024-08-07,35.0,35.034,-0.05808587245643188,34.97591412754357,0.0240858724564319
C2,2024-08-08,35.0,34.569,-0.07899222257872983,34.490007777421276,0.5099922225787239
C2,2024-08-09,34.44,34.231,0.012486047670752027,34.24348604767076,0.19651395232924074
C2,2024-08-10,32.22,34.266,-0.11918551627087667,34.14681448372912,1.9268144837291246
C2,2024-08-11,30.56,33.209,-0.1016125395293476,33.107387460470655,2.547387460470656
C2,2024-08-12,32.22,30.601,0.06266740074630925,30.66366740074631,1.5563325992536896
C2,2024-08-13,28.89,28.651,0.2820027234928726,28.933002723492873,0.043002723492872263
C2,2024-08-14,27.78,29.427,-0.9784165844650478,28.44858341553495,0.6685834155349504
C2,2024-08-15,28.89,29.876,-0.22462109825807897,29.65137890174192,0.7613789017419208
C2,2024-08-16,28.89,29.407,-0.11536671917352005,29.29163328082648,0.40163328082648064
C2,2024-08-17,30.56,28.968,0.5902034994590705,29.558203499459072,1.0017965005409266
C2,2024-08-18,29.44,28.183,0.2834743561745302,28.46647435617453,0.9735256438254716
C2,2024-08-19,30.0,29.986,-0.32407614026887277,29.66192385973113,0.33807614026887123
C2,2024-08-20,28.33,29.693,0.053101958363332286,29.746101958363333,1.4161019583633347
C2,2024-08-21,27.78,28.439,-0.5876964157634882,27.85130358423651,0.07130358423651018
C2,2024-08-22,27.78,27.844,-0.22615717262367235,27.61784282737633,0.16215717262367235
C2,2024-08-23,19.44,19.448,0.3587077654052948,19.806707765405296,0.3667077654052946
C2,2024-08-24,11.11,12.591,1.1052717258713238,13.696271725871323,2.586271725871324
C2,2024-08-25,17.78,19.269,1.1832329212099155,20.452232921209912,2.672232921209911
C2,2024-08-26,23.33,25.178,0.3875356286106264,25.565535628610625,2.235535628610627
C2,2024-08-27,28.33,29.618,0.6137670888159507,30.23176708881595,1.9017670888159515
C2,2024-08-28,28.33,29.541,-0.05496070726830399,29.486039292731697,1.1560392927316983
C2,2024-08-29,29.44,30.458,0.776834155348634,31.234834155348633,1.7948341553486316
C2,2024-08-30,31.67,31.672,0.5299683384293936,32.201968338429396,0.5319683384293938
C2,2024-08-31,31.11,31.998,0.2234602893554394,32.22146028935544,1.111460289355442
C2,2024-09-01,32.78,31.915,0.14204178717045549,32.057041787170455,0.7229582128295462
C2,2024-09-02,31.67,30.426,0.9133422943785854,31.339342294378582,0.3306577056214195
C2,2024-09-03,27.78,28.71,0.19026729589726832,28.90026729589727,1.1202672958972677
C2,2024-09-04,30.0,30.631,0.558160673513515,31.189160673513516,1.1891606735135163
C2,2024-09-05,31.11,32.13,0.22342784114160408,32.35342784114161,1.2434278411416102
C2,2024-09-06,32.78,32.835,-0.19870059977196564,32.63629940022803,0.14370059977196803
C2,2024-09-07,33.89,32.645,0.20082455796335635,32.84582455796336,1.0441754420366394
C2,2024-09-08,31.11,30.951,0.058835280251387005,31.009835280251387,0.10016471974861219
C2,2024-09-09,29.44,31.411,-0.376769753603452,31.03423024639655,1.594230246396549
C2,2024-09-10,28.89,30.486,-0.14815160291221524,30.337848397087786,1.4478483970877853
C2,2024-09-11,26.11,25.097,1.2503517318888722,26.347351731888875,0.23735173188887515
C2,2024-09-12,19.44,20.062,0.42777473381340725,20.48977473381341,1.0497747338134076
C2,2024-09-13,23.33,23.992,0.7593181660808108,24.75131816608081,1.4213181660808125
C2,2024-09-14,27.22,27.526,-0.4442776557291198,27.08172234427088,0.13827765572911943
C2,2024-09-15,25.56,24.605,0.4933264571542994,25.0983264571543,0.4616735428456984
C2,2024-09-16,17.22,16.777,-0.37958746347040817,16.397412536529593,0.8225874634704056
C2,2024-09-17,16.67,19.68,0.6867173043473483,20.366717304347347,3.696717304347345
C2,2024-09-18,18.89,17.625,0.35506255067031234,17.98006255067031,0.9099374493296892
C2,2024-09-19,18.89,20.529,0.6229122454008875,21.151912245400887,2.261912245400886
C2,2024-09-20,23.33,23.549,0.6518332407987115,24.200833240798712,0.8708332407987136
C2,2024-09-21,23.89,24.249,0.6905210417691126,24.93952104176911,1.0495210417691112
C2,2024-09-22,23.89,24.415,0.621527999714488,25.036527999714487,1.1465279997144862
C2,2024-09-23,25.56,25.841,0.3500471556334362,26.191047155633438,0.6310471556334392
C2,2024-09-24,27.22,28.062,-0.5018665606650077,27.560133439334994,0.34013343933499485
C2,2024-09-25,31.11,29.579,0.4388705119246773,30.017870511924677,1.0921294880753223
C2,2024-09-26,26.67,26.83,-0.15767934961272667,26.67232065038727,0.0023206503872685857
C2,2024-09-27,27.78,28.571,-0.5119713152444103,28.059028684755592,0.27902868475559117
C2,2024-09-28,29.44,30.381,-0.46114370023824064,29.919856299761758,0.4798562997617566
C2,2024-09-29,27.22,28.365,-0.32368265918723266,28.041317340812764,0.8213173408127652
C2,2024-09-30,24.44,25.777,0.6333587420530038,26.410358742053006,1.9703587420530049
C2,2024-10-01,26.11,29.56,-0.7125236648999466,28.84747633510005,2.7374763351000517
C2,2024-10-02,30.0,32.119,-0.7352627363179112,31.38373726368209,1.3837372636820895
C2,2024-10-03,28.89,30.99,-1.0519438792598323,29.938056120740168,1.048056120740167
C2,2024-10-04,28.89,28.129,0.6144356534502351,28.743435653450238,0.1465643465497628
C2,2024-10-05,28.89,28.957,-0.022983097173274642,28.934016902826727,0.04401690282672632
C2,2024-10-06,27.78,28.676,-0.14174409706902996,28.53425590293097,0.7542559029309679
C2,2024-10-07,25.56,27.564,-0.48337258280465273,27.08062741719535,1.5206274171953496
C2,2024-10-08,26.67,27.608,-0.4308542412181539,27.177145758781847,0.5071457587818458
C2,2024-10-09,26.11,27.925,-0.1619472647883375,27.763052735211662,1.6530527352116628
C2,2024-10-10,25.56,26.037,-0.8790661709328063,25.157933829067193,0.4020661709328053
C2,2024-10-11,23.89,25.512,-0.819927634848439,24.69207236515156,0.8020723651515596
C2,2024-10-12,25.0,23.365,0.5563698713542446,23.921369871354244,1.0786301286457558
C2,2024-10-13,20.0,20.438,0.06795830656957669,20.505958306569575,0.5059583065695747
C2,2024-10-14,22.22,22.964,0.2575009008244193,23.221500900824417,1.0015009008244178
C2,2024-10-15,23.33,24.698,-0.6080197309231867,24.089980269076815,0.7599802690768165
C2,2024-10-16,16.11,15.759,0.07183467753134369,15.830834677531344,0.2791653224686552
C2,2024-10-17,10.0,16.205,0.48770166521977665,16.692701665219776,6.692701665219776
C2,2024-10-18,10.0,9.399,0.3446940551023618,9.743694055102361,0.2563059448976386
C2,2024-10-19,14.44,15.073,-0.17223242969081318,14.900767570309187,0.46076757030918714
C2,2024-10-20,16.67,19.299,-0.7929596406657535,18.506040359334246,1.8360403593342447
C2,2024-10-21,21.67,20.859,0.6335659543249124,21.492565954324913,0.17743404567508847
C2,2024-10-22,18.33,20.009,-2.3503858539696036,17.658614146030395,0.6713858539696034
C2,2024-10-23,22.78,24.259,0.27136663781803544,24.530366637818037,1.7503666378180363
C2,2024-10-24,12.78,13.626,-0.49566242156190227,13.130337578438096,0.3503375784380971
C2,2024-10-25,12.22,18.815,-1.8915136642425576,16.923486335757445,4.703486335757445
C2,2024-10-26,18.33,21.685,-1.2100540971754306,20.47494590282457,2.1449459028245705
C2,2024-10-27,20.56,19.921,0.6387276637581826,20.55972766375818,0.0002723362418173281
C2,2024-10-28,12.22,11.601,0.3933109537353768,11.994310953735377,0.22568904626462327
C2,2024-10-29,8.33,7.918,0.863388620387295,8.781388620387295,0.451388620387295
C2,2024-10-30,6.67,12.799,-2.1532404149588165,10.645759585041183,3.9757595850411835
C2,2024-10-31,11.11,9.689,1.458411351689184,11.147411351689184,0.03741135168918497
C2,2024-11-01,10.0,11.487,-2.862632263980366,8.624367736019634,1.375632263980366
C2,2024-11-02,11.11,11.104,1.5604394066026952,12.664439406602694,1.554439406602695
C2,2024-11-03,8.89,8.041,1.3707102343396642,9.411710234339665,0.5217102343396647
C2,2024-11-04,9.44,10.718,-1.7646192561175655,8.953380743882434,0.4866192561175655
C2,2024-11-05,10.56,13.374,0.624575980475476,13.998575980475476,3.438575980475475
C2,2024-11-06,6.11,6.127,0.841790294052948,6.968790294052948,0.8587902940529473
C2,2024-11-07,10.56,10.248,-1.6027957246932054,8.645204275306794,1.9147957246932066
C2,2024-11-08,11.11,14.344,-1.7658432379263203,12.578156762073679,1.4681567620736793
C2,2024-11-09,11.67,15.949,-0.3374362203959626,15.611563779604037,3.941563779604037
C2,2024-11-10,15.0,17.01,-2.142968062530539,14.867031937469463,0.13296806253053717
C2,2024-11-11,12.78,9.841,2.1722756349018075,12.013275634901806,0.7667243650981934
C2,2024-11-12,8.89,7.644,-1.6620833145966005,5.9819166854034,2.9080833145966007
C2,2024-11-13,16.67,14.563,1.068740983509845,15.631740983509845,1.0382590164901568
C2,2024-11-14,11.67,9.135,-0.927266190430506,8.207733809569493,3.4622661904305065
C2,2024-11-15,2.78,4.72,0.7494972170476019,5.469497217047602,2.689497217047602
C2,2024-11-16,3.33,4.245,-0.9951586124479443,3.2498413875520558,0.08015861244794431
C2,2024-11-17,6.67,12.957,-3.0167923656127846,9.940207634387216,3.2702076343872157
C2,2024-11-18,6.67,4.6,-0.07302091530810895,4.526979084691891,2.1430209153081092
C2,2024-11-19,3.33,6.681,-1.15139386086856,5.52960613913144,2.19960613913144
C2,2024-11-20,12.22,11.26,1.1868133908124385,12.446813390812439,0.22681339081243834
C2,2024-11-21,15.0,9.871,-0.30352636829033497,9.567473631709666,5.432526368290334
C2,2024-11-22,17.22,12.883,0.33910817817080285,13.222108178170801,3.9978918218291977
C2,2024-11-23,10.56,7.935,2.4484774606357416,10.383477460635742,0.17652253936425844
C2,2024-11-24,6.11,5.721,-1.16309844545884,4.55790155454116,1.5520984454588405
C2,2024-11-25,5.56,7.674,-0.7004434964001297,6.973556503599871,1.413556503599871
C2,2024-11-26,8.33,5.681,1.4385872708010148,7.119587270801015,1.2104127291989855
C2,2024-11-27,4.44,4.533,0.2629385778043971,4.795938577804398,0.3559385778043973
C2,2024-11-28,3.89,5.383,-0.610014398176197,4.7729856018238035,0.8829856018238034
C2,2024-11-29,2.78,8.555,-3.4829181224288632,5.0720818775711365,2.2920818775711367
C2,2024-11-30,2.78,11.056,-3.785865211319637,7.2701347886803624,4.490134788680363
C2,2024-12-01,-0.56,10.141,-4.172573164920297,5.968426835079703,6.528426835079703
C2,2024-12-02,4.44,10.8,-2.920699169679109,7.879300830320892,3.4393008303208914
C2,2024-12-03,5.56,10.84,-3.0951022838446645,7.744897716155336,2.1848977161553362
C2,2024-12-04,6.11,11.537,-3.8897499372583564,7.647250062741644,1.537250062741644
C2,2024-12-05,7.22,11.685,-2.8154347063193583,8.869565293680642,1.6495652936806424
C2,2024-12-06,6.11,10.658,-1.7083449094965857,8.949655090503414,2.839655090503414
C2,2024-12-07,6.67,13.363,-3.9292084852635147,9.433791514736484,2.763791514736484
C2,2024-12-08,8.33,10.69,-0.5932713878105604,10.09672861218944,1.7667286121894392
C2,2024-12-09,5.56,5.75,-2.0374994532548105,3.7125005467451895,1.8474994532548101
C2,2024-12-10,2.22,6.659,-1.7971197666167946,4.861880233383205,2.641880233383205
C2,2024-12-11,2.22,10.43,-4.693848235766169,5.73615176423383,3.5161517642338302
C2,2024-12-12,7.22,6.807,-0.007212585114805652,6.799787414885195,0.42021258511480486
C2,2024-12-13,8.33,7.267,-0.11274298244890574,7.154257017551094,1.1757429824489058
C2,2024-12-14,1.11,3.242,0.3330733645140603,3.5750733645140604,2.46507336451406
C2,2024-12-15,2.22,3.057,-0.40246004900213783,2.654539950997862,0.4345399509978618
C2,2024-12-16,5.56,5.897,-0.7331751040093248,5.163824895990675,0.3961751040093242
C2,2024-12-17,8.33,6.541,0.3602582017240289,6.901258201724029,1.4287417982759711
C2,2024-12-18,7.22,8.882,-2.506734996931811,6.375265003068188,0.8447349969318116
C2,2024-12-19,7.22,11.309,-2.6260982507058,8.6829017492942,1.4629017492941996
C2,2024-12-20,6.67,12.83,-3.3508562281801857,9.479143771819814,2.809143771819814
C2,2024-12-21,11.67,9.716,-0.04954468306865728,9.666455316931343,2.0035446830686574
C2,2024-12-22,11.67,8.785,-0.7097430874767297,8.07525691252327,3.594743087476729
C2,2024-12-23,11.67,11.017,-1.2517779767508461,9.765222023249153,1.9047779767508466
C2,2024-12-24,8.33,7.407,-0.0814668254311254,7.325533174568875,1.004466825431125
C2,2024-12-25,3.33,5.727,-2.109473872418749,3.617526127581251,0.28752612758125107
C2,2024-12-26,9.44,8.316,2.2266736625860863,10.542673662586086,1.1026736625860867
C2,2024-12-27,13.89,10.199,2.2458991261148684,12.44489912611487,1.4451008738851314
C2,2024-12-28,14.44,8.702,1.0845413610794645,9.786541361079465,4.653458638920535
C2,2024-12-29,7.22,6.04,0.57749902180087,6.61749902180087,0.6025009781991297
C2,2024-12-30,3.89,3.456,-0.993045775533072,2.462954224466928,1.427045775533072
C2,2024-12-31,3.33,3.928,-0.21291891741440672,3.715081082585593,0.38508108258559304
C2,2025-01-01,9.44,8.69,0.9511373603611621,9.641137360361162,0.20113736036116237
C2,2025-01-02,12.22,12.075,-0.7710242338845467,11.303975766115453,0.9160242338845475
C2,2025-01-03,13.33,10.688,0.9552379365787484,11.64323793657875,1.6867620634212503
C2,2025-01-04,5.0,4.94,-0.2989025336820582,4.641097466317942,0.35890253368205816
C2,2025-01-05,7.78,7.741,-0.07668553910462235,7.664314460895377,0.1156855391046232
C2,2025-01-06,9.44,8.568,1.9235780717886952,10.491578071788695,1.0515780717886951
C2,2025-01-07,5.56,3.845,1.773687192996655,5.618687192996655,0.058687192996655035
C2,2025-01-08,3.89,5.892,-1.5926810831660723,4.299318916833928,0.4093189168339282
C2,2025-01-09,4.44,7.706,-2.223035025173458,5.482964974826542,1.0429649748265417
C2,2025-01-10,6.11,11.845,-3.144917070423967,8.700082929576034,2.5900829295760337
C2,2025-01-11,5.0,4.141,-0.7108897716859991,3.430110228314001,1.569889771685999
C2,2025-01-12,1.67,3.522,-1.5681674040736195,1.9538325959263803,0.2838325959263803
C2,2025-01-13,2.22,2.696,-0.05145329351592564,2.6445467064840744,0.4245467064840742
C2,2025-01-14,3.33,5.821,-2.6231304304306033,3.1978695695693964,0.13213043043060368
C2,2025-01-15,6.11,7.311,-2.8205238976285063,4.490476102371494,1.6195238976285067
C2,2025-01-16,5.0,8.734,-3.009837793051086,5.724162206948915,0.7241622069489146
C2,2025-01-17,8.89,9.944,-0.3402411409787953,9.603758859021205,0.7137588590212047
C2,2025-01-18,4.44,5.964,-0.07243580486962377,5.8915641951303765,1.4515641951303762
C2,2025-01-19,4.44,9.006,-2.150121774638375,6.855878225361625,2.4158782253616247
C2,2025-01-20,2.22,2.567,0.2743386380910685,2.841338638091069,0.6213386380910686
C2,2025-01-21,1.67,7.707,-2.953941330894398,4.753058669105602,3.0830586691056023
C2,2025-01-22,5.56,8.733,-1.131697747024449,7.601302252975552,2.0413022529755525
C2,2025-01-23,5.56,8.293,-1.2411441023108085,7.05185589768919,1.4918558976891907
C2,2025-01-24,3.89,11.337,-2.097124403149202,9.239875596850798,5.349875596850797
C2,2025-01-25,1.11,-0.628,0.5669442114379311,-0.06105578856206895,1.171055788562069
C2,2025-01-26,-3.89,-1.12,1.6198296094257292,0.49982960942572907,4.389829609425729
C2,2025-01-27,-1.67,1.0,-0.22813924211582573,0.7718607578841743,2.4418607578841742
C2,2025-01-28,1.67,3.799,-0.9103875781650776,2.8886124218349223,1.2186124218349224
C2,2025-01-29,3.89,6.24,-0.9842321538683582,5.255767846131642,1.3657678461316416
C2,2025-01-30,4.44,8.729,-0.7195068937417433,8.009493106258256,3.569493106258256
C2,2025-01-31,10.0,5.709,1.0379848298091738,6.746984829809174,3.2530151701908263
C2,2025-02-01,10.0,5.047,1.5169547615114207,6.56395476151142,3.43604523848858
C2,2025-02-02,16.67,11.1,3.2584134748008013,14.358413474800802,2.3115865251992
C2,2025-02-03,15.56,13.501,1.0624173232404053,14.563417323240404,0.996582676759596
C2,2025-02-04,15.0,8.244,1.325605995256082,9.569605995256081,5.430394004743919
C2,2025-02-05,5.56,4.509,0.7598913946373813,5.268891394637381,0.2911086053626182
C2,2025-02-06,0.0,6.506,-0.055069742955926065,6.4509302570440745,6.4509302570440745
C2,2025-02-07,6.11,5.589,1.8984645704492311,7.487464570449232,1.3774645704492317
C2,2025-02-08,3.89,2.876,1.3629622155713723,4.238962215571372,0.3489622155713721
C2,2025-02-09,3.33,3.017,0.2154640898046908,3.2324640898046906,0.0975359101953095
C2,2025-02-10,2.22,3.079,0.5420057882818139,3.6210057882818143,1.401005788281814
C2,2025-02-11,1.11,4.377,1.403408266639898,5.780408266639897,4.670408266639897
C2,2025-02-12,0.0,1.563,-0.012147863993478497,1.5508521360065215,1.5508521360065215
C2,2025-02-13,1.67,2.622,1.3969374960617005,4.0189374960617,2.3489374960617004
C2,2025-02-14,7.78,2.698,1.9337855004151352,4.631785500415135,3.1482144995848653
C2,2025-02-15,4.44,2.909,1.3018432870872825,4.2108432870872825,0.22915671291271789
C2,2025-02-16,11.67,9.795,1.5674821772820124,11.362482177282013,0.3075178227179869
C2,2025-02-17,7.78,6.582,0.772915304347777,7.354915304347777,0.42508469565222295
C2,2025-02-18,7.22,6.945,1.4337482142824522,8.378748214282453,1.1587482142824532
C2,2025-02-19,13.89,8.844,2.422413733798227,11.266413733798228,2.623586266201773
C2,2025-02-20,8.33,6.415,1.187357018248253,7.602357018248253,0.7276429817517469
C2,2025-02-21,9.44,8.607,0.5007366256811828,9.107736625681182,0.33226337431881703
C2,2025-02-22,12.78,12.826,0.5337811082696293,13.35978110826963,0.5797811082696303
C2,2025-02-23,15.56,11.856,0.637818775377228,12.493818775377228,3.066181224622772
C2,2025-02-24,17.22,15.457,0.7490359939731781,16.206035993973178,1.0139640060268214
C2,2025-02-25,16.11,12.26,0.5757635050744049,12.835763505074405,3.274236494925594
C2,2025-02-26,12.78,12.347,0.8551329964170402,13.20213299641704,0.42213299641704083
C2,2025-02-27,13.89,13.145,0.6156469394059123,13.760646939405913,0.12935306059408802
C2,2025-02-28,13.89,14.095,0.6981850677195481,14.793185067719548,0.9031850677195479
C2,2025-03-01,15.56,15.866,1.0054198550211786,16.871419855021177,1.3114198550211764
C2,2025-03-02,8.33,5.717,1.5204791006707088,7.237479100670709,1.0925208993292914
C2,2025-03-03,10.0,7.984,1.6635950022922266,9.647595002292226,0.3524049977077741
C2,2025-03-04,9.44,9.973,1.2708152528099055,11.243815252809906,1.8038152528099065
C2,2025-03-05,5.0,4.636,1.5180604265512367,6.154060426551236,1.1540604265512364
C2,2025-03-06,3.89,3.854,1.1071550668196557,4.961155066819655,1.0711550668196552
C2,2025-03-07,6.11,4.475,1.5998883370909154,6.074888337090915,0.03511166290908552
C2,2025-03-08,8.33,9.243,0.11232187460770854,9.355321874607709,1.0253218746077088
C2,2025-03-09,13.33,13.015,0.9756302041993992,13.9906302041994,0.6606302041993999
C2,2025-03-10,12.22,11.66,1.0986542369234207,12.758654236923421,0.5386542369234206
C2,2025-03-11,13.89,13.683,1.0960131410501959,14.779013141050196,0.8890131410501958
C2,2025-03-12,13.89,12.401,2.0720907852541353,14.473090785254135,0.583090785254134
C2,2025-03-13,5.56,4.371,1.7940490397466349,6.165049039746635,0.6050490397466355
C2,2025-03-14,5.56,3.257,1.913243350174194,5.170243350174194,0.3897566498258058
C2,2025-03-15,9.44,6.669,1.481907188588726,8.150907188588725,1.2890928114112743
C2,2025-03-16,16.11,11.456,3.2278428617534884,14.683842861753488,1.426157138246511
C2,2025-03-17,5.56,4.241,1.526455087281899,5.767455087281899,0.20745508728189943
C2,2025-03-18,6.11,4.859,1.4498071160489834,6.308807116048984,0.19880711604898327
C2,2025-03-19,8.89,9.908,1.4480542459399826,11.356054245939982,2.466054245939981
C2,2025-03-20,9.44,8.388,1.2645513433422555,9.652551343342255,0.21255134334225545
C2,2025-03-21,11.67,10.995,1.3224488234728697,12.31744882347287,0.6474488234728693
C2,2025-03-22,11.67,10.444,2.697128651187709,13.14112865118771,1.4711286511877102
C2,2025-03-23,16.11,14.313,1.7306303898316935,16.043630389831694,0.06636961016830512
C2,2025-03-24,19.44,18.086,1.7302551359867184,19.816255135986715,0.3762551359867139
C2,2025-03-25,21.67,20.338,1.9035198493403664,22.241519849340367,0.5715198493403655
C2,2025-03-26,24.44,21.812,2.7196005151331777,24.531600515133178,0.09160051513317669
C2,2025-03-27,16.67,12.14,2.5905581198333527,14.730558119833354,1.9394418801666475
C2,2025-03-28,12.22,10.371,1.3028333815261572,11.673833381526158,0.5461666184738423
C2,2025-03-29,8.89,8.096,1.213724666374031,9.30972466637403,0.41972466637403016
C2,2025-03-30,15.0,10.106,2.4019461805364264,12.507946180536425,2.4920538194635746
C2,2025-03-31,2.78,5.77,2.37604142984846,8.14604142984846,5.36604142984846
C2,2025-04-01,5.56,5.149,1.21798970306022,6.36698970306022,0.8069897030602204
C2,2025-04-02,5.0,4.843,1.3660921215663435,6.209092121566344,1.2090921215663437
C2,2025-04-03,9.44,7.513,1.6152943814416019,9.128294381441602,0.3117056185583973
C2,2025-04-04,10.0,9.782,0.84089447720577,10.62289447720577,0.6228944772057705
C2,2025-04-05,13.89,12.694,0.9209502928411306,13.614950292841131,0.27504970715886934
C2,2025-04-06,18.33,18.073,0.8204006553101344,18.893400655310135,0.5634006553101365
C2,2025-04-07,17.78,13.122,2.0422574867892767,15.164257486789277,2.6157425132107246
C2,2025-04-08,18.33,17.003,0.6396979534863341,17.642697953486334,0.6873020465136648
C2,2025-04-09,20.0,19.128,1.445572461189634,20.573572461189634,0.5735724611896345
C2,2025-04-10,21.67,22.308,1.2750089001911584,23.583008900191157,1.913008900191155
C2,2025-04-11,22.78,22.166,1.0042381174817248,23.170238117481723,0.3902381174817222
C2,2025-04-12,18.89,18.493,1.3274389429995028,19.820438942999502,0.9304389429995013
C2,2025-04-13,13.89,14.789,0.6590833820540213,15.44808338205402,1.5580833820540203
C2,2025-04-14,20.0,18.647,1.4634501423761912,20.11045014237619,0.110450142376191
C2,2025-04-15,23.33,21.683,1.826747689754356,23.509747689754356,0.1797476897543575
C2,2025-04-16,21.67,21.076,1.793235184948812,22.869235184948813,1.1992351849488116
C2,2025-04-17,15.0,14.196,1.602949701526444,15.798949701526444,0.7989497015264444
C2,2025-04-18,11.67,11.085,0.902364158309283,11.987364158309283,0.31736415830928344
C2,2025-04-19,17.78,17.363,1.2946668957063712,18.65766689570637,0.8776668957063691
C2,2025-04-20,20.56,20.651,1.1253374423945266,21.776337442394528,1.2163374423945292
C2,2025-04-21,18.33,18.045,1.2214126186706442,19.266412618670646,0.9364126186706478
C2,2025-04-22,21.11,20.68,1.4895329104112969,22.169532910411295,1.0595329104112956
C2,2025-04-23,18.33,18.736,1.8986541483844632,20.634654148384463,2.304654148384465
C2,2025-04-24,17.78,17.427,1.3428223014793463,18.769822301479344,0.989822301479343
C2,2025-04-25,10.0,13.267,1.0061177322522088,14.273117732252208,4.273117732252208
C2,2025-04-26,3.89,9.688,2.372212179788961,12.060212179788962,8.170212179788962
C2,2025-04-27,9.44,5.809,1.7771425121270505,7.586142512127051,1.8538574878729488
C2,2025-04-28,15.0,14.522,1.1916433098619177,15.713643309861919,0.7136433098619186
C2,2025-04-29,19.44,19.12,1.3579699362651905,20.47796993626519,1.0379699362651884
C2,2025-04-30,18.89,18.243,1.4686959261184485,19.71169592611845,0.8216959261184478
C2,2025-05-01,21.11,19.918,1.259040049559154,21.177040049559153,0.06704004955915366
C2,2025-05-02,24.44,23.258,1.3779245681421886,24.635924568142187,0.1959245681421855
C2,2025-05-03,20.0,16.352,0.5377062302303808,16.88970623023038,3.110293769769619
C2,2025-05-04,9.44,8.606,2.376113530337242,10.98211353033724,1.5421135303372413
C2,2025-05-05,13.89,13.589,0.6326080694353379,14.221608069435339,0.3316080694353385
C2,2025-05-06,16.67,16.306,0.8338192974661179,17.13981929746612,0.46981929746611684
C2,2025-05-07,21.11,21.606,1.2521381209086526,22.858138120908656,1.7481381209086564
C2,2025-05-08,23.89,23.535,1.310267780704258,24.84526778070426,0.9552677807042578
C2,2025-05-09,28.33,26.782,1.0887150203399203,27.87071502033992,0.45928497966007953
C2,2025-05-10,28.89,27.519,1.2909731830203435,28.809973183020343,0.08002681697965741
C2,2025-05-11,21.11,21.014,1.7955424793975936,22.809542479397592,1.6995424793975928
C2,2025-05-12,13.33,11.806,2.292027535942873,14.098027535942872,0.7680275359428723
C2,2025-05-13,11.67,12.403,1.295565942521191,13.698565942521192,2.028565942521192
C2,2025-05-14,14.44,16.178,0.668832091618872,16.84683209161887,2.406832091618872
C2,2025-05-15,20.0,20.811,0.9124301089772753,21.723430108977276,1.7234301089772757
C2,2025-05-16,20.0,18.224,0.38912863292340427,18.613128632923406,1.3868713670765942
C2,2025-05-17,15.56,9.913,2.605384270839605,12.518384270839604,3.0416157291603962
C2,2025-05-18,16.11,16.202,1.039405881499015,17.241405881499016,1.1314058814990169
C2,2025-05-19,18.33,18.575,1.1535787850098325,19.72857878500983,1.398578785009832
C2,2025-05-20,23.89,23.603,1.003947263727303,24.606947263727303,0.7169472637273024
C2,2025-05-21,23.89,24.205,0.485430733434789,24.690430733434788,0.8004307334347871
C2,2025-05-22,25.0,23.364,1.1004229215952235,24.464422921595226,0.5355770784047742
C2,2025-05-23,22.22,22.396,-0.1072192330420078,22.28878076695799,0.06878076695799251
C2,2025-05-24,23.89,23.37,1.2776412802332593,24.64764128023326,0.7576412802332584
C2,2025-05-25,28.33,27.362,0.6422884916481522,28.00428849164815,0.3257115083518478
C2,2025-05-26,23.33,22.377,0.955135626426601,23.3321356264266,0.0021356264266003677
C2,2025-05-27,26.11,25.639,0.649684485816928,26.288684485816926,0.17868448581692675
C2,2025-05-28,30.0,28.201,0.9318838808000401,29.13288388080004,0.8671161191999595
C2,2025-05-29,28.89,27.78,1.188941358151732,28.96894135815173,0.07894135815173087
C2,2025-05-30,31.11,31.302,0.8848326982920198,32.18683269829202,1.0768326982920229
C2,2025-05-31,33.89,34.025,0.3093699210648279,34.33436992106483,0.4443699210648262
C2,2025-06-01,32.22,30.651,0.747352701427422,31.39835270142742,0.8216472985725787
C2,2025-06-02,25.0,26.214,1.16001482161237,27.37401482161237,2.37401482161237
C2,2025-06-03,27.22,26.611,0.572470667223601,27.183470667223602,0.03652933277639647
C2,2025-06-04,24.44,24.943,0.9422650366773001,25.8852650366773,1.4452650366772986
C2,2025-06-05,27.22,26.633,1.046737137972888,27.679737137972886,0.45973713797288696
C2,2025-06-06,27.22,27.538,1.186472631152109,28.72447263115211,1.5044726311521117
C2,2025-06-07,31.11,29.731,1.2475632167045683,30.97856321670457,0.13143678329543107
C2,2025-06-08,32.78,31.527,1.099115261366318,32.626115261366316,0.15388473863368546
C2,2025-06-09,31.11,31.019,1.1793727164878414,32.19837271648784,1.0883727164878394
C2,2025-06-10,33.33,31.94,0.5901417879405136,32.530141787940515,0.7998582120594833
C2,2025-06-11,31.11,30.872,0.4577312450771059,31.329731245077106,0.2197312450771065
C2,2025-06-12,27.22,27.915,-0.4234569946992213,27.491543005300777,0.2715430053007779
C2,2025-06-13,27.78,27.525,0.27775647615144566,27.802756476151444,0.02275647615144294
C2,2025-06-14,27.78,29.062,0.301366718252774,29.363366718252774,1.5833667182527726
C2,2025-06-15,26.67,28.966,0.3373693817414262,29.303369381741426,2.6333693817414243
C2,2025-06-16,28.89,28.417,0.6093245739405322,29.026324573940535,0.13632457394053432
C2,2025-06-17,26.67,27.411,0.5988922478100673,28.00989224781007,1.3398922478100666
C2,2025-06-18,31.11,31.504,0.5914174035002299,32.09541740350023,0.9854174035002288
C2,2025-06-19,32.22,31.792,0.6680170473882018,32.460017047388206,0.24001704738820706
C2,2025-06-20,25.56,23.231,1.5456929610687185,24.77669296106872,0.7833070389312802
C2,2025-06-21,15.0,15.361,0.8425515026118722,16.203551502611873,1.203551502611873
C2,2025-06-22,17.78,18.558,0.2532431985506301,18.81124319855063,1.03124319855063
C2,2025-06-23,22.22,22.373,0.6563138127985435,23.029313812798545,0.8093138127985462
C2,2025-06-24,26.67,25.704,1.271342411039427,26.975342411039428,0.30534241103942605
C2,2025-06-25,29.44,29.973,0.18310564297232038,30.15610564297232,0.7161056429723196
C2,2025-06-26,28.89,29.848,-0.04312877416969917,29.8048712258303,0.9148712258303
C2,2025-06-27,28.89,30.276,0.33625998153985187,30.61225998153985,1.7222599815398496
C2,2025-06-28,30.56,30.944,0.7511695702268046,31.695169570226803,1.1351695702268039
C2,2025-06-29,32.22,31.877,1.1664002375596219,33.043400237559624,0.8234002375596248
C2,2025-06-30,33.33,33.322,-0.015308313156853022,33.30669168684315,0.02330831315684634
C2,2025-07-01,32.78,31.993,0.30076638206734846,32.293766382067346,0.48623361793265474
C2,2025-07-02,31.67,29.92,0.7498616086586098,30.66986160865861,1.000138391341391
C2,2025-07-03,31.11,32.117,-0.1216697833275687,31.99533021667243,0.8853302166724291
C2,2025-07-04,26.11,26.315,1.122208458460147,27.437208458460148,1.3272084584601487
C2,2025-07-05,26.11,27.224,0.13872912147956662,27.362729121479568,1.2527291214795682
C2,2025-07-06,30.56,30.082,0.3514158940483945,30.433415894048395,0.1265841059516042
C2,2025-07-07,31.67,32.234,0.09741055566320739,32.33141055566321,0.6614105556632097
C2,2025-07-08,32.22,31.027,0.1444056437209233,31.171405643720924,1.0485943562790752
C2,2025-07-09,30.56,29.933,0.2047135040631338,30.137713504063132,0.4222864959368664
C2,2025-07-10,28.89,29.971,0.3569668383300183,30.327966838330017,1.4379668383300164
C2,2025-07-11,33.33,32.812,0.6916225684237824,33.50362256842378,0.17362256842378088
C2,2025-07-12,35.56,34.819,0.22392619256555082,35.04292619256555,0.5170738074344499
C2,2025-07-13,36.11,35.319,0.7459868320156763,36.06498683201568,0.04501316798432242
C2,2025-07-14,36.11,35.894,-0.014889169537792972,35.8791108304622,0.2308891695377966
C2,2025-07-15,35.0,35.285,-0.1562573157343888,35.12874268426561,0.1287426842656103
C2,2025-07-16,31.67,32.217,0.18322722179233233,32.40022722179233,0.730227221792326
C2,2025-07-17,31.11,32.107,0.3328607426871275,32.439860742687124,1.3298607426871243
C2,2025-07-18,31.11,31.735,0.05180336950390656,31.786803369503907,0.676803369503908
C2,2025-07-19,32.22,32.208,0.151876365644877,32.35987636564487,0.1398763656448736
C2,2025-07-20,31.67,32.461,0.08766146958149976,32.548661469581496,0.8786614695814947
C2,2025-07-21,30.0,29.489,0.37173182650457615,29.860731826504576,0.13926817349542375
C2,2025-07-22,25.0,26.773,0.12399779331478657,26.896997793314785,1.8969977933147852
C2,2025-07-23,28.33,27.715,1.055863070704603,28.770863070704603,0.44086307070460506
C2,2025-07-24,28.33,28.432,0.9878733110426394,29.41987331104264,1.0898733110426413
C2,2025-07-25,28.33,27.031,0.8298857740603789,27.860885774060378,0.46911422593962016
C2,2025-07-26,27.78,26.916,0.6552914935446198,27.57129149354462,0.20870850645538042
C2,2025-07-27,26.67,27.198,1.054501262496741,28.252501262496743,1.5825012624967414
C2,2025-07-28,27.78,28.204,0.7744116359897477,28.978411635989747,1.1984116359897463
C2,2025-07-29,30.56,30.331,0.5682959069917247,30.899295906991725,0.33929590699172607
C2,2025-07-30,30.56,27.8,1.0437108201796028,28.843710820179602,1.7162891798203965
C2,2025-07-31,27.78,28.07,1.1503837872708946,29.220383787270894,1.4403837872708927
C3,2024-08-01,34.44,34.169,0.5383041718814591,34.707304171881454,0.26730417188145594
C3,2024-08-02,35.0,34.276,-0.027774179596951113,34.24822582040305,0.7517741795969499
C3,2024-08-03,32.22,28.464,0.5577661595718609,29.02176615957186,3.198233840428138
C3,2024-08-04,31.67,32.079,0.46296784861023543,32.541967848610234,0.8719678486102325
C3,2024-08-05,34.44,34.419,-0.08820485771352157,34.330795142286476,0.10920485771352162
C3,2024-08-06,35.0,34.961,-0.15280796029314322,34.80819203970685,0.19180796029314706
C3,2024-08-07,35.0,35.034,-0.06831860345885449,34.96568139654114,0.034318603458856956
C3,2024-08-08,35.0,34.569,-0.08276058637316529,34.48623941362684,0.5137605863731594
C3,2024-08-09,34.44,34.231,-0.013017785461355916,34.217982214538644,0.22201778546135387
C3,2024-08-10,32.22,34.266,-0.12518634935254813,34.14081365064745,1.9208136506474531
C3,2024-08-11,30.56,33.209,-0.09855758736611714,33.11044241263389,2.5504424126338883
C3,2024-08-12,32.22,30.601,0.06528944597736284,30.666289445977363,1.5537105540226364
C3,2024-08-13,28.89,28.651,0.2709561663650217,28.92195616636502,0.03195616636502052
C3,2024-08-14,27.78,29.427,-0.9947965444983433,28.432203455501657,0.652203455501656
C3,2024-08-15,28.89,29.876,-0.21953884893419146,29.65646115106581,0.7664611510658084
C3,2024-08-16,28.89,29.407,-0.13157675513513015,29.27542324486487,0.3854232448648709
C3,2024-08-17,30.56,28.968,0.5969717083416781,29.564971708341677,0.995028291658322
C3,2024-08-18,29.44,28.183,0.29821385204672823,28.48121385204673,0.9587861479532727
C3,2024-08-19,30.0,29.986,-0.32519859873390744,29.66080140126609,0.33919859873390834
C3,2024-08-20,28.33,29.693,0.050692241659381895,29.74369224165938,1.4136922416593833
C3,2024-08-21,27.78,28.439,-0.5915254536078718,27.847474546392128,0.06747454639212691
C3,2024-08-22,27.78,27.844,-0.22059628233933565,27.623403717660665,0.1565962823393363
C3,2024-08-23,19.44,19.448,0.340406815161362,19.788406815161363,0.3484068151613613
C3,2024-08-24,11.11,12.591,1.1679320767578467,13.758932076757846,2.6489320767578466
C3,2024-08-25,17.78,19.269,1.190644524797736,20.459644524797735,2.679644524797734
C3,2024-08-26,23.33,25.178,0.3947536451804725,25.572753645180473,2.242753645180475
C3,2024-08-27,28.33,29.618,0.6146929806529413,30.23269298065294,1.9026929806529402
C3,2024-08-28,28.33,29.541,-0.08939860622793423,29.451601393772066,1.1216013937720675
C3,2024-08-29,29.44,30.458,0.7827432618556794,31.240743261855677,1.8007432618556756
C3,2024-08-30,31.67,31.672,0.4838643116362038,32.15586431163621,0.485864311636206
C3,2024-08-31,31.11,31.998,0.22465680190925932,32.22265680190926,1.1126568019092602
C3,2024-09-01,32.78,31.915,0.1353922380845281,32.05039223808453,0.7296077619154744
C3,2024-09-02,31.67,30.426,0.9207834441374835,31.346783444137483,0.3232165558625191
C3,2024-09-03,27.78,28.71,0.20840067143982957,28.91840067143983,1.138400671439829
C3,2024-09-04,30.0,30.631,0.5299884309564452,31.160988430956447,1.160988430956447
C3,2024-09-05,31.11,32.13,0.19992877650268379,32.32992877650268,1.2199287765026838
C3,2024-09-06,32.78,32.835,-0.22429584157103366,32.610704158428966,0.16929584157103506
C3,2024-09-07,33.89,32.645,0.1928518437848353,32.83785184378484,1.0521481562151607
C3,2024-09-08,31.11,30.951,0.0303362365416682,30.98133623654167,0.12866376345833075
C3,2024-09-09,29.44,31.411,-0.412560429439614,30.998439570560386,1.5584395705603846
C3,2024-09-10,28.89,30.486,-0.17621730329420351,30.309782696705796,1.419782696705795
C3,2024-09-11,26.11,25.097,1.2337085369136722,26.330708536913672,0.22070853691367276
C3,2024-09-12,19.44,20.062,0.44126198370184994,20.50326198370185,1.0632619837018495
C3,2024-09-13,23.33,23.992,0.7570274911494531,24.749027491149455,1.419027491149457
C3,2024-09-14,27.22,27.526,-0.4476147974929291,27.07838520250707,0.14161479749292738
C3,2024-09-15,25.56,24.605,0.41952805443740737,25.024528054437408,0.5354719455625911
C3,2024-09-16,17.22,16.777,-0.3579760304516674,16.419023969548334,0.8009760304516647
C3,2024-09-17,16.67,19.68,0.6838553796234151,20.363855379623416,3.6938553796234146
C3,2024-09-18,18.89,17.625,0.3409765124966079,17.965976512496606,0.9240234875033941
C3,2024-09-19,18.89,20.529,0.6210213711578162,21.150021371157816,2.2600213711578157
C3,2024-09-20,23.33,23.549,0.6405092970054637,24.189509297005465,0.8595092970054665
C3,2024-09-21,23.89,24.249,0.6981201087029352,24.947120108702933,1.0571201087029323
C3,2024-09-22,23.89,24.415,0.6076569807906412,25.02265698079064,1.1326569807906388
C3,2024-09-23,25.56,25.841,0.3627258839373746,26.203725883937377,0.6437258839373783
C3,2024-09-24,27.22,28.062,-0.5348237474915357,27.527176252508465,0.3071762525084658
C3,2024-09-25,31.11,29.579,0.4189973325688029,29.997997332568804,1.1120026674311951
C3,2024-09-26,26.67,26.83,-0.2010373806442245,26.628962619355775,0.04103738064422657
C3,2024-09-27,27.78,28.571,-0.5632624809761618,28.00773751902384,0.2277375190238402
C3,2024-09-28,29.44,30.381,-0.47970732251101766,29.901292677488982,0.46129267748898073
C3,2024-09-29,27.22,28.365,-0.384240688692016,27.98075931130798,0.7607593113079822
C3,2024-09-30,24.44,25.777,0.6280565156843143,26.405056515684315,1.9650565156843136
C3,2024-10-01,26.11,29.56,-0.7381889553905022,28.821811044609497,2.7118110446094974
C3,2024-10-02,30.0,32.119,-0.7331506855857882,31.385849314414212,1.3858493144142123
C3,2024-10-03,28.89,30.99,-1.0969860446647166,29.89301395533528,1.0030139553352804
C3,2024-10-04,28.89,28.129,0.581305771036569,28.71030577103657,0.1796942289634309
C3,2024-10-05,28.89,28.957,-0.0107885007326744,28.946211499267328,0.05621149926732727
C3,2024-10-06,27.78,28.676,-0.1542994807071999,28.5217005192928,0.7417005192927988
C3,2024-10-07,25.56,27.564,-0.4867045157910172,27.07729548420898,1.517295484208983
C3,2024-10-08,26.67,27.608,-0.4086439349178751,27.199356065082124,0.5293560650821227
C3,2024-10-09,26.11,27.925,-0.18174151235228117,27.74325848764772,1.6332584876477192
C3,2024-10-10,25.56,26.037,-0.8766750477798956,25.160324952220105,0.39967504777989404
C3,2024-10-11,23.89,25.512,-0.8426083347369001,24.6693916652631,0.7793916652630983
C3,2024-10-12,25.0,23.365,0.5358735020272166,23.900873502027213,1.0991264979727866
C3,2024-10-13,20.0,20.438,0.07613066664529983,20.514130666645297,0.5141306666452969
C3,2024-10-14,22.22,22.964,0.26111534677946013,23.225115346779457,1.0051153467794585
C3,2024-10-15,23.33,24.698,-0.6239296228897727,24.07407037711023,0.7440703771102299
C3,2024-10-16,16.11,15.759,0.09514401415034411,15.854144014150345,0.25585598584965474
C3,2024-10-17,10.0,16.205,0.43884153287485417,16.643841532874852,6.643841532874852
C3,2024-10-18,10.0,9.399,0.34474445078976274,9.743744450789762,0.25625554921023763
C3,2024-10-19,14.44,15.073,-0.2105227335405795,14.862477266459422,0.4224772664594223
C3,2024-10-20,16.67,19.299,-0.8016478204301793,18.49735217956982,1.827352179569818
C3,2024-10-21,21.67,20.859,0.5916250460379598,21.450625046037963,0.21937495396203843
C3,2024-10-22,18.33,20.009,-2.3569124886485717,17.65208751135143,0.6779124886485697
C3,2024-10-23,22.78,24.259,0.24258777506302281,24.501587775063022,1.7215877750630213
C3,2024-10-24,12.78,13.626,-0.4629106332989463,13.163089366701053,0.38308936670105354
C3,2024-10-25,12.22,18.815,-1.876721805158299,16.9382781948417,4.7182781948417
C3,2024-10-26,18.33,21.685,-1.184121643437598,20.5008783565624,2.170878356562401
C3,2024-10-27,20.56,19.921,0.6274497803009007,20.5484497803009,0.011550219699099529
C3,2024-10-28,12.22,11.601,0.3427744657718503,11.94377446577185,0.2762255342281499
C3,2024-10-29,8.33,7.918,0.8327412819029434,8.750741281902943,0.42074128190294324
C3,2024-10-30,6.67,12.799,-2.13847518930644,10.660524810693559,3.990524810693559
C3,2024-10-31,11.11,9.689,1.386390154515367,11.075390154515366,0.034609845484633084
C3,2024-11-01,10.0,11.487,-2.8470480896183914,8.639951910381608,1.3600480896183917
C3,2024-11-02,11.11,11.104,1.5424715945558445,12.646471594555845,1.5364715945558451
C3,2024-11-03,8.89,8.041,1.2895477207507147,9.330547720750715,0.4405477207507147
C3,2024-11-04,9.44,10.718,-1.7600502847109485,8.957949715289052,0.48205028471094735
C3,2024-11-05,10.56,13.374,0.5836793284454098,13.95767932844541,3.3976793284454097
C3,2024-11-06,6.11,6.127,0.7880263026004891,6.915026302600489,0.8050263026004885
C3,2024-11-07,10.56,10.248,-1.61547853711133,8.632521462888668,1.927478537111332
C3,2024-11-08,11.11,14.344,-1.7346339298170668,12.609366070182933,1.4993660701829334
C3,2024-11-09,11.67,15.949,-0.34995088172496597,15.599049118275033,3.9290491182750333
C3,2024-11-10,15.0,17.01,-2.124983424466406,14.885016575533596,0.11498342446640386
C3,2024-11-11,12.78,9.841,2.099411962072071,11.94041196207207,0.8395880379279301
C3,2024-11-12,8.89,7.644,-1.6339830363333625,6.010016963666637,2.879983036333363
C3,2024-11-13,16.67,14.563,1.029628626836674,15.592628626836674,1.0773713731633272
C3,2024-11-14,11.67,9.135,-0.920714384864565,8.214285615135434,3.4557143848645655
C3,2024-11-15,2.78,4.72,0.7298173029552633,5.449817302955263,2.669817302955263
C3,2024-11-16,3.33,4.245,-1.0025225712283239,3.242477428771676,0.08752257122832408
C3,2024-11-17,6.67,12.957,-2.985042760081245,9.971957239918755,3.301957239918755
C3,2024-11-18,6.67,4.6,-0.09316619963120183,4.506833800368798,2.1631661996312017
C3,2024-11-19,3.33,6.681,-1.1269923317788597,5.55400766822114,2.22400766822114
C3,2024-11-20,12.22,11.26,1.1141622560268019,12.374162256026802,0.154162256026801
C3,2024-11-21,15.0,9.871,-0.40560229615861176,9.465397703841388,5.534602296158612
C3,2024-11-22,17.22,12.883,0.30537084700816,13.188370847008159,4.03162915299184
C3,2024-11-23,10.56,7.935,2.3660881144161654,10.301088114416165,0.25891188558383504
C3,2024-11-24,6.11,5.721,-1.1501363203782917,4.570863679621708,1.539136320378292
C3,2024-11-25,5.56,7.674,-0.6448074536573848,7.029192546342616,1.469192546342616
C3,2024-11-26,8.33,5.681,1.327198213842406,7.008198213842406,1.321801786157594
C3,2024-11-27,4.44,4.533,0.28347691688435256,4.816476916884353,0.3764769168843527
C3,2024-11-28,3.89,5.383,-0.5581315741538013,4.824868425846199,0.9348684258461986
C3,2024-11-29,2.78,8.555,-3.4650791656879547,5.089920834312045,2.3099208343120448
C3,2024-11-30,2.78,11.056,-3.711750028043833,7.344249971956167,4.564249971956167
C3,2024-12-01,-0.56,10.141,-4.147598516464835,5.993401483535165,6.553401483535165
C3,2024-12-02,4.44,10.8,-2.8622840063446398,7.937715993655361,3.497715993655361
C3,2024-12-03,5.56,10.84,-3.065524745580662,7.774475254419338,2.2144752544193382
C3,2024-12-04,6.11,11.537,-3.8273280184413405,7.70967198155866,1.59967198155866
C3,2024-12-05,7.22,11.685,-2.7590549230217016,8.925945076978298,1.7059450769782982
C3,2024-12-06,6.11,10.658,-1.653080743729786,9.004919256270213,2.894919256270213
C3,2024-12-07,6.67,13.363,-3.8373552701296703,9.52564472987033,2.8556447298703294
C3,2024-12-08,8.33,10.69,-0.550418018841903,10.139581981158097,1.8095819811580967
C3,2024-12-09,5.56,5.75,-2.0041962674807787,3.7458037325192213,1.8141962674807783
C3,2024-12-10,2.22,6.659,-1.720444787539782,4.9385552124602174,2.7185552124602173
C3,2024-12-11,2.22,10.43,-4.6257106991324175,5.804289300867582,3.584289300867582
C3,2024-12-12,7.22,6.807,-0.020463689664063547,6.786536310335936,0.43346368966406335
C3,2024-12-13,8.33,7.267,-0.0698819045534007,7.1971180954466,1.1328819045534004
C3,2024-12-14,1.11,3.242,0.319293658914718,3.561293658914718,2.451293658914718
C3,2024-12-15,2.22,3.057,-0.3528896175426974,2.7041103824573027,0.48411038245730253
C3,2024-12-16,5.56,5.897,-0.8577309755667546,5.039269024433246,0.520730975566754
C3,2024-12-17,8.33,6.541,0.35233600196538994,6.89333600196539,1.4366639980346099
C3,2024-12-18,7.22,8.882,-2.496343747066609,6.385656252933391,0.8343437470666091
C3,2024-12-19,7.22,11.309,-2.5605670397688436,8.748432960231156,1.5284329602311564
C3,2024-12-20,6.67,12.83,-3.291237984267078,9.538762015732923,2.8687620157329228
C3,2024-12-21,11.67,9.716,-0.060038321787582914,9.655961678212416,2.0140383217875844
C3,2024-12-22,11.67,8.785,-0.8051363795476938,7.979863620452306,3.6901363795476936
C3,2024-12-23,11.67,11.017,-1.2245466066885224,9.792453393311478,1.8775466066885222
C3,2024-12-24,8.33,7.407,-0.07949902888776918,7.327500971112231,1.0024990288877689
C3,2024-12-25,3.33,5.727,-2.0809105415634384,3.646089458436562,0.3160894584365619
C3,2024-12-26,9.44,8.316,2.1653352831862933,10.481335283186294,1.041335283186294
C3,2024-12-27,13.89,10.199,2.2279642578217587,12.426964257821759,1.463035742178242
C3,2024-12-28,14.44,8.702,0.9858015092597157,9.687801509259716,4.752198490740284
C3,2024-12-29,7.22,6.04,0.6047053767636537,6.644705376763653,0.5752946232363465
C3,2024-12-30,3.89,3.456,-0.9794027139402843,2.4765972860597154,1.4134027139402847
C3,2024-12-31,3.33,3.928,-0.16858344268111303,3.759416557318887,0.42941655731888684
C3,2025-01-01,9.44,8.69,0.9184781516597371,9.608478151659737,0.16847815165973756
C3,2025-01-02,12.22,12.075,-0.7286675442200716,11.346332455779928,0.8736675442200728
C3,2025-01-03,13.33,10.688,0.9136483286453199,11.60164832864532,1.7283516713546803
C3,2025-01-04,5.0,4.94,-0.2916825236820488,4.648317476317952,0.3516825236820482
C3,2025-01-05,7.78,7.741,-0.04979463142270303,7.691205368577297,0.0887946314227035
C3,2025-01-06,9.44,8.568,1.9365607760175059,10.504560776017506,1.0645607760175064
C3,2025-01-07,5.56,3.845,1.7926873807548878,5.637687380754888,0.07768738075488812
C3,2025-01-08,3.89,5.892,-1.574982061494534,4.317017938505466,0.427017938505466
C3,2025-01-09,4.44,7.706,-2.206238370245216,5.499761629754785,1.0597616297547843
C3,2025-01-10,6.11,11.845,-3.1036212589348713,8.74137874106513,2.63137874106513
C3,2025-01-11,5.0,4.141,-0.678674616793171,3.462325383206829,1.5376746167931712
C3,2025-01-12,1.67,3.522,-1.523534340263978,1.9984656597360217,0.3284656597360218
C3,2025-01-13,2.22,2.696,0.018431900272753248,2.7144319002727535,0.4944319002727533
C3,2025-01-14,3.33,5.821,-2.583400749971127,3.2375992500288726,0.09240074997112746
C3,2025-01-15,6.11,7.311,-2.794094141373098,4.516905858626902,1.593094141373098
C3,2025-01-16,5.0,8.734,-3.000476565626809,5.733523434373192,0.7335234343731916
C3,2025-01-17,8.89,9.944,-0.2774345832606363,9.666565416739365,0.7765654167393645
C3,2025-01-18,4.44,5.964,-0.024576966746032176,5.939423033253968,1.4994230332539678
C3,2025-01-19,4.44,9.006,-2.120589839889136,6.885410160110864,2.445410160110864
C3,2025-01-20,2.22,2.567,0.31456943357974276,2.881569433579743,0.6615694335797428
C3,2025-01-21,1.67,7.707,-2.898709309263769,4.80829069073623,3.1382906907362305
C3,2025-01-22,5.56,8.733,-1.130932178247613,7.602067821752388,2.042067821752388
C3,2025-01-23,5.56,8.293,-1.2159106610883363,7.077089338911663,1.5170893389116635
C3,2025-01-24,3.89,11.337,-2.0790005488047685,9.257999451195232,5.367999451195232
C3,2025-01-25,1.11,-0.628,0.6459846136080732,0.01798461360807324,1.0920153863919269
C3,2025-01-26,-3.89,-1.12,1.6154378599827801,0.49543785998278,4.38543785998278
C3,2025-01-27,-1.67,1.0,-0.19111847879686797,0.8088815212031321,2.478881521203132
C3,2025-01-28,1.67,3.799,-0.9040605823521647,2.8949394176478354,1.2249394176478354
C3,2025-01-29,3.89,6.24,-0.9711611339225142,5.268838866077486,1.3788388660774857
C3,2025-01-30,4.44,8.729,-0.678557092503394,8.050442907496604,3.610442907496604
C3,2025-01-31,10.0,5.709,1.015122697616825,6.724122697616824,3.2758773023831758
C3,2025-02-01,10.0,5.047,1.4704528364590674,6.517452836459067,3.482547163540933
C3,2025-02-02,16.67,11.1,3.2444208198290827,14.344420819829082,2.3255791801709194
C3,2025-02-03,15.56,13.501,1.0463895648812283,14.547389564881227,1.0126104351187735
C3,2025-02-04,15.0,8.244,1.3262122933988405,9.570212293398841,5.429787706601159
C3,2025-02-05,5.56,4.509,0.7922232134133508,5.301223213413351,0.2587767865866484
C3,2025-02-06,0.0,6.506,-0.07406572278312115,6.431934277216879,6.431934277216879
C3,2025-02-07,6.11,5.589,1.8756933980240493,7.46469339802405,1.3546933980240494
C3,2025-02-08,3.89,2.876,1.364866439189918,4.240866439189918,0.35086643918991767
C3,2025-02-09,3.33,3.017,0.21076383610434718,3.227763836104347,0.10223616389565304
C3,2025-02-10,2.22,3.079,0.5676952242915535,3.6466952242915536,1.4266952242915534
C3,2025-02-11,1.11,4.377,1.4385930612237172,5.815593061223717,4.705593061223717
C3,2025-02-12,0.0,1.563,0.02205513892869798,1.585055138928698,1.585055138928698
C3,2025-02-13,1.67,2.622,1.3977517440879752,4.019751744087975,2.3497517440879747
C3,2025-02-14,7.78,2.698,1.9081526517974567,4.606152651797457,3.1738473482025436
C3,2025-02-15,4.44,2.909,1.2525021756285857,4.161502175628586,0.27849782437141446
C3,2025-02-16,11.67,9.795,1.5564635089905665,11.351463508990566,0.31853649100943393
C3,2025-02-17,7.78,6.582,0.8207131209874532,7.402713120987453,0.377286879012547
C3,2025-02-18,7.22,6.945,1.4164327282642435,8.361432728264244,1.1414327282642445
C3,2025-02-19,13.89,8.844,2.3355085992605376,11.179508599260537,2.710491400739464
C3,2025-02-20,8.33,6.415,1.236747723753054,7.651747723753054,0.6782522762469458
C3,2025-02-21,9.44,8.607,0.5097176386353123,9.116717638635311,0.32328236136468824
C3,2025-02-22,12.78,12.826,0.5336524069584698,13.359652406958471,0.5796524069584716
C3,2025-02-23,15.56,11.856,0.6755378780570174,12.531537878057017,3.028462121942983
C3,2025-02-24,17.22,15.457,0.7235640259805411,16.18056402598054,1.039435974019458
C3,2025-02-25,16.11,12.26,0.630661168591758,12.890661168591757,3.2193388314082423
C3,2025-02-26,12.78,12.347,0.8767033481298336,13.223703348129833,0.4437033481298336
C3,2025-02-27,13.89,13.145,0.6292921754510614,13.77429217545106,0.1157078245489398
C3,2025-02-28,13.89,14.095,0.6956184483143564,14.790618448314357,0.900618448314356
C3,2025-03-01,15.56,15.866,0.998252894412949,16.86425289441295,1.304252894412949
C3,2025-03-02,8.33,5.717,1.478331682463821,7.195331682463821,1.1346683175361791
C3,2025-03-03,10.0,7.984,1.60394233146122,9.58794233146122,0.4120576685387807
C3,2025-03-04,9.44,9.973,1.3137317528066328,11.286731752806634,1.846731752806635
C3,2025-03-05,5.0,4.636,1.4563002646549035,6.092300264654904,1.092300264654904
C3,2025-03-06,3.89,3.854,1.1865938865835635,5.040593886583563,1.1505938865835632
C3,2025-03-07,6.11,4.475,1.5628414651730926,6.037841465173092,0.07215853482690804
C3,2025-03-08,8.33,9.243,0.10777449365441849,9.350774493654418,1.020774493654418
C3,2025-03-09,13.33,13.015,0.9861583853344383,14.001158385334438,0.6711583853344383
C3,2025-03-10,12.22,11.66,1.1421419368148396,12.80214193681484,0.5821419368148391
C3,2025-03-11,13.89,13.683,1.117217321312103,14.800217321312102,0.9102173213121016
C3,2025-03-12,13.89,12.401,2.0429119052509734,14.443911905250973,0.5539119052509722
C3,2025-03-13,5.56,4.371,1.7840619181777275,6.1550619181777275,0.5950619181777279
C3,2025-03-14,5.56,3.257,1.8999422951606768,5.156942295160677,0.40305770483932246
C3,2025-03-15,9.44,6.669,1.501183258572428,8.170183258572427,1.2698167414275723
C3,2025-03-16,16.11,11.456,3.182843251143714,14.638843251143713,1.471156748856286
C3,2025-03-17,5.56,4.241,1.5795478851478169,5.820547885147817,0.2605478851478171
C3,2025-03-18,6.11,4.859,1.4570946239565765,6.316094623956577,0.2060946239565764
C3,2025-03-19,8.89,9.908,1.4614154517330675,11.369415451733067,2.4794154517330664
C3,2025-03-20,9.44,8.388,1.248385057771602,9.636385057771601,0.19638505777160198
C3,2025-03-21,11.67,10.995,1.2999032067934333,12.294903206793432,0.6249032067934319
C3,2025-03-22,11.67,10.444,2.6615998293257697,13.10559982932577,1.4355998293257706
C3,2025-03-23,16.11,14.313,1.7339936004966015,16.046993600496602,0.06300639950339715
C3,2025-03-24,19.44,18.086,1.7255737940243219,19.81157379402432,0.371573794024318
C3,2025-03-25,21.67,20.338,1.8977096720003912,22.235709672000393,0.5657096720003914
C3,2025-03-26,24.44,21.812,2.704766229582895,24.516766229582895,0.07676622958289414
C3,2025-03-27,16.67,12.14,2.558665190556915,14.698665190556916,1.9713348094430856
C3,2025-03-28,12.22,10.371,1.3025537316070486,11.673553731607049,0.5464462683929519
C3,2025-03-29,8.89,8.096,1.1868071393669049,9.282807139366906,0.39280713936690503
C3,2025-03-30,15.0,10.106,2.362408116688475,12.468408116688476,2.531591883311524
C3,2025-03-31,2.78,5.77,2.3883748081012697,8.15837480810127,5.37837480810127
C3,2025-04-01,5.56,5.149,1.2215952642557797,6.37059526425578,0.8105952642557801
C3,2025-04-02,5.0,4.843,1.3389081591464214,6.181908159146421,1.1819081591464213
C3,2025-04-03,9.44,7.513,1.6146510952296178,9.127651095229618,0.31234890477038135
C3,2025-04-04,10.0,9.782,0.8553930790878584,10.63739307908786,0.6373930790878592
C3,2025-04-05,13.89,12.694,0.9358686742146543,13.629868674214656,0.2601313257853448
C3,2025-04-06,18.33,18.073,0.8225089148104238,18.895508914810424,0.565508914810426
C3,2025-04-07,17.78,13.122,2.0943108268719333,15.216310826871933,2.5636891731280684
C3,2025-04-08,18.33,17.003,0.65033452112787,17.65333452112787,0.6766654788721276
C3,2025-04-09,20.0,19.128,1.4255634570510631,20.553563457051062,0.5535634570510624
C3,2025-04-10,21.67,22.308,1.267333306822006,23.575333306822007,1.9053333068220049
C3,2025-04-11,22.78,22.166,0.9728236072477258,23.138823607247726,0.3588236072477251
C3,2025-04-12,18.89,18.493,1.3189438367468704,19.81194383674687,0.9219438367468697
C3,2025-04-13,13.89,14.789,0.6415935824096493,15.43059358240965,1.5405935824096488
C3,2025-04-14,20.0,18.647,1.4391647416023723,20.08616474160237,0.08616474160237075
C3,2025-04-15,23.33,21.683,1.8143128868743499,23.49731288687435,0.16731288687435253
C3,2025-04-16,21.67,21.076,1.7766839270129362,22.852683927012936,1.1826839270129348
C3,2025-04-17,15.0,14.196,1.6022371902853731,15.798237190285374,0.7982371902853735
C3,2025-04-18,11.67,11.085,0.8776254172968742,11.962625417296875,0.2926254172968754
C3,2025-04-19,17.78,17.363,1.2714676379818854,18.634467637981885,0.8544676379818839
C3,2025-04-20,20.56,20.651,1.093525210835986,21.744525210835985,1.1845252108359858
C3,2025-04-21,18.33,18.045,1.2242602694524625,19.269260269452463,0.9392602694524648
C3,2025-04-22,21.11,20.68,1.465289184261829,22.145289184261827,1.0352891842618277
C3,2025-04-23,18.33,18.736,1.8837794419760643,20.619779441976064,2.2897794419760658
C3,2025-04-24,17.78,17.427,1.3401663908292123,18.76716639082921,0.9871663908292092
C3,2025-04-25,10.0,13.267,0.996322319962987,14.263322319962986,4.263322319962986
C3,2025-04-26,3.89,9.688,2.340277000312287,12.028277000312288,8.138277000312288
C3,2025-04-27,9.44,5.809,1.782001496411657,7.591001496411657,1.8489985035883425
C3,2025-04-28,15.0,14.522,1.2048959570546522,15.726895957054653,0.7268959570546532
C3,2025-04-29,19.44,19.12,1.3926187711769455,20.512618771176946,1.0726187711769448
C3,2025-04-30,18.89,18.243,1.4363970360808298,19.67939703608083,0.7893970360808282
C3,2025-05-01,21.11,19.918,1.2577186782529965,21.175718678252995,0.06571867825299549
C3,2025-05-02,24.44,23.258,1.3993100925355706,24.65731009253557,0.21731009253556977
C3,2025-05-03,20.0,16.352,0.5479767429431589,16.89997674294316,3.10002325705684
C3,2025-05-04,9.44,8.606,2.360894072831809,10.96689407283181,1.5268940728318103
C3,2025-05-05,13.89,13.589,0.6727276645125193,14.26172766451252,0.3717276645125196
C3,2025-05-06,16.67,16.306,0.8188125862374562,17.124812586237457,0.45481258623745546
C3,2025-05-07,21.11,21.606,1.2491773622287317,22.855177362228734,1.745177362228734
C3,2025-05-08,23.89,23.535,1.3107994362402964,24.845799436240295,0.9557994362402944
C3,2025-05-09,28.33,26.782,1.0879615661651887,27.869961566165188,0.4600384338348107
C3,2025-05-10,28.89,27.519,1.3023261859295394,28.82132618592954,0.06867381407046125
C3,2025-05-11,21.11,21.014,1.779020625857692,22.793020625857693,1.6830206258576936
C3,2025-05-12,13.33,11.806,2.268854448319145,14.074854448319144,0.7448544483191437
C3,2025-05-13,11.67,12.403,1.2856111961134935,13.688611196113493,2.0186111961134934
C3,2025-05-14,14.44,16.178,0.644070497962596,16.822070497962596,2.382070497962596
C3,2025-05-15,20.0,20.811,0.8856801464451939,21.696680146445193,1.6966801464451926
C3,2025-05-16,20.0,18.224,0.38969374087900543,18.613693740879004,1.386306259120996
C3,2025-05-17,15.56,9.913,2.5486481947084094,12.46164819470841,3.098351805291591
C3,2025-05-18,16.11,16.202,1.0207756394302698,17.22277563943027,1.1127756394302715
C3,2025-05-19,18.33,18.575,1.1484421443682098,19.72344214436821,1.393442144368212
C3,2025-05-20,23.89,23.603,1.006899538431081,24.609899538431083,0.7198995384310827
C3,2025-05-21,23.89,24.205,0.4889367225844571,24.693936722584457,0.8039367225844565
C3,2025-05-22,25.0,23.364,1.1016912651041981,24.465691265104198,0.5343087348958022
C3,2025-05-23,22.22,22.396,-0.08157473462399349,22.314425265376006,0.0944252653760067
C3,2025-05-24,23.89,23.37,1.278966477796732,24.648966477796733,0.7589664777967329
C3,2025-05-25,28.33,27.362,0.6440856684999715,28.00608566849997,0.3239143315000277
C3,2025-05-26,23.33,22.377,0.9365360485617623,23.31353604856176,0.016463951438236535
C3,2025-05-27,26.11,25.639,0.6607276030481241,26.299727603048122,0.18972760304812297
C3,2025-05-28,30.0,28.201,0.924588786901073,29.125588786901073,0.8744112130989272
C3,2025-05-29,28.89,27.78,1.1822117176008688,28.96221171760087,0.07221171760086875
C3,2025-05-30,31.11,31.302,0.8746011080797377,32.17660110807974,1.0666011080797375
C3,2025-05-31,33.89,34.025,0.31621044178833707,34.341210441788334,0.4512104417883336
C3,2025-06-01,32.22,30.651,0.7077181812237223,31.358718181223722,0.861281818776277
C3,2025-06-02,25.0,26.214,1.159659373099568,27.373659373099567,2.373659373099567
C3,2025-06-03,27.22,26.611,0.5544860018053804,27.16548600180538,0.05451399819461855
C3,2025-06-04,24.44,24.943,0.916217248452957,25.859217248452957,1.4192172484529557
C3,2025-06-05,27.22,26.633,1.0381201908746904,27.67112019087469,0.4511201908746898
C3,2025-06-06,27.22,27.538,1.1757557299304022,28.7137557299304,1.4937557299304025
C3,2025-06-07,31.11,29.731,1.2457070829199635,30.976707082919965,0.1332929170800341
C3,2025-06-08,32.78,31.527,1.0556584335243842,32.58265843352439,0.19734156647561463
C3,2025-06-09,31.11,31.019,1.137865898750308,32.156865898750304,1.0468658987503048
C3,2025-06-10,33.33,31.94,0.5511737264169377,32.49117372641694,0.8388262735830594
C3,2025-06-11,31.11,30.872,0.445970405304023,31.317970405304024,0.20797040530402455
C3,2025-06-12,27.22,27.915,-0.42536818507736707,27.48963181492263,0.2696318149226329
C3,2025-06-13,27.78,27.525,0.2841530919361526,27.80915309193615,0.029153091936148456
C3,2025-06-14,27.78,29.062,0.2876082379961685,29.34960823799617,1.5696082379961673
C3,2025-06-15,26.67,28.966,0.331312180317895,29.297312180317896,2.627312180317894
C3,2025-06-16,28.89,28.417,0.6068919263920367,29.02389192639204,0.13389192639203884
C3,2025-06-17,26.67,27.411,0.5702394873951244,27.981239487395126,1.3112394873951239
C3,2025-06-18,31.11,31.504,0.5592504187468301,32.06325041874683,0.9532504187468334
C3,2025-06-19,32.22,31.792,0.6471329763341067,32.43913297633411,0.21913297633410878
C3,2025-06-20,25.56,23.231,1.5491070508903153,24.780107050890315,0.7798929491096835
C3,2025-06-21,15.0,15.361,0.843534377074402,16.204534377074403,1.2045343770744026
C3,2025-06-22,17.78,18.558,0.2517445888698674,18.80974458886987,1.0297445888698675
C3,2025-06-23,22.22,22.373,0.6663932232397056,23.039393223239706,0.8193932232397074
C3,2025-06-24,26.67,25.704,1.2859209383199028,26.989920938319905,0.3199209383199033
C3,2025-06-25,29.44,29.973,0.16748436820468063,30.140484368204678,0.7004843682046769
C3,2025-06-26,28.89,29.848,-0.06352576332699997,29.784474236673,0.8944742366729983
C3,2025-06-27,28.89,30.276,0.3188966385611473,30.594896638561146,1.704896638561145
C3,2025-06-28,30.56,30.944,0.7305269968365306,31.67452699683653,1.1145269968365312
C3,2025-06-29,32.22,31.877,1.1423740049822393,33.01937400498224,0.7993740049822406
C3,2025-06-30,33.33,33.322,-0.01860713182054311,33.30339286817946,0.02660713182054053
C3,2025-07-01,32.78,31.993,0.2870632731838159,32.28006327318381,0.4999367268161876
C3,2025-07-02,31.67,29.92,0.74383667257114,30.66383667257114,1.0061633274288617
C3,2025-07-03,31.11,32.117,-0.11676088051600574,32.00023911948399,0.8902391194839936
C3,2025-07-04,26.11,26.315,1.1117544735817921,27.426754473581795,1.3167544735817955
C3,2025-07-05,26.11,27.224,0.1444538144177179,27.36845381441772,1.2584538144177202
C3,2025-07-06,30.56,30.082,0.35095612876135324,30.432956128761354,0.12704387123864436
C3,2025-07-07,31.67,32.234,0.0867469208089322,32.320746920808936,0.6507469208089347
C3,2025-07-08,32.22,31.027,0.11889737384188909,31.14589737384189,1.0741026261581084
C3,2025-07-09,30.56,29.933,0.20789817063233162,30.140898170632333,0.4191018293676656
C3,2025-07-10,28.89,29.971,0.3698883888476927,30.34088838884769,1.450888388847691
C3,2025-07-11,33.33,32.812,0.6914468594850074,33.503446859485,0.17344685948500427
C3,2025-07-12,35.56,34.819,0.2368662307694936,35.055866230769496,0.5041337692305063
C3,2025-07-13,36.11,35.319,0.7498810185742911,36.068881018574295,0.04111898142570425
C3,2025-07-14,36.11,35.894,0.018691859505243814,35.912691859505244,0.19730814049475498
C3,2025-07-15,35.0,35.285,-0.15127555360375144,35.13372444639624,0.13372444639624348
C3,2025-07-16,31.67,32.217,0.17804982349763734,32.39504982349764,0.7250498234976348
C3,2025-07-17,31.11,32.107,0.30915139016245535,32.416151390162455,1.306151390162455
C3,2025-07-18,31.11,31.735,0.023589053938483612,31.758589053938483,0.6485890539384833
C3,2025-07-19,32.22,32.208,0.12415427603098421,32.332154276030984,0.11215427603098505
C3,2025-07-20,31.67,32.461,0.08804130496487168,32.549041304964874,0.879041304964872
C3,2025-07-21,30.0,29.489,0.37589797788504936,29.86489797788505,0.1351020221149497
C3,2025-07-22,25.0,26.773,0.10820376216023354,26.881203762160233,1.8812037621602329
C3,2025-07-23,28.33,27.715,1.060747464492748,28.77574746449275,0.4457474644927508
C3,2025-07-24,28.33,28.432,0.9769269405400179,29.408926940540017,1.0789269405400184
C3,2025-07-25,28.33,27.031,0.8382600403795727,27.869260040379572,0.460739959620426
C3,2025-07-26,27.78,26.916,0.6383954315583703,27.55439543155837,0.22560456844163213
C3,2025-07-27,26.67,27.198,1.0433979339844501,28.24139793398445,1.57139793398445
C3,2025-07-28,27.78,28.204,0.7557935185916755,28.959793518591677,1.1797935185916764
C3,2025-07-29,30.56,30.331,0.5667205390855383,30.897720539085537,0.337720539085538
C3,2025-07-30,30.56,27.8,1.0195821796656315,28.81958217966563,1.7404178203343683
C3,2025-07-31,27.78,28.07,1.1505957550160772,29.220595755016078,1.4405957550160764
