sample,station,target_date,target_hour,run_date,cycle,lead,grib_valid,valid_ok,grib_temp_c,openmeteo_temp_c,diff_c,error
early,EGLC,2021-03-24,12,2021-03-23,12,24,2021-03-24T12:00,True,10.949,11.2,-0.251,
early,EGLC,2021-03-25,12,2021-03-24,12,24,2021-03-25T12:00,True,12.857,13.1,-0.243,
early,EGLC,2021-03-26,12,2021-03-25,12,24,2021-03-26T12:00,True,9.907,10.1,-0.193,
early,EGLC,2021-03-27,12,2021-03-26,12,24,2021-03-27T12:00,True,8.943,9.3,-0.357,
early,EGLC,2021-03-28,12,2021-03-27,12,24,2021-03-28T12:00,True,10.504,10.7,-0.196,
early,LFPG,2021-03-24,12,2021-03-23,12,24,2021-03-24T12:00,True,14.176,14.0,0.176,
early,LFPG,2021-03-25,12,2021-03-24,12,24,2021-03-25T12:00,True,10.15,9.8,0.35,
early,LFPG,2021-03-26,12,2021-03-25,12,24,2021-03-26T12:00,True,13.464,13.4,0.064,
early,LFPG,2021-03-27,12,2021-03-26,12,24,2021-03-27T12:00,True,9.723,9.5,0.223,
early,LFPG,2021-03-28,12,2021-03-27,12,24,2021-03-28T12:00,True,13.508,13.4,0.108,
early,DSM,2021-03-24,18,2021-03-23,18,24,2021-03-24T18:00,True,6.634,6.5,0.134,
early,DSM,2021-03-25,18,2021-03-24,18,24,2021-03-25T18:00,True,5.474,5.3,0.174,
early,DSM,2021-03-26,18,2021-03-25,18,24,2021-03-26T18:00,True,10.886,10.7,0.186,
early,DSM,2021-03-27,18,2021-03-26,18,24,2021-03-27T18:00,True,10.482,10.3,0.182,
early,DSM,2021-03-28,18,2021-03-27,18,24,2021-03-28T18:00,True,9.215,9.1,0.115,
early,YSDU,2021-03-24,2,2021-03-23,0,26,2021-03-24T02:00,True,23.294,23.5,-0.206,
early,YSDU,2021-03-25,2,2021-03-24,0,26,2021-03-25T02:00,True,23.035,23.2,-0.165,
early,YSDU,2021-03-26,2,2021-03-25,0,26,2021-03-26T02:00,True,21.23,21.2,0.03,
early,YSDU,2021-03-27,2,2021-03-26,0,26,2021-03-27T02:00,True,23.275,23.4,-0.125,
early,YSDU,2021-03-28,2,2021-03-27,0,26,2021-03-28T02:00,True,23.836,23.9,-0.064,
early,RNO,2021-03-24,20,2021-03-23,18,26,2021-03-24T20:00,True,6.711,8.6,-1.889,
early,RNO,2021-03-25,20,2021-03-24,18,26,2021-03-25T20:00,True,5.637,7.9,-2.263,
early,RNO,2021-03-26,20,2021-03-25,18,26,2021-03-26T20:00,True,6.19,8.0,-1.81,
early,RNO,2021-03-27,20,2021-03-26,18,26,2021-03-27T20:00,True,13.099,14.9,-1.801,
early,RNO,2021-03-28,20,2021-03-27,18,26,2021-03-28T20:00,True,16.764,18.9,-2.136,
recent,EGLC,2025-06-01,12,2025-05-31,12,24,2025-06-01T12:00,True,19.918,20.2,-0.282,
recent,EGLC,2025-06-02,12,2025-06-01,12,24,2025-06-02T12:00,True,19.095,19.3,-0.205,
recent,EGLC,2025-06-03,12,2025-06-02,12,24,2025-06-03T12:00,True,13.242,13.4,-0.158,
recent,EGLC,2025-06-04,12,2025-06-03,12,24,2025-06-04T12:00,True,18.218,18.5,-0.282,
recent,EGLC,2025-06-05,12,2025-06-04,12,24,2025-06-05T12:00,True,13.233,13.4,-0.167,
recent,EGLC,2025-06-06,12,2025-06-05,12,24,2025-06-06T12:00,True,14.25,14.5,-0.25,
recent,EGLC,2025-06-07,12,2025-06-06,12,24,2025-06-07T12:00,True,15.141,15.5,-0.359,
recent,EGLC,2025-06-08,12,2025-06-07,12,24,2025-06-08T12:00,True,16.834,17.1,-0.266,
recent,EGLC,2025-06-09,12,2025-06-08,12,24,2025-06-09T12:00,True,17.35,17.6,-0.25,
recent,EGLC,2025-06-10,12,2025-06-09,12,24,2025-06-10T12:00,True,19.806,20.1,-0.294,
recent,EGLC,2025-06-11,12,2025-06-10,12,24,2025-06-11T12:00,True,22.441,22.7,-0.259,
recent,EGLC,2025-06-12,12,2025-06-11,12,24,2025-06-12T12:00,True,23.663,23.9,-0.237,
recent,EGLC,2025-06-13,12,2025-06-12,12,24,2025-06-13T12:00,True,25.579,25.8,-0.221,
recent,EGLC,2025-06-14,12,2025-06-13,12,24,2025-06-14T12:00,True,22.851,23.1,-0.249,
recent,LFPG,2025-06-01,12,2025-05-31,12,24,2025-06-01T12:00,True,22.076,21.9,0.176,
recent,LFPG,2025-06-02,12,2025-06-01,12,24,2025-06-02T12:00,True,19.846,19.5,0.346,
recent,LFPG,2025-06-03,12,2025-06-02,12,24,2025-06-03T12:00,True,22.672,22.5,0.172,
recent,LFPG,2025-06-04,12,2025-06-03,12,24,2025-06-04T12:00,True,17.004,16.7,0.304,
recent,LFPG,2025-06-05,12,2025-06-04,12,24,2025-06-05T12:00,True,18.882,19.2,-0.318,
recent,LFPG,2025-06-06,12,2025-06-05,12,24,2025-06-06T12:00,True,18.607,18.2,0.407,
recent,LFPG,2025-06-07,12,2025-06-06,12,24,2025-06-07T12:00,True,17.657,17.6,0.057,
recent,LFPG,2025-06-08,12,2025-06-07,12,24,2025-06-08T12:00,True,15.975,15.4,0.575,
recent,LFPG,2025-06-09,12,2025-06-08,12,24,2025-06-09T12:00,True,20.545,20.3,0.245,
recent,LFPG,2025-06-10,12,2025-06-09,12,24,2025-06-10T12:00,True,22.073,21.8,0.273,
recent,LFPG,2025-06-11,12,2025-06-10,12,24,2025-06-11T12:00,True,24.319,24.0,0.319,
recent,LFPG,2025-06-12,12,2025-06-11,12,24,2025-06-12T12:00,True,29.178,29.0,0.178,
recent,LFPG,2025-06-13,12,2025-06-12,12,24,2025-06-13T12:00,True,29.619,29.3,0.319,
recent,LFPG,2025-06-14,12,2025-06-13,12,24,2025-06-14T12:00,True,27.451,27.3,0.151,
recent,DSM,2025-06-01,18,2025-05-31,18,24,2025-06-01T18:00,True,25.604,25.6,0.004,
recent,DSM,2025-06-02,18,2025-06-01,18,24,2025-06-02T18:00,True,27.561,27.4,0.161,
recent,DSM,2025-06-03,18,2025-06-02,18,24,2025-06-03T18:00,True,14.684,14.0,0.684,
recent,DSM,2025-06-04,18,2025-06-03,18,24,2025-06-04T18:00,True,22.15,22.0,0.15,
recent,DSM,2025-06-05,18,2025-06-04,18,24,2025-06-05T18:00,True,22.466,22.3,0.166,
recent,DSM,2025-06-06,18,2025-06-05,18,24,2025-06-06T18:00,True,20.461,20.7,-0.239,
recent,DSM,2025-06-07,18,2025-06-06,18,24,2025-06-07T18:00,True,17.334,16.9,0.434,
recent,DSM,2025-06-08,18,2025-06-07,18,24,2025-06-08T18:00,True,15.334,14.9,0.434,
recent,DSM,2025-06-09,18,2025-06-08,18,24,2025-06-09T18:00,True,18.592,18.5,0.092,
recent,DSM,2025-06-10,18,2025-06-09,18,24,2025-06-10T18:00,True,24.771,24.7,0.071,
recent,DSM,2025-06-11,18,2025-06-10,18,24,2025-06-11T18:00,True,29.778,29.8,-0.022,
recent,DSM,2025-06-12,18,2025-06-11,18,24,2025-06-12T18:00,True,26.343,26.3,0.043,
recent,DSM,2025-06-13,18,2025-06-12,18,24,2025-06-13T18:00,True,25.575,25.5,0.075,
recent,DSM,2025-06-14,18,2025-06-13,18,24,2025-06-14T18:00,True,27.774,27.7,0.074,
recent,YSDU,2025-06-01,2,2025-05-31,0,26,2025-06-01T02:00,True,18.215,18.4,-0.185,
recent,YSDU,2025-06-02,2,2025-06-01,0,26,2025-06-02T02:00,True,18.192,18.2,-0.008,
recent,YSDU,2025-06-03,2,2025-06-02,0,26,2025-06-03T02:00,True,16.314,16.5,-0.186,
recent,YSDU,2025-06-04,2,2025-06-03,0,26,2025-06-04T02:00,True,13.555,13.8,-0.245,
recent,YSDU,2025-06-05,2,2025-06-04,0,26,2025-06-05T02:00,True,13.555,13.1,0.455,
recent,YSDU,2025-06-06,2,2025-06-05,0,26,2025-06-06T02:00,True,14.253,14.5,-0.247,
recent,YSDU,2025-06-07,2,2025-06-06,0,26,2025-06-07T02:00,True,13.9,14.2,-0.3,
recent,YSDU,2025-06-08,2,2025-06-07,0,26,2025-06-08T02:00,True,11.293,11.7,-0.407,
recent,YSDU,2025-06-09,2,2025-06-08,0,26,2025-06-09T02:00,True,6.636,7.0,-0.364,
recent,YSDU,2025-06-10,2,2025-06-09,0,26,2025-06-10T02:00,True,10.828,11.0,-0.172,
recent,YSDU,2025-06-11,2,2025-06-10,0,26,2025-06-11T02:00,True,12.662,13.0,-0.338,
recent,YSDU,2025-06-12,2,2025-06-11,0,26,2025-06-12T02:00,True,12.632,12.3,0.332,
recent,YSDU,2025-06-13,2,2025-06-12,0,26,2025-06-13T02:00,True,13.561,13.6,-0.039,
recent,YSDU,2025-06-14,2,2025-06-13,0,26,2025-06-14T02:00,True,13.973,13.8,0.173,
recent,RNO,2025-06-01,20,2025-05-31,18,26,2025-06-01T20:00,True,28.608,30.8,-2.192,
recent,RNO,2025-06-02,20,2025-06-01,18,26,2025-06-02T20:00,True,24.17,26.1,-1.93,
recent,RNO,2025-06-03,20,2025-06-02,18,26,2025-06-03T20:00,True,24.568,26.5,-1.932,
recent,RNO,2025-06-04,20,2025-06-03,18,26,2025-06-04T20:00,True,22.899,24.8,-1.901,
recent,RNO,2025-06-05,20,2025-06-04,18,26,2025-06-05T20:00,True,24.589,26.7,-2.111,
recent,RNO,2025-06-06,20,2025-06-05,18,26,2025-06-06T20:00,True,25.495,27.6,-2.105,
recent,RNO,2025-06-07,20,2025-06-06,18,26,2025-06-07T20:00,True,27.688,29.7,-2.012,
recent,RNO,2025-06-08,20,2025-06-07,18,26,2025-06-08T20:00,True,29.483,31.5,-2.017,
recent,RNO,2025-06-09,20,2025-06-08,18,26,2025-06-09T20:00,True,28.975,30.9,-1.925,
recent,RNO,2025-06-10,20,2025-06-09,18,26,2025-06-10T20:00,True,29.897,32.0,-2.103,
recent,RNO,2025-06-11,20,2025-06-10,18,26,2025-06-11T20:00,True,28.829,31.0,-2.171,
recent,RNO,2025-06-12,20,2025-06-11,18,26,2025-06-12T20:00,True,25.871,27.7,-1.829,
recent,RNO,2025-06-13,20,2025-06-12,18,26,2025-06-13T20:00,True,25.481,27.9,-2.419,
recent,RNO,2025-06-14,20,2025-06-13,18,26,2025-06-14T20:00,True,27.018,29.3,-2.282,
