fold,target_date,obs_c,raw_gfs_c,persistence_c,mean_bias_c,resid_B_canonical,resid_BDLRT_record
2022-23,2022-08-01,20.0,22.286,21.67,22.65978137651822,-1.3274484130489914,-1.2613699373825027
2022-23,2022-08-02,20.56,23.499,20.0,23.87278137651822,-1.269471746699415,-1.4439987755242938
2022-23,2022-08-03,20.56,22.06,20.56,22.43378137651822,-1.5611304179363157,-1.6525961584164877
2022-23,2022-08-04,23.33,23.182,20.56,23.55578137651822,-1.3674881351353123,-1.6316944774295485
2022-23,2022-08-05,24.44,20.957,23.33,21.33078137651822,-0.46180145675191614,0.30150492453927663
2022-23,2022-08-06,22.22,20.723,24.44,21.09678137651822,0.7258145442964011,0.709062871740958
2022-23,2022-08-07,21.11,20.782,22.22,21.15578137651822,-0.60956380060511,-0.661672589206957
2022-23,2022-08-08,22.22,21.229,21.11,21.60278137651822,-0.3837009637604335,-0.39032706343430573
2022-23,2022-08-09,22.78,21.733,22.22,22.10678137651822,-0.8071347088130532,-1.0770871618339048
2022-23,2022-08-10,23.89,21.689,22.78,22.06278137651822,-0.18392006883571863,-0.6502785554953368
2022-23,2022-08-11,22.78,21.99,23.89,22.36378137651822,-2.049555775343551,-1.2189587442485503
2022-23,2022-08-12,22.22,21.836,22.78,22.20978137651822,-1.2773820516988985,-1.2594914734737712
2022-23,2022-08-13,22.22,22.571,22.22,22.944781376518222,-0.6883387466678196,-0.8933854413791071
2022-23,2022-08-14,25.0,21.795,22.22,22.168781376518222,-1.8879464621383957,-1.7388054144636065
2022-23,2022-08-15,23.33,21.89,25.0,22.26378137651822,-1.073149728043143,-0.8305207370995854
2022-23,2022-08-16,23.89,23.415,23.33,23.78878137651822,-0.7870642335661215,-1.0783055733363498
2022-23,2022-08-17,20.0,22.216,23.89,22.58978137651822,-0.8788571497012276,-1.1891787988617253
2022-23,2022-08-18,20.56,20.706,20.0,21.07978137651822,-0.45049081548368075,-0.7589585380906946
2022-23,2022-08-19,19.44,21.422,20.56,21.79578137651822,-0.7643181471932212,-0.8768980662253295
2022-23,2022-08-20,22.78,21.896,19.44,22.26978137651822,-1.0905751753969457,-1.0640457029995969
2022-23,2022-08-21,22.78,20.925,22.78,21.29878137651822,-0.15538565674862245,-0.005246016226364477
2022-23,2022-08-22,23.33,22.839,22.78,23.21278137651822,-0.9129929976495491,-1.1294581523781155
2022-23,2022-08-23,22.78,21.571,23.33,21.944781376518222,-0.7055255281303263,-0.46429446549850023
2022-23,2022-08-24,21.67,20.934,22.78,21.30778137651822,-0.263512984185054,-0.18301770193680703
2022-23,2022-08-25,22.78,20.719,21.67,21.09278137651822,-0.017015759306376773,0.05933778111927214
2022-23,2022-08-26,20.56,20.81,22.78,21.18378137651822,-0.18473864209307148,0.1081986045700513
2022-23,2022-08-27,21.67,19.863,20.56,20.23678137651822,0.3766992548047871,0.540157519006249
2022-23,2022-08-28,22.22,20.018,21.67,20.39178137651822,-0.45285477148307807,0.21101124465132315
2022-23,2022-08-29,20.56,20.933,22.22,21.30678137651822,0.17512483047482433,0.24080454404377488
2022-23,2022-08-30,22.22,21.447,20.56,21.82078137651822,0.2755797757430099,0.3500751227167781
2022-23,2022-08-31,21.11,21.304,22.22,21.67778137651822,-0.3540576730192595,-0.8253882686029878
2022-23,2022-09-01,21.11,23.708,21.11,24.08178137651822,-0.9844974453479337,-0.6437728753503076
2022-23,2022-09-02,17.78,22.595,21.11,22.96878137651822,-1.5474557866515217,-1.854380933448612
2022-23,2022-09-03,22.78,23.446,17.78,23.819781376518222,-0.8856348005628305,-1.3255695985206684
2022-23,2022-09-04,25.0,24.067,22.78,24.44078137651822,-1.1797190634338863,-0.9545453789647623
2022-23,2022-09-05,27.78,27.295,25.0,27.668781376518222,-0.9124835416407497,-0.5010422139492899
2022-23,2022-09-06,31.67,29.04,27.78,29.41378137651822,-0.31265562403844127,-0.05872387578892689
2022-23,2022-09-07,26.67,25.873,31.67,26.24678137651822,-1.0753559152492014,-0.3810884111438117
2022-23,2022-09-08,34.44,26.262,26.67,26.63578137651822,-1.767042428868517,-1.2029915478744835
2022-23,2022-09-09,23.89,23.459,34.44,23.83278137651822,-1.9386859964920964,-1.8711660648292543
2022-23,2022-09-10,25.0,21.56,23.89,21.93378137651822,-0.15187207069402733,-0.7281679516088805
2022-23,2022-09-11,23.33,23.021,25.0,23.39478137651822,-1.255601359092037,-1.5397968926123415
2022-23,2022-09-12,20.56,19.535,23.33,19.90878137651822,0.5640695998861154,0.13567314240411055
2022-23,2022-09-13,20.0,19.489,20.56,19.86278137651822,0.3807001822573747,0.5897320994508549
2022-23,2022-09-14,22.22,20.004,20.0,20.37778137651822,-1.2245913310293401,1.7085981796201142
2022-23,2022-09-15,19.44,19.472,22.22,19.84578137651822,0.1366351506383248,1.827676826216024
2022-23,2022-09-16,21.11,19.506,19.44,19.87978137651822,-0.19183443046686752,1.9252247529812565
2022-23,2022-09-17,19.44,18.136,21.11,18.50978137651822,1.3387564969059091,1.4626292553612896
2022-23,2022-09-18,17.78,16.955,19.44,17.32878137651822,1.2942818667414144,2.5600523956399424
2022-23,2022-09-19,21.11,19.405,17.78,19.77878137651822,0.7877405258306103,1.871153555627717
2022-23,2022-09-20,21.67,20.075,21.11,20.44878137651822,-0.4378755850000686,0.09216028059806218
2022-23,2022-09-21,20.56,19.837,21.67,20.21078137651822,0.36923826342217764,1.9936147906711839
2022-23,2022-09-22,22.22,20.536,20.56,20.90978137651822,0.16434192481295334,1.419623754787012
2022-23,2022-09-23,23.33,22.913,22.22,23.28678137651822,-0.34434881825179464,0.9326415072664169
2022-23,2022-09-24,23.89,24.203,23.33,24.57678137651822,0.2762826486192932,1.494313444799433
2022-23,2022-09-25,20.56,22.711,23.89,23.08478137651822,-0.5645199512264225,-0.3353421249008018
2022-23,2022-09-26,18.33,21.507,20.56,21.88078137651822,-0.7249429272610499,-0.9333997760759071
2022-23,2022-09-27,18.89,19.708,18.33,20.08178137651822,0.17221735953252826,0.42550043809348415
2022-23,2022-09-28,20.0,20.711,18.89,21.08478137651822,-0.25679490771489993,0.22796068843673667
2022-23,2022-09-29,22.78,20.359,20.0,20.732781376518222,-0.7147549362037928,0.01852264687619664
2022-23,2022-09-30,22.78,22.875,22.78,23.24878137651822,-0.45073982987923733,-0.576960621610419
2022-23,2022-10-01,18.89,20.612,22.78,20.98578137651822,0.1598433054194594,0.2633240659764668
2022-23,2022-10-02,21.67,19.354,18.89,19.72778137651822,0.3856882075539922,0.5652844516518141
2022-23,2022-10-03,21.11,20.144,21.67,20.51778137651822,-0.4273316128129757,0.013122887483159854
2022-23,2022-10-04,17.78,20.659,21.11,21.03278137651822,-0.5903120574358779,-0.27053357715570037
2022-23,2022-10-05,19.44,22.181,17.78,22.55478137651822,-0.4149452263043774,-1.3186096910512874
2022-23,2022-10-06,20.0,21.072,19.44,21.44578137651822,-0.34321089326608656,-1.0894220828791368
2022-23,2022-10-07,21.11,21.152,20.0,21.52578137651822,-0.7792531501250263,-1.2403542293896619
2022-23,2022-10-08,18.33,21.523,21.11,21.89678137651822,-0.37480760516845885,-1.3356140717265146
2022-23,2022-10-09,16.67,19.989,18.33,20.36278137651822,-0.9201275135974939,-1.0186731331274104
2022-23,2022-10-10,17.78,20.775,16.67,21.14878137651822,-0.5826406158307174,-0.8383327642909734
2022-23,2022-10-11,18.33,19.809,17.78,20.18278137651822,0.31334298660432747,-0.4610521988787116
2022-23,2022-10-12,18.33,20.225,18.33,20.59878137651822,-0.46240294145538163,-0.7708321651358303
2022-23,2022-10-13,16.67,18.899,18.33,19.27278137651822,-0.20714064927055226,-0.48735009112972977
2022-23,2022-10-14,16.67,19.638,16.67,20.011781376518222,-0.39980188562673824,-0.8312085562025947
2022-23,2022-10-15,17.78,18.219,16.67,18.59278137651822,0.9413591208567874,0.14280367588034434
2022-23,2022-10-16,18.89,18.577,17.78,18.950781376518222,0.00781195383496703,0.038387621779047414
2022-23,2022-10-17,19.44,19.51,18.89,19.883781376518222,-0.06683376441018159,-0.6804495714823348
2022-23,2022-10-18,20.56,22.081,19.44,22.45478137651822,-1.1466251327712595,-1.5302064357933438
2022-23,2022-10-19,22.22,26.258,20.56,26.63178137651822,-0.8138451378961354,-0.7474756819876714
2022-23,2022-10-20,19.44,22.599,22.22,22.97278137651822,-1.00868693883436,-0.697209244098953
2022-23,2022-10-21,17.22,19.165,19.44,19.53878137651822,-0.44654439144849745,-0.6612778376958988
2022-23,2022-10-22,18.33,16.766,17.22,17.13978137651822,1.2477203250795403,1.0832312014416812
2022-23,2022-10-23,19.44,15.999,18.33,16.37278137651822,1.7986126030049838,1.445409700045948
2022-23,2022-10-24,20.56,18.603,19.44,18.976781376518222,-0.30875524199638593,-0.17493659005047557
2022-23,2022-10-25,17.78,17.307,20.56,17.68078137651822,1.3067400169684684,0.9416274323523639
2022-23,2022-10-26,17.78,15.523,17.78,15.896781376518218,1.1487510048349232,1.0455431909025552
2022-23,2022-10-27,19.44,17.548,17.78,17.92178137651822,0.26549523926379254,0.6563638299707516
2022-23,2022-10-28,16.67,16.019,19.44,16.39278137651822,0.12752346988244853,0.2944385304225858
2022-23,2022-10-29,17.22,17.103,16.67,17.476781376518222,0.5907917634218477,-0.1740392589202827
2022-23,2022-10-30,16.67,18.124,17.22,18.49778137651822,-0.05677625690433487,-1.0480546431893718
2022-23,2022-10-31,15.56,15.812,16.67,16.185781376518218,-0.43318710239614977,-0.8249339685850133
2022-23,2022-11-01,11.11,11.077,15.56,11.450781376518218,1.3959125267280519,1.526208064526522
2022-23,2022-11-02,15.0,13.203,11.11,13.576781376518218,1.395469412759054,0.7249089862403809
2022-23,2022-11-03,14.44,12.68,15.0,13.053781376518218,1.2233720864054787,1.2203194124060057
2022-23,2022-11-04,15.0,15.028,14.44,15.401781376518219,-0.5929229195336404,-1.3899476401920245
2022-23,2022-11-05,17.22,16.359,15.0,16.732781376518222,-0.4021532650404059,-0.0470194348843195
2022-23,2022-11-06,16.11,14.326,17.22,14.699781376518219,1.29750938307017,1.2706046291978128
2022-23,2022-11-07,15.0,13.342,16.11,13.715781376518219,1.228643994620638,0.6141552784083721
2022-23,2022-11-08,10.56,10.653,15.0,11.026781376518219,1.3006486787548344,1.287213639011349
2022-23,2022-11-09,14.44,13.35,10.56,13.723781376518218,0.6164508517290751,0.9251453447679904
2022-23,2022-11-10,13.33,12.604,14.44,12.977781376518218,0.4264553961559892,-0.14866835604131298
2022-23,2022-11-11,12.22,13.396,13.33,13.76978137651822,-0.6996925725395158,-0.9106907402955544
2022-23,2022-11-12,14.44,13.233,12.22,13.606781376518219,0.6247680144397625,0.595551809755824
2022-23,2022-11-13,15.0,12.842,14.44,13.215781376518219,0.6669684484128828,0.9155369562576542
2022-23,2022-11-14,12.78,13.724,15.0,14.097781376518219,-0.660287148007742,-0.6259160336016875
2022-23,2022-11-15,16.11,14.027,12.78,14.400781376518218,0.3884914651288623,0.7501380591753316
2022-23,2022-11-16,17.22,15.005,16.11,15.37878137651822,0.05811400005898436,-0.20714412890456166
2022-23,2022-11-17,13.89,15.281,17.22,15.654781376518219,-0.379143165361628,-0.4396330612833095
2022-23,2022-11-18,13.33,14.849,13.89,15.222781376518219,0.10747902024571686,-0.35209016988096
2022-23,2022-11-19,14.44,13.797,13.33,14.17078137651822,0.26236355195650524,-0.05668447747974891
2022-23,2022-11-20,15.0,15.247,14.44,15.620781376518218,-1.3238815058510451,-1.7504681881449302
2022-23,2022-11-21,13.89,14.882,15.0,15.255781376518218,-1.1205870148000403,-1.5332806205259346
2022-23,2022-11-22,13.33,15.909,13.89,16.28278137651822,-1.2760390442826965,-1.655885455846787
2022-23,2022-11-23,14.44,16.174,13.33,16.54778137651822,-1.1790240817318502,-1.8706095288587292
2022-23,2022-11-24,16.11,16.549,14.44,16.92278137651822,-1.7529254952998001,-2.1687291702705345
2022-23,2022-11-25,15.56,17.711,16.11,18.08478137651822,-2.126299387039098,-2.1158357478585064
2022-23,2022-11-26,13.89,15.436,15.56,15.809781376518218,-0.9274167658851667,-1.4810271206419665
2022-23,2022-11-27,13.89,15.715,13.89,16.08878137651822,-2.1318697765283963,-1.7130734319280596
2022-23,2022-11-28,14.44,12.754,13.89,13.127781376518218,0.7304326766929082,0.6018490751215237
2022-23,2022-11-29,11.67,11.731,14.44,12.104781376518218,-1.4349412066503513,-1.271537081417523
2022-23,2022-12-01,10.0,9.019,12.22,9.392781376518219,-1.4336339009569987,-0.374563902330152
2022-23,2022-12-02,9.44,9.874,10.0,10.247781376518219,0.01573415438228261,-0.15444812213910772
2022-23,2022-12-03,9.44,8.513,9.44,8.886781376518218,-1.4462398512392385,-1.6334144215653021
2022-23,2022-12-04,15.0,13.31,9.44,13.683781376518219,-0.3323571345595742,0.49791293558605626
2022-23,2022-12-05,14.44,13.267,15.0,13.640781376518218,-0.4987086195842666,-0.1892697692728945
2022-23,2022-12-06,12.22,12.144,14.44,12.517781376518219,-0.3940794810135329,0.23795021595654686
2022-23,2022-12-07,11.67,12.433,12.22,12.806781376518218,-1.449500890503051,-1.303242362585256
2022-23,2022-12-08,10.56,11.839,11.67,12.212781376518219,-0.1293562837245682,-0.06462772042001526
2022-23,2022-12-09,10.56,11.87,10.56,12.243781376518218,-1.4830795928216025,-1.4721143145930689
2022-23,2022-12-10,14.44,12.961,10.56,13.334781376518219,0.10200048236398555,0.6266122593812922
2022-23,2022-12-11,11.11,10.764,14.44,11.137781376518218,0.4635626592457607,0.7635370257960922
2022-23,2022-12-12,11.11,8.366,11.11,8.739781376518218,-0.5491715324382752,0.49955049563403064
2022-23,2022-12-13,10.0,10.565,11.11,10.938781376518218,-1.5426689015711228,-1.0589360935346748
2022-23,2022-12-14,9.44,10.587,10.0,10.960781376518218,-1.5392408200196461,-1.2532873717694268
2022-23,2022-12-15,11.67,10.844,9.44,11.217781376518218,-1.5447289123868069,-1.4781022001159803
2022-23,2022-12-16,11.11,10.906,11.67,11.279781376518219,-0.2701320555236003,-0.5468427020024011
2022-23,2022-12-17,11.11,11.509,11.11,11.882781376518219,-1.5105457731113154,-2.2975285618969346
2022-23,2022-12-18,10.0,11.609,11.11,11.982781376518219,-1.5915522234993396,-1.2083679164031724
2022-23,2022-12-19,7.78,11.351,10.0,11.72478137651822,-1.6323721532622806,-0.9464560048587677
2022-23,2022-12-20,10.56,11.612,7.78,11.985781376518219,-1.6323721532622806,-2.1709426407615893
2022-23,2022-12-21,11.11,13.362,10.56,13.735781376518219,-2.1017541579198786,-2.429013617130294
2022-23,2022-12-22,10.56,13.438,11.11,13.81178137651822,-2.06469729602495,-1.1108236613366305
2022-23,2022-12-23,11.67,14.711,10.56,15.084781376518219,-2.2171195991842123,-1.5610034107920274
2022-23,2022-12-24,12.22,14.576,11.67,14.949781376518219,-2.1884054699820465,-1.809428224354351
2022-23,2022-12-25,13.33,14.754,12.22,15.127781376518218,-2.1593811848422497,-2.206274599550957
2022-23,2022-12-26,10.0,15.271,13.33,15.64478137651822,-2.2084061280238405,-2.3595672556363576
2022-23,2022-12-27,15.56,13.252,10.0,13.62578137651822,-0.4231034998071728,0.5751789460677751
2022-23,2022-12-28,11.67,11.636,15.56,12.009781376518218,-0.6363083513252935,-1.2771747231542092
2022-23,2022-12-29,10.56,10.28,11.67,10.653781376518218,-0.5315091602213623,-0.1946399736667878
2022-23,2022-12-30,15.56,14.18,10.56,14.553781376518218,-0.3644154857713547,0.14036655140487256
2022-23,2022-12-31,13.89,14.168,15.56,14.541781376518218,0.09627598516115496,-0.4720548005533704
2022-23,2023-01-01,14.44,13.002,13.89,13.37578137651822,-0.1498056545334964,0.016508943110711684
2022-23,2023-01-02,11.11,9.538,14.44,9.911781376518219,0.051212505264197176,-0.11825066888678334
2022-23,2023-01-03,11.67,13.249,11.11,13.622781376518219,-0.2644955952770455,0.28694747633028167
2022-23,2023-01-04,13.33,13.911,11.67,14.284781376518218,0.07459224265611938,-0.09623476891425967
2022-23,2023-01-05,12.22,12.019,13.33,12.392781376518219,0.43450580176970643,0.47262143768411286
2022-23,2023-01-06,13.33,13.887,12.22,14.260781376518219,-0.21704844593904857,-0.42419582913606907
2022-23,2023-01-07,15.56,13.492,13.33,13.86578137651822,0.07986473303305133,-0.2910066338662649
2022-23,2023-01-08,14.44,14.072,15.56,14.445781376518218,-0.5641005368415016,0.32551618397605764
2022-23,2023-01-09,15.56,11.204,14.44,11.57778137651822,-0.6329372530802703,0.08453165635096214
2022-23,2023-01-10,14.44,11.959,15.56,12.332781376518218,0.6503578484250857,0.6355519261751862
2022-23,2023-01-11,12.22,11.181,14.44,11.554781376518218,0.5340463616410637,0.1428629022837089
2022-23,2023-01-12,14.44,15.914,12.22,16.28778137651822,-0.3900903766743642,-0.9558166692943376
2022-23,2023-01-13,13.33,12.126,14.44,12.499781376518218,0.1802342637011033,0.7969227714387411
2022-23,2023-01-14,15.56,13.21,13.33,13.58378137651822,0.46477177841441425,0.5878462577222724
2022-23,2023-01-15,12.78,11.48,15.56,11.853781376518219,0.050712330346549775,0.5787439570133508
2022-23,2023-01-16,11.67,11.307,12.78,11.680781376518219,0.36573434759364803,0.5259858778497655
2022-23,2023-01-17,11.67,10.7,11.67,11.073781376518218,-0.27274923320576033,-0.3211917122149026
2022-23,2023-01-18,11.67,11.998,11.67,12.371781376518218,-1.5502069397873635,-1.3997891822505026
2022-23,2023-01-19,11.11,10.301,11.67,10.674781376518219,0.23951426722427607,0.2797404170050589
2022-23,2023-01-20,11.67,10.044,11.11,10.417781376518219,0.37989684222968995,0.11520105610156645
2022-23,2023-01-21,11.11,10.631,11.67,11.004781376518219,0.5468010865280619,0.21607841037504424
2022-23,2023-01-22,12.22,10.576,11.11,10.949781376518219,0.358706917974023,-0.6917626080516703
2022-23,2023-01-23,13.89,11.308,12.22,11.681781376518218,0.370815896884439,0.05208079775345015
2022-23,2023-01-24,15.0,12.609,13.89,12.982781376518219,-1.3967099226431563,-1.4346088307197895
2022-23,2023-01-25,15.0,13.789,15.0,14.162781376518218,-0.21050559728545673,-1.2521105184970234
2022-23,2023-01-26,15.56,14.543,15.0,14.916781376518218,-2.0723830256080435,-2.541166745709167
2022-23,2023-01-27,11.11,13.519,15.56,13.892781376518219,-1.9283838522785854,-2.7107409162407365
2022-23,2023-01-28,8.33,13.067,11.11,13.440781376518219,-1.7075904946855514,-1.9618879672348029
2022-23,2023-01-29,10.0,9.144,8.33,9.517781376518219,0.49793590479297123,0.53592543852437
2022-23,2023-01-30,10.56,7.681,10.0,8.05478137651822,0.2148631047380478,0.42074772828520035
2022-23,2023-01-31,12.78,10.115,10.56,10.488781376518219,-1.5593558006248192,-1.6546276529757238
2022-23,2023-02-01,11.11,11.902,12.78,12.275781376518218,-1.6229303869230567,-1.2049109114253738
2022-23,2023-02-02,11.11,12.396,11.11,12.76978137651822,-1.6229303869230567,-1.985120185455493
2022-23,2023-02-03,11.11,11.474,11.11,11.847781376518219,-0.15337899320793424,0.9156027901815067
2022-23,2023-02-04,11.11,14.991,11.11,15.364781376518218,-0.4964991886318823,-0.27736037909792166
2022-23,2023-02-05,13.89,11.28,11.11,11.653781376518218,0.6062247434392487,0.46750180495036037
2022-23,2023-02-06,12.22,11.559,13.89,11.932781376518218,-1.416477771747684,-2.058957244713375
2022-23,2023-02-07,12.22,12.497,12.22,12.870781376518218,-1.3616482702403274,-0.8632644826456746
2022-23,2023-02-08,12.22,14.344,12.22,14.717781376518218,-1.2257993320136518,-1.883963403452231
2022-23,2023-02-09,12.78,15.686,12.22,16.05978137651822,-1.7830208934697809,-2.4556870670946407
2022-23,2023-02-10,13.33,12.964,12.78,13.337781376518219,0.15973954364205878,-0.08478884723108218
2022-23,2023-02-11,10.0,8.811,13.33,9.184781376518218,0.9136154250455892,0.8265910491934544
2022-23,2023-02-12,12.78,14.103,10.0,14.476781376518218,-1.3169595723148466,-2.313044650539011
2022-23,2023-02-13,14.44,14.226,12.78,14.59978137651822,0.2957984147367576,-0.34657102113469174
2022-23,2023-02-14,11.67,9.289,14.44,9.662781376518218,0.91494454948834,-0.24070582794052775
2022-23,2023-02-15,12.22,10.531,11.67,10.904781376518219,0.49127205550764813,1.2168022051845049
2022-23,2023-02-16,10.0,11.694,12.22,12.06778137651822,-1.059299734269838,-1.364821690529556
2022-23,2023-02-17,12.78,11.823,10.0,12.196781376518219,-0.29149448909055087,-0.3731313531915165
2022-23,2023-02-18,12.22,13.854,12.78,14.227781376518218,-1.402969978861404,-1.0001813928226795
2022-23,2023-02-19,12.78,14.408,12.22,14.781781376518218,-1.5189935001220056,-1.80088216330661
2022-23,2023-02-20,13.89,14.874,12.78,15.247781376518219,-1.5061666337067543,-1.5740176883237986
2022-23,2023-02-21,12.78,11.796,13.89,12.169781376518218,0.8446514656537255,-0.2048115837861414
2022-23,2023-02-22,10.0,8.775,12.78,9.148781376518219,0.9276814739738899,0.59617592196073
2022-23,2023-02-23,9.44,8.392,10.0,8.765781376518218,0.4091657859994098,0.4245038533239245
2022-23,2023-02-24,8.89,7.543,9.44,7.916781376518219,0.2549595927517377,0.9928267168330278
2022-23,2023-02-25,8.33,5.577,8.89,5.9507813765182185,-0.9652159673691407,0.06517334024119288
2022-23,2023-02-26,11.67,8.33,8.33,8.703781376518219,0.891597750032533,0.6238071176228439
2022-23,2023-02-27,7.22,7.325,11.67,7.698781376518219,0.8127646450911178,0.9983012566306099
2022-23,2023-02-28,11.67,10.346,7.22,10.719781376518219,0.8460145774663216,0.7068394531044118
2022-23,2023-03-01,10.56,9.493,11.67,9.866781376518219,0.9357806797021608,0.6348814883417434
2022-23,2023-03-02,11.67,10.733,10.56,11.106781376518219,0.4191641846120199,0.29855144873139755
2022-23,2023-03-03,11.11,10.862,11.67,11.235781376518219,-0.37217892569650934,-1.1103830287176137
2022-23,2023-03-04,9.44,7.0,11.11,7.3737813765182185,0.8216970612228985,1.1989093127139225
2022-23,2023-03-05,11.11,9.526,9.44,9.899781376518218,0.8158980514346028,0.4511738890811685
2022-23,2023-03-06,11.67,10.414,11.11,10.787781376518218,0.8475203604348183,0.6669711661591097
2022-23,2023-03-07,11.11,10.113,11.67,10.486781376518218,0.4305547725231391,0.12078548233872584
2022-23,2023-03-08,11.11,10.243,11.11,10.616781376518219,1.0082239599927147,0.8666623118639731
2022-23,2023-03-09,11.67,9.71,11.11,10.08378137651822,1.0859135536897386,1.136151377068296
2022-23,2023-03-10,11.67,11.776,11.67,12.149781376518218,0.27480279036044253,1.0233554802670923
2022-23,2023-03-11,15.0,14.484,11.67,14.857781376518219,1.614044087578862,1.8744151062408811
2022-23,2023-03-12,14.44,14.981,15.0,15.354781376518218,0.7847500314458296,0.9615568632396605
2022-23,2023-03-13,18.33,15.525,14.44,15.898781376518219,0.25645155394313074,0.5882264244603733
2022-23,2023-03-14,16.67,14.159,18.33,14.53278137651822,0.9816775658724208,1.466953923555334
2022-23,2023-03-15,12.78,11.062,16.67,11.435781376518218,1.577548194807549,1.6327985747254332
2022-23,2023-03-16,13.33,13.236,12.78,13.60978137651822,1.5685875493464156,0.9310894897326696
2022-23,2023-03-17,13.89,14.606,13.33,14.979781376518218,0.05292273275825832,-0.35739973592612584
2022-23,2023-03-18,14.44,16.228,13.89,16.601781376518222,-0.6952510076818862,-0.8883439439654408
2022-23,2023-03-19,12.78,11.545,14.44,11.918781376518218,1.1853008121231534,1.4504720733340613
2022-23,2023-03-20,12.78,12.033,12.78,12.406781376518218,1.5268824981439204,1.5373568576907968
2022-23,2023-03-21,12.78,9.523,12.78,9.896781376518218,1.1308765085260273,1.5784609515080412
2022-23,2023-03-22,13.33,10.265,12.78,10.638781376518219,1.0796536591420869,1.4622374878961049
2022-23,2023-03-23,12.78,11.804,13.33,12.177781376518219,1.1874641357757327,0.9818999451577014
2022-23,2023-03-24,12.22,10.96,12.78,11.33378137651822,1.015177175610503,1.2391535007701897
2022-23,2023-03-25,12.78,10.459,12.22,10.832781376518218,1.1326045755231826,1.1843922172003443
2022-23,2023-03-26,12.22,10.497,12.78,10.870781376518218,1.3443237188451924,1.687630992995833
2022-23,2023-03-27,12.78,12.674,12.22,13.047781376518218,0.28026903548278637,-0.06606157285396966
2022-23,2023-03-28,10.0,9.911,12.78,10.284781376518218,1.0232749426415024,1.7787135794330917
2022-23,2023-03-29,9.44,9.404,10.0,9.777781376518218,1.0232749426415024,1.4478903113475756
2022-23,2023-03-30,12.22,11.232,9.44,11.605781376518218,0.8503415911583645,1.0822663645516384
2022-23,2023-03-31,13.33,11.468,12.22,11.841781376518218,0.9241513922437865,1.6536457414935675
2022-23,2023-04-01,16.11,13.506,13.33,13.879781376518219,-0.06619420390056852,0.22694449320902724
2022-23,2023-04-02,13.89,12.422,16.11,12.79578137651822,1.2139233087414127,1.287037389844568
2022-23,2023-04-03,12.22,11.165,13.89,11.538781376518218,1.119045931896478,1.5507848687237433
2022-23,2023-04-04,12.22,10.512,12.22,10.885781376518219,1.6393195538889938,1.8773763903411989
2022-23,2023-04-05,13.33,11.381,12.22,11.754781376518219,1.0605859587456836,1.4791480081244548
2022-23,2023-04-06,14.44,13.642,13.33,14.015781376518218,0.1983337426950725,0.018852735267877754
2022-23,2023-04-07,15.0,11.747,14.44,12.120781376518218,1.4799984018775705,2.7806231743818555
2022-23,2023-04-08,15.0,14.115,15.0,14.488781376518219,0.953231559693076,1.8358970255967935
2022-23,2023-04-09,17.22,16.851,15.0,17.22478137651822,0.299047719482027,1.2195595417957128
2022-23,2023-04-10,19.44,17.89,17.22,18.26378137651822,1.69780779309312,1.8784050385042494
2022-23,2023-04-11,15.56,14.342,19.44,14.715781376518219,1.494386678411686,1.7770113202833289
2022-23,2023-04-12,13.89,11.649,15.56,12.022781376518218,1.9079698650814985,1.8214712458499576
2022-23,2023-04-13,16.11,13.218,13.89,13.591781376518218,1.8059164471889408,2.138760971609977
2022-23,2023-04-14,14.44,13.322,16.11,13.695781376518218,1.406998178017434,2.026455079386464
2022-23,2023-04-15,14.44,14.173,14.44,14.546781376518219,1.653411022300053,2.1547689480273147
2022-23,2023-04-16,14.44,13.498,14.44,13.871781376518218,2.05663757386116,2.063206491275777
2022-23,2023-04-17,13.33,11.829,14.44,12.20278137651822,1.659617292255816,1.4941356897386353
2022-23,2023-04-18,13.89,11.88,13.33,12.25378137651822,1.8314946767773037,1.9678668687018352
2022-23,2023-04-19,15.0,12.549,13.89,12.922781376518218,2.1203090348927054,1.9822609076501005
2022-23,2023-04-20,18.89,14.271,15.0,14.64478137651822,2.135351480413633,2.6212027251600385
2022-23,2023-04-21,21.11,17.179,18.89,17.55278137651822,1.6021384739548485,0.14250280905654106
2022-23,2023-04-22,20.0,17.939,21.11,18.31278137651822,1.4642371587028944,2.1630714241569957
2022-23,2023-04-23,15.56,14.98,20.0,15.353781376518219,2.3986068427336598,1.4771240468248141
2022-23,2023-04-24,16.67,15.35,15.56,15.723781376518218,1.22012566666206,0.4174768603967753
2022-23,2023-04-25,18.33,17.546,16.67,17.91978137651822,1.3204521692328783,-0.07056794303344607
2022-23,2023-04-26,20.0,19.172,18.33,19.54578137651822,0.4893187477543127,0.41274354448422323
2022-23,2023-04-27,20.0,21.341,20.0,21.71478137651822,1.4868486030483996,0.9407664371042561
2022-23,2023-04-28,17.78,20.904,20.0,21.27778137651822,0.864313440496287,-0.0021900146111758787
2022-23,2023-04-29,15.0,18.194,17.78,18.56778137651822,1.3357744592664744,-0.10272272619701805
2022-23,2023-04-30,15.56,14.191,15.0,14.56478137651822,2.038481775396722,1.69854049090087
2022-23,2023-05-01,14.44,12.968,15.56,13.341781376518218,2.0895403893966895,2.4476268882763046
2022-23,2023-05-02,12.22,12.745,14.44,13.118781376518218,2.0018359877881142,2.4668993469384226
2022-23,2023-05-03,15.0,11.727,12.22,12.100781376518219,1.734734866403261,2.5087377117167913
2022-23,2023-05-04,13.89,14.111,15.0,14.48478137651822,2.274983961382059,2.7281521841283283
2022-23,2023-05-05,15.56,14.588,13.89,14.961781376518218,2.6110215908357426,2.6152075669081802
2022-23,2023-05-06,16.67,14.278,15.56,14.651781376518219,2.5559912517309926,2.3971612690116473
2022-23,2023-05-07,17.78,14.993,16.67,15.366781376518219,2.3160269180406075,2.8320022822245883
2022-23,2023-05-08,16.67,15.17,17.78,15.543781376518218,2.936371029447235,2.9028734095970323
2022-23,2023-05-09,17.22,15.316,16.67,15.68978137651822,1.9330713748867128,2.6408873321241333
2022-23,2023-05-10,16.11,15.132,17.22,15.505781376518218,2.667041949351821,2.9258808409532664
2022-23,2023-05-11,16.11,16.037,16.11,16.41078137651822,1.637110463417539,2.1092912858851243
2022-23,2023-05-12,18.33,18.025,16.11,18.39878137651822,1.4223043919071992,0.5518465309281031
2022-23,2023-05-13,18.89,21.756,18.33,22.12978137651822,0.6407964090387102,0.8851528270175683
2022-23,2023-05-14,19.44,20.787,18.89,21.16078137651822,1.7527743089848264,0.44519166014783706
2022-23,2023-05-15,19.44,18.584,19.44,18.95778137651822,0.5203323831313093,0.4484093160742338
2022-23,2023-05-16,18.33,20.136,19.44,20.50978137651822,0.5216416563397124,1.1053032322094503
2022-23,2023-05-17,16.67,20.13,18.33,20.50378137651822,0.5126241833954901,0.6488423161127177
2022-23,2023-05-18,17.22,18.508,16.67,18.88178137651822,0.6368936674167524,0.48403885842048144
2022-23,2023-05-19,16.11,18.143,17.22,18.51678137651822,0.8961568394989053,1.0089670130098205
2022-23,2023-05-20,16.11,15.936,16.11,16.30978137651822,1.2022291505541094,1.0385688752958717
2022-23,2023-05-21,18.33,18.532,16.11,18.90578137651822,0.5202408341711333,0.5914325551845876
2022-23,2023-05-22,18.89,18.668,18.33,19.04178137651822,0.5834772190858437,0.7404554683876908
2022-23,2023-05-23,17.78,15.976,18.89,16.34978137651822,1.1354253496392073,0.7793504824221488
2022-23,2023-05-24,16.67,17.0,17.78,17.37378137651822,2.1614511324445713,1.691612510983896
2022-23,2023-05-25,17.22,17.075,16.67,17.44878137651822,2.5491289008507576,1.8516134949434966
2022-23,2023-05-26,16.67,17.358,17.22,17.73178137651822,2.7885338203200645,1.1694060431289222
2022-23,2023-05-27,18.89,17.236,16.67,17.60978137651822,1.3472561144650492,1.3161183117960928
2022-23,2023-05-28,15.0,15.276,18.89,15.649781376518218,1.6458998291575697,1.7230824753552931
2022-23,2023-05-29,18.89,17.598,15.0,17.97178137651822,1.652340991435516,3.419974995524574
2022-23,2023-05-30,18.89,17.4,18.89,17.77378137651822,2.211469394756732,2.543172724059915
2022-23,2023-05-31,17.78,16.807,18.89,17.18078137651822,1.6991797114300937,1.359133524547346
2022-23,2023-06-01,18.89,17.587,17.78,17.96078137651822,2.8374908579240277,2.42220034227262
2022-23,2023-06-02,18.89,17.436,18.89,17.80978137651822,2.2577529430784185,2.046983972068831
2022-23,2023-06-03,20.56,19.362,18.89,19.73578137651822,1.0686075272813977,1.6788142241001478
2022-23,2023-06-04,19.44,19.574,20.56,19.947781376518222,0.9901070595255919,0.7556202214786966
2022-23,2023-06-05,20.56,18.266,19.44,18.63978137651822,1.8961219884321427,1.4490911496477552
2022-23,2023-06-06,17.22,18.777,20.56,19.15078137651822,1.3862360846658466,2.9210173474946837
2022-23,2023-06-07,20.0,18.571,17.22,18.944781376518222,1.8246229965177365,2.971593386986584
2022-23,2023-06-08,20.56,19.202,20.0,19.575781376518222,2.235263429782288,2.8852296596817295
2022-23,2023-06-09,18.89,18.116,20.56,18.48978137651822,2.199928704226157,2.708051250478384
2022-23,2023-06-10,17.22,17.403,18.89,17.77678137651822,2.557412062419435,1.794199431662424
2022-23,2023-06-11,19.44,18.216,17.22,18.58978137651822,3.069174206598637,1.9681627635278331
2022-23,2023-06-12,20.0,18.94,19.44,19.31378137651822,2.632904841589381,1.9404085895838576
2022-23,2023-06-13,20.0,19.27,20.0,19.64378137651822,2.648370473487535,1.900624207474895
2022-23,2023-06-14,20.0,19.843,20.0,20.21678137651822,2.3881173328836036,1.7197897561331508
2022-23,2023-06-15,20.0,18.898,20.0,19.27178137651822,2.304832016298105,1.0698109753819753
2022-23,2023-06-16,21.11,20.512,20.0,20.88578137651822,2.6782249739540642,1.70020311179614
2022-23,2023-06-17,21.11,20.617,21.11,20.99078137651822,2.7512017888151235,1.438493066028626
2022-23,2023-06-18,20.0,17.741,21.11,18.11478137651822,2.0722575821189286,1.7645250902641616
2022-23,2023-06-19,17.78,16.602,20.0,16.97578137651822,2.703945821072901,2.694836014943089
2022-23,2023-06-20,20.0,17.479,17.78,17.85278137651822,2.4032200995366684,2.9371361716276843
2022-23,2023-06-21,19.44,18.124,20.0,18.49778137651822,3.547067457950695,3.786559997049021
2022-23,2023-06-22,19.44,17.59,19.44,17.96378137651822,2.2124969671172448,2.671588549280591
2022-23,2023-06-23,19.44,18.492,19.44,18.86578137651822,1.6313287866061292,2.9060625586172044
2022-23,2023-06-24,18.89,17.752,19.44,18.12578137651822,0.5954150580886673,1.5336587698031146
2022-23,2023-06-25,17.22,16.775,18.89,17.14878137651822,1.4467766574043972,1.100892010876068
2022-23,2023-06-26,17.22,18.117,17.22,18.49078137651822,0.8283780800497239,0.3383248460483863
2022-23,2023-06-27,16.67,18.965,17.22,19.33878137651822,1.2304969825613632,0.40325956111274636
2022-23,2023-06-28,16.11,19.654,16.67,20.02778137651822,0.9110592367255798,0.4941407142533896
2022-23,2023-06-29,19.44,21.093,16.11,21.46678137651822,0.4201008808467425,-0.5058577802532206
2022-23,2023-06-30,21.67,23.902,19.44,24.27578137651822,-0.19333892476248804,-0.9426711954439378
2022-23,2023-07-01,22.22,24.782,21.67,25.15578137651822,-0.1361243386970233,-0.6204101409247852
2022-23,2023-07-02,26.11,24.241,22.22,24.61478137651822,0.24558838250207546,-0.52479042853075
2022-23,2023-07-03,21.67,22.589,26.11,22.96278137651822,0.27226978730248447,-0.643248829019035
2022-23,2023-07-04,20.56,20.386,21.67,20.75978137651822,0.997379371104659,0.10039256583455229
2022-23,2023-07-05,21.11,19.387,20.56,19.76078137651822,1.1059358748970771,0.3291990921787794
2022-23,2023-07-06,19.44,18.578,21.11,18.95178137651822,0.1306472991097355,-0.4040251014860554
2022-23,2023-07-07,15.56,16.804,19.44,17.17778137651822,0.9412417009008469,0.25687764654021344
2022-23,2023-07-08,17.78,17.004,15.56,17.37778137651822,0.5382435104162233,-0.11707335145894315
2022-23,2023-07-09,16.11,18.018,17.78,18.39178137651822,0.017846463393003085,0.37134615119945175
2022-23,2023-07-10,17.78,19.907,16.11,20.28078137651822,0.3293518691093532,-0.18295407535333527
2022-23,2023-07-11,20.56,22.22,17.78,22.59378137651822,-0.5553047066680743,-0.368154341492809
2022-23,2023-07-12,18.33,21.087,20.56,21.46078137651822,-0.373926843966752,-1.0155163117770516
2022-23,2023-07-13,20.0,21.15,18.33,21.52378137651822,-0.691457302889983,-1.3124202738270112
2022-23,2023-07-14,20.0,22.498,20.0,22.87178137651822,-1.2209983460956033,-1.311896920858403
2022-23,2023-07-15,20.56,23.447,20.0,23.82078137651822,-0.9423892264105078,-1.210814716169857
2022-23,2023-07-16,23.33,24.109,20.56,24.482781376518222,-0.32122826563630624,-0.2629508654004668
2022-23,2023-07-17,23.33,22.866,23.33,23.23978137651822,-1.2919983230122305,-1.490244861939794
2022-23,2023-07-18,20.56,19.79,23.33,20.16378137651822,0.10885768343888554,0.20125578210189554
2022-23,2023-07-19,20.56,20.226,20.56,20.59978137651822,-0.5810601926371339,-1.0690611577255704
2022-23,2023-07-20,22.22,21.855,20.56,22.22878137651822,-1.486641106879571,-1.6684827599923338
2022-23,2023-07-21,21.67,23.379,22.22,23.75278137651822,-1.6523393452421866,-1.8243324589456178
2022-23,2023-07-22,22.78,23.613,21.67,23.98678137651822,-0.9603409126337223,-1.5219374817065578
2022-23,2023-07-23,19.44,21.597,22.78,21.97078137651822,-0.1560928742753076,-0.5429645323153073
2022-23,2023-07-24,20.0,21.299,19.44,21.67278137651822,-0.9608484825767462,-1.6248225942670316
2022-23,2023-07-25,21.67,22.066,20.0,22.43978137651822,-0.9760827516813276,-0.9332114856297568
2022-23,2023-07-26,19.44,19.849,21.67,20.22278137651822,-0.3954786897397509,-0.8781977551756955
2022-23,2023-07-27,20.56,19.851,19.44,20.22478137651822,-0.5686731917996584,-1.0488998596102996
2022-23,2023-07-28,19.44,20.801,20.56,21.17478137651822,-1.1781546422931177,-1.2885381729986245
2022-23,2023-07-29,20.0,20.893,19.44,21.26678137651822,-1.1384463822134592,-1.4384705320100168
2022-23,2023-07-30,21.67,21.702,20.0,22.075781376518222,-0.6160434058375759,-1.0775427901114363
2022-23,2023-07-31,20.56,20.416,21.67,20.78978137651822,-0.20799358971747584,-0.735837508374399
2023-24,2023-08-01,20.56,19.282,20.56,19.614975524475526,0.17721167471939642,0.4015955755954168
2023-24,2023-08-02,18.89,18.52,20.56,18.852975524475525,0.1691709139797869,0.600573515370873
2023-24,2023-08-03,18.33,19.271,18.89,19.603975524475526,-0.40451039936521255,1.0452747475045392
2023-24,2023-08-04,20.56,20.523,18.33,20.855975524475525,-0.4184701877498951,0.11440663762514049
2023-24,2023-08-05,22.22,21.58,20.56,21.912975524475524,-0.6631739653485788,-0.33100462390978447
2023-24,2023-08-06,23.33,23.463,22.22,23.795975524475526,-1.3592400422218427,-1.546764263104965
2023-24,2023-08-07,25.0,22.476,23.33,22.808975524475525,-1.4327065353785913,-1.1462189648334942
2023-24,2023-08-08,22.22,19.864,25.0,20.196975524475526,0.6691005701393518,0.7364582022487159
2023-24,2023-08-09,21.11,20.487,22.22,20.819975524475524,0.06965219811486535,0.45584513746245137
2023-24,2023-08-10,22.22,20.214,21.11,20.546975524475524,0.5825374382626272,1.119286127312679
2023-24,2023-08-11,21.67,20.49,22.22,20.822975524475524,-0.036005343003128146,0.600624972330335
2023-24,2023-08-12,22.22,22.346,21.67,22.678975524475526,-0.11940833408971888,-0.3099218371340045
2023-24,2023-08-13,25.0,23.934,22.22,24.266975524475527,-0.47414194415904154,-1.021539419343473
2023-24,2023-08-14,21.11,23.62,25.0,23.952975524475526,-1.130672991497752,-1.2774718858209233
2023-24,2023-08-15,24.44,25.318,21.11,25.650975524475527,-0.5352733753174297,-1.3794133378639362
2023-24,2023-08-16,24.44,25.082,24.44,25.414975524475526,-1.2114653039207306,-1.2902049053230817
2023-24,2023-08-17,22.22,23.273,24.44,23.605975524475525,-1.232989896040574,-0.6308303167641997
2023-24,2023-08-18,22.78,22.569,22.22,22.901975524475525,-1.0474828665834859,-0.7266245488178121
2023-24,2023-08-19,22.22,22.35,22.78,22.682975524475527,-1.1214176483092095,-1.3873508338639169
2023-24,2023-08-20,24.44,21.365,22.22,21.697975524475524,-0.38756996291907503,0.5162311072482114
2023-24,2023-08-21,20.56,22.272,24.44,22.604975524475524,-1.0891626299316424,1.1349404248614257
2023-24,2023-08-22,24.44,22.015,20.56,22.347975524475526,-1.2027767139696603,1.54499801460446
2023-24,2023-08-23,27.22,24.716,24.44,25.048975524475527,-0.8356045619527963,1.2953704850537768
2023-24,2023-08-24,25.56,23.793,27.22,24.125975524475525,-0.5959616784412259,1.0045729209959948
2023-24,2023-08-25,20.56,22.136,25.56,22.468975524475525,-1.073778714339403,0.0011031398627753286
2023-24,2023-08-26,20.0,22.919,20.56,23.251975524475526,-0.9020730462008999,-0.25273821487257714
2023-24,2023-08-27,21.11,22.928,20.0,23.260975524475526,-0.061591101724186144,0.19234943846442432
2023-24,2023-08-28,22.78,23.001,21.11,23.333975524475527,-0.34019479100644495,-0.38951305842632955
2023-24,2023-08-29,22.22,22.287,22.78,22.619975524475525,-0.9652106373871835,-0.7652084817604942
2023-24,2023-08-30,27.78,26.065,22.22,26.397975524475527,0.15161625187100108,0.7239037620174928
2023-24,2023-08-31,22.22,20.545,27.78,20.877975524475527,0.2752603499248072,0.2771797847184078
2023-24,2023-09-01,19.44,18.755,22.22,19.087975524475524,1.2228816921248282,2.5771704337283268
2023-24,2023-09-02,22.78,19.107,19.44,19.439975524475525,1.126844119951302,2.3684511795247873
2023-24,2023-09-03,23.33,20.335,22.78,20.667975524475526,0.060403822388442226,2.1461114908632846
2023-24,2023-09-04,20.0,20.191,23.33,20.523975524475524,0.6683682393804978,1.9958392020135411
2023-24,2023-09-05,23.33,20.944,20.0,21.276975524475525,-0.05413088925168503,0.4585105024625217
2023-24,2023-09-06,22.78,21.155,23.33,21.487975524475527,0.6218655734709676,0.8794138307706197
2023-24,2023-09-07,20.56,21.155,22.78,21.487975524475527,-0.07243291520817333,0.6514212311619022
2023-24,2023-09-08,22.78,21.689,20.56,22.021975524475526,0.40837618214109556,0.9149351917322949
2023-24,2023-09-09,21.67,21.474,22.78,21.806975524475526,0.43806196642811207,0.9052106418731191
2023-24,2023-09-10,21.67,21.486,21.67,21.818975524475526,0.44185009610510856,0.7533736568294017
2023-24,2023-09-11,21.11,21.695,21.67,22.027975524475526,-0.020013486896534975,0.8261852772461923
2023-24,2023-09-12,22.22,20.318,21.11,20.650975524475527,0.5673982491326243,0.15917618495475983
2023-24,2023-09-13,21.11,20.747,22.22,21.079975524475525,0.17765541673701432,-0.012275756952572629
2023-24,2023-09-14,21.67,21.549,21.11,21.881975524475525,0.5084737597159341,-0.28209011962116226
2023-24,2023-09-15,21.11,21.462,21.67,21.794975524475525,-0.2716718784210479,-0.19026751352945948
2023-24,2023-09-16,21.11,20.664,21.11,20.996975524475527,-0.1879486972105022,-0.22230193338961893
2023-24,2023-09-17,22.78,20.588,21.11,20.920975524475526,0.13702226015614694,0.19002768691777785
2023-24,2023-09-18,22.22,20.983,22.78,21.315975524475526,0.5514168290102737,1.1669791483279608
2023-24,2023-09-19,21.67,20.03,22.22,20.362975524475527,0.7794165222169744,0.9470602874118796
2023-24,2023-09-20,21.67,20.243,21.67,20.575975524475524,0.5398238646611042,0.28471681408927657
2023-24,2023-09-21,21.11,19.464,21.67,19.796975524475524,1.0701467451719853,1.3139128000936946
2023-24,2023-09-22,20.56,19.062,21.11,19.394975524475527,1.372858240154062,1.3490827296301053
2023-24,2023-09-23,20.56,19.252,20.56,19.584975524475524,1.8656206891492577,1.8425543682431056
2023-24,2023-09-24,21.67,19.849,20.56,20.181975524475526,0.933837533387343,1.314826935507967
2023-24,2023-09-25,23.33,20.539,21.67,20.871975524475527,-0.5479891655805226,1.4799538124354727
2023-24,2023-09-26,22.22,20.633,23.33,20.965975524475525,-0.3145958750580172,1.3744628353814048
2023-24,2023-09-27,23.33,20.46,22.22,20.792975524475526,-0.6018579272117571,0.6657272245368284
2023-24,2023-09-28,22.78,20.224,23.33,20.556975524475526,0.5663126534675432,1.4259347611102855
2023-24,2023-09-29,20.0,18.899,22.78,19.231975524475526,0.034003307535962916,1.4950740235156712
2023-24,2023-09-30,18.33,15.356,20.0,15.688975524475524,2.305178795234007,2.8404834329003
2023-24,2023-10-01,22.78,20.327,18.33,20.659975524475527,0.4944678979489896,0.28560165159024564
2023-24,2023-10-02,22.22,19.482,22.78,19.814975524475525,0.1371888809128749,0.2740933052436741
2023-24,2023-10-03,21.67,20.845,22.22,21.177975524475524,0.17115584216431767,0.2817619537851674
2023-24,2023-10-04,26.67,24.545,21.67,24.877975524475527,0.18471073627872783,0.07473818319516103
2023-24,2023-10-05,26.11,27.045,26.67,27.377975524475527,-0.20063511649718524,0.20199068182950317
2023-24,2023-10-06,26.11,27.416,26.11,27.748975524475526,-0.5791035601115285,0.23113144149543433
2023-24,2023-10-07,26.67,26.394,26.11,26.726975524475524,-0.906739831264357,0.9419215246394277
2023-24,2023-10-08,20.0,23.078,26.67,23.410975524475525,-1.2092904217698734,-0.8500482748786109
2023-24,2023-10-09,20.56,18.045,20.0,18.377975524475527,0.03486366630331806,0.9417996177477765
2023-24,2023-10-10,21.11,18.69,20.56,19.022975524475527,-0.6334375674253698,0.5978013920334955
2023-24,2023-10-11,21.11,17.789,21.11,18.121975524475527,0.7319145213525415,0.66903771285281
2023-24,2023-10-12,23.33,20.436,21.11,20.768975524475525,-1.4919991354755138,-0.3821850630068784
2023-24,2023-10-13,20.0,19.288,23.33,19.620975524475526,-1.0361907276184184,0.7041345913282984
2023-24,2023-10-14,22.22,19.884,20.0,20.216975524475526,-1.1613759164150874,0.1114705525240741
2023-24,2023-10-15,22.22,21.452,22.22,21.784975524475527,-2.207271151508048,-1.434218283157553
2023-24,2023-10-16,21.67,20.169,22.22,20.501975524475526,-1.7242126797684894,0.24424000390968503
2023-24,2023-10-17,21.67,21.393,21.67,21.725975524475526,-2.6282281206442266,-0.894057842224629
2023-24,2023-10-18,22.78,24.951,21.67,25.283975524475526,-0.7970077222631132,-0.6129949099804988
2023-24,2023-10-19,24.44,27.138,22.78,27.470975524475527,-0.812803561414096,-0.5496371415977754
2023-24,2023-10-20,19.44,20.527,24.44,20.859975524475526,-2.045719824490899,-1.9804413760631352
2023-24,2023-10-21,21.11,18.66,19.44,18.992975524475526,-0.4788882906622301,-0.12956502247909704
2023-24,2023-10-22,20.0,18.502,21.11,18.834975524475524,-0.3935775870010276,1.257004655670933
2023-24,2023-10-23,19.44,19.195,20.0,19.527975524475526,-0.9756977488649052,0.47707929469138505
2023-24,2023-10-24,18.89,19.918,19.44,20.250975524475525,-1.383551006069418,-1.1997009919040165
2023-24,2023-10-25,18.89,16.829,18.89,17.161975524475526,0.9319947347683781,1.2871267971473694
2023-24,2023-10-26,17.78,15.833,18.89,16.165975524475524,1.806186085334673,1.931173277120284
2023-24,2023-10-27,17.22,15.686,17.78,16.018975524475525,2.027619940925331,1.6552839616785961
2023-24,2023-10-28,18.33,16.509,17.22,16.841975524475526,1.6020300389957214,1.249990292916264
2023-24,2023-10-29,20.56,17.505,18.33,17.837975524475524,0.6570201163907392,0.8883985684317102
2023-24,2023-10-30,18.89,18.804,20.56,19.136975524475524,-1.3047772837224543,-0.9693415799147505
2023-24,2023-10-31,20.0,19.637,18.89,19.969975524475526,-1.8501220533749059,-1.1133049285747703
2023-24,2023-11-01,18.89,20.454,20.0,20.786975524475526,-2.196285064621652,-1.5577721861491716
2023-24,2023-11-02,20.0,20.676,18.89,21.008975524475524,-2.547648725109546,-0.9060014696456717
2023-24,2023-11-03,20.56,21.128,20.0,21.460975524475526,-1.2607485823279856,0.36073286972522334
2023-24,2023-11-04,21.11,19.222,20.56,19.554975524475527,-1.7592415071339584,-1.4195318023516867
2023-24,2023-11-05,20.0,19.237,21.11,19.569975524475524,-1.7256269366758608,-1.1817207019505813
2023-24,2023-11-06,20.0,18.138,20.0,18.470975524475527,-0.39661780728677576,0.6797155151700717
2023-24,2023-11-07,18.33,15.67,20.0,16.002975524475524,1.2569569573493509,1.1301286804388355
2023-24,2023-11-08,18.89,17.117,18.33,17.449975524475526,0.01611426654967206,1.065891832920555
2023-24,2023-11-09,17.22,16.016,18.89,16.348975524475524,0.33505901768787344,0.735127208943443
2023-24,2023-11-10,16.67,16.872,17.22,17.204975524475525,-0.0001674765720154135,0.3301440493659275
2023-24,2023-11-11,17.78,17.513,16.67,17.845975524475527,-0.6687039622849221,-1.0032373446624014
2023-24,2023-11-12,18.33,18.46,17.78,18.792975524475526,-1.74947586224887,-1.8738682408418568
2023-24,2023-11-13,17.22,16.731,18.33,17.063975524475527,-1.2556007734689218,-1.540038753670745
2023-24,2023-11-14,18.89,17.944,17.22,18.276975524475525,-1.5966764568653526,-1.397638936933357
2023-24,2023-11-15,18.33,15.934,18.89,16.266975524475523,0.3819746109773889,0.8715408023540534
2023-24,2023-11-16,18.89,17.278,18.33,17.610975524475524,-1.2850137504137389,-0.850842771373192
2023-24,2023-11-17,18.33,17.985,18.89,18.317975524475525,-0.8194887247158722,-0.2544852201680189
2023-24,2023-11-18,17.78,16.855,18.33,17.187975524475526,-0.24047622522077497,0.8658019213831959
2023-24,2023-11-19,16.11,13.843,17.78,14.175975524475525,0.7925343955164743,1.502609854942407
2023-24,2023-11-20,17.22,15.542,16.11,15.874975524475524,0.7456572890770926,0.5951541630016264
2023-24,2023-11-21,16.11,16.487,17.22,16.819975524475524,-1.4657330172655945,-1.5698746946472675
2023-24,2023-11-22,16.11,17.027,16.11,17.359975524475526,-2.067184792797852,-2.2903701877261056
2023-24,2023-11-23,16.67,17.133,16.11,17.465975524475525,-1.7530846548261743,-2.0814986158126234
2023-24,2023-11-24,15.0,14.335,16.67,14.667975524475526,0.8274858405189085,1.4884294063497692
2023-24,2023-11-25,15.0,13.414,15.0,13.746975524475523,0.16099342202535002,0.9488953881982387
2023-24,2023-11-26,15.56,14.145,15.0,14.477975524475525,-0.4419036212025964,-0.4427167525643474
2023-24,2023-11-27,14.44,15.095,15.56,15.427975524475524,-1.7213781541054243,-1.3818588773671594
2023-24,2023-11-28,15.0,16.127,14.44,16.459975524475524,-2.222807528701339,-2.2551366226177576
2023-24,2023-11-29,15.56,14.268,15.0,14.600975524475526,-0.5317504957325866,-0.791359580513858
2023-24,2023-11-30,16.67,14.428,15.56,14.760975524475526,0.07038046105857132,-0.039835922735486654
2023-24,2023-12-01,16.11,13.197,16.67,13.529975524475525,0.38536578463028387,0.6946922888387279
2023-24,2023-12-02,16.11,15.665,16.11,15.997975524475525,-2.2495227890280973,-2.0597847486271617
2023-24,2023-12-03,15.56,15.734,16.11,16.066975524475524,-2.5345888183597762,-2.4061723729016222
2023-24,2023-12-04,13.89,16.028,15.56,16.360975524475524,-2.591416242670819,-2.886437159715462
2023-24,2023-12-05,12.78,17.043,13.89,17.375975524475525,-3.0201848207061777,-2.9707051228467383
2023-24,2023-12-06,17.22,16.005,12.78,16.337975524475524,-0.7208850111282505,-0.687738418634414
2023-24,2023-12-07,16.11,14.378,17.22,14.710975524475526,-0.03680315921986479,-0.4433943956100744
2023-24,2023-12-08,13.33,12.113,16.11,12.445975524475525,-0.18510283112897696,0.15333068623233362
2023-24,2023-12-09,15.0,12.723,13.33,13.055975524475524,-0.5448091909982178,0.138771628693143
2023-24,2023-12-10,13.33,13.549,15.0,13.881975524475525,-1.5473222368859414,-1.908020253321349
2023-24,2023-12-11,13.89,14.128,13.33,14.460975524475526,-1.7495496804648865,-2.1192613487179828
2023-24,2023-12-12,14.44,14.854,13.89,15.186975524475525,-2.077229625235011,-2.044115073254887
2023-24,2023-12-13,15.0,14.424,14.44,14.756975524475525,-2.0105260043162856,-2.0667913575133543
2023-24,2023-12-14,15.0,14.589,15.0,14.921975524475524,-2.2878351166711,-1.7140149189186997
2023-24,2023-12-15,15.56,14.854,15.0,15.186975524475525,-2.151035491480529,-2.222830375970864
2023-24,2023-12-16,16.11,16.45,15.56,16.782975524475525,-2.959572988969841,-2.0722107231039537
2023-24,2023-12-17,13.89,13.42,16.11,13.752975524475524,-0.28332004335987127,0.18252770732809165
2023-24,2023-12-18,13.33,15.495,13.89,15.827975524475523,-0.8122889768508831,0.1768790161116152
2023-24,2023-12-19,16.67,16.393,13.33,16.725975524475526,-1.3053846111879257,-1.0098956406633928
2023-24,2023-12-20,13.89,13.624,16.67,13.956975524475524,-0.7800319136304882,0.6683426760656896
2023-24,2023-12-21,16.11,15.225,13.89,15.557975524475523,-1.739332528510197,-1.0893923253701565
2023-24,2023-12-22,16.11,16.026,16.11,16.358975524475525,-1.0978761851698893,-0.858201340431588
2023-24,2023-12-23,14.44,13.787,16.11,14.119975524475525,-2.426927694839508,-2.1307386773507053
2023-24,2023-12-24,12.22,13.398,14.44,13.730975524475525,-2.188541910515187,-2.4219094942770667
2023-24,2023-12-25,13.33,13.558,12.22,13.890975524475525,-1.9917237689627347,-2.1372286418637634
2023-24,2023-12-26,13.89,14.285,13.33,14.617975524475526,-2.4364963376985442,-2.3151975337144064
2023-24,2023-12-27,15.56,14.815,13.89,15.147975524475523,-0.14166448802181372,0.2938465993306169
2023-24,2023-12-28,14.44,16.187,15.56,16.519975524475527,-3.1150761606188526,-1.7581570960363209
2023-24,2023-12-29,18.33,17.266,14.44,17.598975524475524,-0.7047298678303889,-1.1469433206140704
2023-24,2023-12-30,15.56,13.878,18.33,14.210975524475526,-0.44648448399984775,-0.08784891631134688
2023-24,2023-12-31,12.78,13.497,15.56,13.829975524475525,-1.9856123928484326,-1.9916811791806617
2023-24,2024-01-01,13.89,13.882,12.78,14.214975524475523,-2.291556177639666,-1.6402265838329715
2023-24,2024-01-02,15.56,14.982,13.89,15.314975524475525,-0.9575026023782367,-1.02559262963474
2023-24,2024-01-03,13.33,12.495,15.56,12.827975524475523,0.16920609820236376,0.18710715772976672
2023-24,2024-01-04,13.33,12.458,13.33,12.790975524475524,0.01071798227075904,0.212878933651385
2023-24,2024-01-05,14.44,13.671,13.33,14.003975524475525,-1.2655757874120361,-1.625799175356364
2023-24,2024-01-06,13.89,12.518,14.44,12.850975524475526,0.19400263152050926,0.25036546644058094
2023-24,2024-01-07,11.67,9.421,13.89,9.753975524475525,0.45635575905908,0.9131167107763096
2023-24,2024-01-08,11.11,10.787,11.67,11.119975524475525,-0.767096033257677,-0.8568516289166551
2023-24,2024-01-09,12.22,11.961,11.11,12.293975524475524,0.5940324015023302,1.1939899978481638
2023-24,2024-01-10,12.22,12.956,12.22,13.288975524475525,0.8628564992822123,0.10515230873852656
2023-24,2024-01-11,10.56,10.284,12.22,10.616975524475524,0.56423345284705,0.7068672686439197
2023-24,2024-01-12,11.11,11.211,10.56,11.543975524475524,0.6881085438374143,0.4034931954037744
2023-24,2024-01-13,12.78,12.102,11.11,12.434975524475526,1.0698541642501835,1.020481598037857
2023-24,2024-01-14,13.89,13.771,12.78,14.103975524475526,0.2524924096336081,0.47144074138164666
2023-24,2024-01-15,12.78,13.399,13.89,13.731975524475523,-1.763329150778534,-1.9200201513417006
2023-24,2024-01-16,12.22,12.993,12.78,13.325975524475524,-1.5822567620708003,-0.4745823780526295
2023-24,2024-01-17,13.89,14.412,12.22,14.744975524475525,-1.1176973587846846,-0.30725587937654814
2023-24,2024-01-18,11.67,13.979,13.89,14.311975524475525,-2.0991916300109374,-1.4815134395495577
2023-24,2024-01-19,12.22,14.858,11.67,15.190975524475526,0.07852652229799381,0.4011795149953961
2023-24,2024-01-20,14.44,14.794,12.22,15.126975524475526,0.7175052108796571,0.1207042123263455
2023-24,2024-01-21,14.44,14.697,14.44,15.029975524475525,0.10396247974151199,1.0354449644566652
2023-24,2024-01-22,15.0,15.374,14.44,15.706975524475524,-1.3608471513616236,-0.613079733213562
2023-24,2024-01-23,14.44,14.077,15.0,14.409975524475524,-0.6162616909146079,-0.3275067547310554
2023-24,2024-01-24,13.89,13.046,14.44,13.378975524475525,0.3322005671696309,1.344882219931434
2023-24,2024-01-25,14.44,14.142,13.89,14.474975524475525,-0.06254272248909268,-0.06307775861350963
2023-24,2024-01-26,13.33,15.108,14.44,15.440975524475526,-2.411649574098885,-1.9482954774962342
2023-24,2024-01-27,14.44,16.065,13.33,16.397975524475527,-2.841337568656707,-2.664913725122752
2023-24,2024-01-28,17.78,18.163,14.44,18.495975524475526,-3.240761468872326,-2.7771469349720834
2023-24,2024-01-29,15.56,18.744,17.78,19.076975524475525,-3.362823848906073,-2.7652425662223137
2023-24,2024-01-30,14.44,17.561,15.56,17.893975524475525,-3.08872068390804,-3.2585969224722597
2023-24,2024-01-31,14.44,14.822,14.44,15.154975524475525,0.5373389315969497,0.6425453656429179
2023-24,2024-02-01,12.78,14.072,14.44,14.404975524475525,-0.6120581191062707,-0.5170364825601779
2023-24,2024-02-02,13.89,12.651,12.78,12.983975524475525,0.9320969803324158,0.619951807938773
2023-24,2024-02-03,11.11,12.305,13.89,12.637975524475525,-0.19548495312973058,-0.7050067121511437
2023-24,2024-02-04,12.78,14.44,11.11,14.772975524475523,0.7516066644259687,0.6349092181096715
2023-24,2024-02-05,15.56,13.666,12.78,13.998975524475526,0.6708886637916583,0.26777723177772556
2023-24,2024-02-06,12.22,12.103,15.56,12.435975524475523,0.3762453730849059,0.08748427407375008
2023-24,2024-02-07,10.0,10.543,12.22,10.875975524475525,1.241666084994968,1.2161924224023226
2023-24,2024-02-08,11.11,11.374,10.0,11.706975524475524,1.0440856181274487,0.8704685024606906
2023-24,2024-02-09,10.56,11.197,11.11,11.529975524475525,0.6468362677107858,0.6768436075418318
2023-24,2024-02-10,14.44,12.778,10.56,13.110975524475524,-0.3838417839313966,-0.44143688662949976
2023-24,2024-02-11,11.67,12.859,14.44,13.191975524475524,-1.1979094310835958,-0.922580366458904
2023-24,2024-02-12,11.11,13.367,11.67,13.699975524475526,-1.2336949407464073,-1.6152541818341635
2023-24,2024-02-13,12.78,14.116,11.11,14.448975524475525,-1.539183671936143,-1.565976860581332
2023-24,2024-02-14,15.0,15.147,12.78,15.479975524475524,0.3882031291675191,0.1586064664125233
2023-24,2024-02-15,13.33,14.62,15.0,14.952975524475523,-1.4123798397781493,-1.6884381317471464
2023-24,2024-02-16,12.22,15.622,13.33,15.954975524475525,-2.1901531408323742,-2.0045580953472077
2023-24,2024-02-17,12.22,13.451,12.22,13.783975524475526,0.8298336560097233,1.6894970341003996
2023-24,2024-02-18,15.56,17.362,12.22,17.694975524475524,-0.28881987281186156,-0.33538080359652966
2023-24,2024-02-19,17.22,14.875,15.56,15.207975524475525,0.7907681446042659,0.8163494770626866
2023-24,2024-02-20,13.89,14.659,17.22,14.991975524475524,0.05496218558354796,0.3612180295910302
2023-24,2024-02-21,13.33,14.116,13.89,14.448975524475525,0.2439033257039377,0.21626576907530795
2023-24,2024-02-22,13.33,14.319,13.33,14.651975524475525,-0.8469964107977342,-1.1474478190592197
2023-24,2024-02-23,15.0,14.507,13.33,14.839975524475523,-0.6095763967277541,-0.438779577761821
2023-24,2024-02-24,17.22,17.736,15.0,18.068975524475526,-1.7509458989571551,-1.6180717994527691
2023-24,2024-02-25,16.11,16.155,17.22,16.487975524475527,-1.583095673309516,-1.6701225425753567
2023-24,2024-02-26,13.89,12.801,16.11,13.133975524475524,-0.713153764040775,0.32966219105179173
2023-24,2024-02-27,13.89,12.877,13.89,13.209975524475524,1.0951760891945317,0.6914032762979686
2023-24,2024-02-28,13.89,14.731,13.89,15.063975524475524,0.4536634258838129,0.2672818611741122
2023-24,2024-02-29,13.89,12.77,13.89,13.102975524475525,0.8200854581786641,1.5255559280005153
2023-24,2024-03-01,13.33,12.938,13.89,13.270975524475524,0.8125217871331532,0.6752306916591695
2023-24,2024-03-02,11.67,10.247,13.33,10.579975524475525,1.4840378739786035,1.3035016946140499
2023-24,2024-03-03,10.56,11.624,11.67,11.956975524475524,1.146983546725058,1.0116256387925877
2023-24,2024-03-04,12.22,12.03,10.56,12.362975524475523,0.22864687886565968,0.2649290470072664
2023-24,2024-03-05,15.0,14.782,12.22,15.114975524475526,0.1319459125098399,0.8123563472680159
2023-24,2024-03-06,14.44,14.037,15.0,14.369975524475525,-0.34732892696112305,-0.0421840563416129
2023-24,2024-03-07,12.78,13.174,14.44,13.506975524475525,1.6517472666100674,0.9834682109923601
2023-24,2024-03-08,14.44,15.543,12.78,15.875975524475525,-0.26243699422372113,-0.41297556858451867
2023-24,2024-03-09,15.0,14.25,14.44,14.582975524475525,0.5154238107208092,0.3965741372163269
2023-24,2024-03-10,15.0,14.004,15.0,14.336975524475523,0.7290631137118833,0.5649813045202786
2023-24,2024-03-11,13.33,13.369,15.0,13.701975524475525,-0.07988383331176337,-0.07485431242845485
2023-24,2024-03-12,15.0,14.552,13.33,14.884975524475525,1.0060510326270768,1.2102060339700331
2023-24,2024-03-13,15.0,13.276,15.0,13.608975524475525,0.7866753554100154,0.7653792983908759
2023-24,2024-03-14,17.22,16.279,15.0,16.611975524475525,0.8412830155835728,0.8883534197882313
2023-24,2024-03-15,18.89,17.832,17.22,18.164975524475526,0.7028743505575502,0.9642183603145213
2023-24,2024-03-16,17.22,16.755,18.89,17.087975524475524,-0.5999832136583394,-0.9078079923519887
2023-24,2024-03-17,17.22,16.496,17.22,16.828975524475524,0.10442962850804773,-0.7025756033486068
2023-24,2024-03-18,15.56,17.548,17.22,17.880975524475524,-1.3703757013772258,-1.4822772389806866
2023-24,2024-03-19,16.11,16.178,15.56,16.510975524475526,0.32171777730899276,-0.4093146031443668
2023-24,2024-03-20,15.56,15.916,16.11,16.248975524475526,-0.4368872991200484,0.6257048943444408
2023-24,2024-03-21,16.67,16.539,15.56,16.871975524475527,-1.1297408801116116,-0.24686735599461634
2023-24,2024-03-22,18.33,16.306,16.67,16.638975524475526,-0.29124920999500503,0.07541253332683025
2023-24,2024-03-23,14.44,13.502,18.33,13.834975524475524,0.4867424207793199,0.6058522262224879
2023-24,2024-03-24,14.44,13.161,14.44,13.493975524475523,1.0876864633299819,0.9226500759220516
2023-24,2024-03-25,14.44,13.545,14.44,13.877975524475524,0.8618598067514662,1.1661020422278767
2023-24,2024-03-26,14.44,14.339,14.44,14.671975524475524,1.1457671664006612,0.6682706916739033
2023-24,2024-03-27,14.44,15.418,14.44,15.750975524475525,-0.01668996601278843,0.49942873640047236
2023-24,2024-03-28,15.56,13.51,14.44,13.842975524475523,1.0479737135188825,1.0610860957775152
2023-24,2024-03-29,11.11,9.353,15.56,9.685975524475523,1.516957990746766,2.232056671509062
2023-24,2024-03-30,15.56,13.878,11.11,14.210975524475526,0.8912274732934378,1.3242747433637094
2023-24,2024-03-31,17.78,14.97,15.56,15.302975524475524,0.8502790227569281,1.5169726483844315
2023-24,2024-04-01,19.44,17.087,17.78,17.419975524475525,1.565888598405895,1.9286071522350956
2023-24,2024-04-02,17.78,17.656,19.44,17.988975524475524,0.1946830546855834,-0.3841582334900661
2023-24,2024-04-03,15.0,14.177,17.78,14.509975524475525,1.3367549753262578,1.4835577900881391
2023-24,2024-04-04,11.11,9.969,15.0,10.301975524475523,1.7970700300569191,2.08642141458649
2023-24,2024-04-05,13.33,10.633,11.11,10.965975524475525,1.8997978049352726,1.9522954206107008
2023-24,2024-04-06,13.89,12.695,13.33,13.027975524475526,2.300768753749173,1.9045935465756505
2023-24,2024-04-07,15.0,12.84,13.89,13.172975524475525,1.4701257130836665,2.0590121644975197
2023-24,2024-04-08,17.78,14.889,15.0,15.221975524475525,2.385067981488003,2.150852966098339
2023-24,2024-04-09,16.67,18.214,17.78,18.546975524475524,0.8434429216526732,0.3548480778963109
2023-24,2024-04-10,17.78,18.89,16.67,19.222975524475526,0.468962026150134,0.41425419802299784
2023-24,2024-04-11,21.11,18.515,17.78,18.847975524475526,1.457677452584757,0.6788853516262704
2023-24,2024-04-12,15.56,15.56,21.11,15.892975524475524,1.3644337559197128,2.0671216682057345
2023-24,2024-04-13,11.11,10.217,15.56,10.549975524475524,1.8983697768468049,2.6786238134246867
2023-24,2024-04-14,13.33,12.457,11.11,12.789975524475526,2.1437354485226234,1.8714087527882057
2023-24,2024-04-15,15.56,13.973,13.33,14.305975524475524,1.745988438397549,1.9144708751879502
2023-24,2024-04-16,20.0,17.352,15.56,17.684975524475526,0.8658525864123108,1.3190833921177763
2023-24,2024-04-17,18.89,18.688,20.0,19.020975524475524,0.6807624814672815,0.3143464920935632
2023-24,2024-04-18,20.56,18.373,18.89,18.705975524475527,0.5230437487243372,0.06107202102624808
2023-24,2024-04-19,16.67,17.546,20.56,17.878975524475525,1.692646945016122,0.7892474934971515
2023-24,2024-04-20,17.78,18.007,16.67,18.339975524475527,2.094514832442881,0.41919942710222224
2023-24,2024-04-21,18.89,18.688,17.78,19.020975524475524,0.8247738340461718,0.4401911936057286
2023-24,2024-04-22,20.0,18.305,18.89,18.637975524475525,0.7038746795516279,0.6534148024240535
2023-24,2024-04-23,16.11,16.483,20.0,16.815975524475526,1.0237776842708273,1.5019571514349195
2023-24,2024-04-24,15.56,15.831,16.11,16.163975524475525,1.5925257797839925,1.8769373243476675
2023-24,2024-04-25,16.67,15.127,15.56,15.459975524475524,1.627035198183657,1.9563118743321368
2023-24,2024-04-26,16.67,15.405,16.67,15.737975524475523,1.455339272929799,1.9011293001444338
2023-24,2024-04-27,17.78,15.859,16.67,16.191975524475524,1.3931993778815717,1.7818644887376225
2023-24,2024-04-28,17.22,16.407,17.78,16.739975524475526,1.7668753612816408,1.4937320377427157
2023-24,2024-04-29,18.33,15.932,17.22,16.264975524475524,1.6451995782157856,1.9730880888257496
2023-24,2024-04-30,17.22,16.058,18.33,16.390975524475525,1.3264478587812856,1.9111444008363063
2023-24,2024-05-01,21.67,16.643,17.22,16.975975524475526,1.1901032113889416,3.2025862921954813
2023-24,2024-05-02,18.33,17.745,21.67,18.077975524475526,0.8455407259578085,1.8434377162947322
2023-24,2024-05-03,18.33,16.683,18.33,17.015975524475525,1.1258809433267152,1.6307986621874853
2023-24,2024-05-04,10.0,9.513,18.33,9.845975524475524,1.8334435588479845,2.874009878734749
2023-24,2024-05-05,15.0,12.957,10.0,13.289975524475526,2.118109035382519,2.173288484740653
2023-24,2024-05-06,16.67,14.134,15.0,14.466975524475526,1.7034284281242429,2.4051070755612054
2023-24,2024-05-07,14.44,14.785,16.67,15.117975524475526,2.2885119307408965,1.9067962444972115
2023-24,2024-05-08,19.44,19.584,14.44,19.916975524475525,2.432837112619279,3.2750328255710945
2023-24,2024-05-09,23.89,22.461,19.44,22.793975524475524,1.5148830485477245,3.4503510711147123
2023-24,2024-05-10,21.67,20.588,23.89,20.920975524475526,1.2450392654227378,1.6003658394480336
2023-24,2024-05-11,20.0,20.082,21.67,20.414975524475526,0.27473220393733455,-0.4119639239478382
2023-24,2024-05-12,17.22,19.458,20.0,19.790975524475524,0.4186986708946511,-0.15409077608260033
2023-24,2024-05-13,17.22,17.346,17.22,17.678975524475526,0.6579485794564943,0.6554585270612143
2023-24,2024-05-14,18.33,17.98,17.22,18.312975524475526,1.1200850417330557,-0.06369121236352229
2023-24,2024-05-15,18.33,18.261,18.33,18.593975524475525,0.4788193774691939,0.44738372179845104
2023-24,2024-05-16,19.44,18.686,18.33,19.018975524475525,0.5703937838668238,0.21728582586514034
2023-24,2024-05-17,18.33,17.54,19.44,17.872975524475525,1.2105503917967009,0.4985966530499499
2023-24,2024-05-18,18.89,17.62,18.33,17.952975524475526,1.4157101011983457,0.5209103326919786
2023-24,2024-05-19,20.56,17.058,18.89,17.390975524475525,1.2733120694295956,0.9236070332534381
2023-24,2024-05-20,20.0,16.727,20.56,17.059975524475526,0.7046773247218208,0.9710604604171632
2023-24,2024-05-21,23.89,18.992,20.0,19.324975524475526,1.6521145968683153,3.1729513859293346
2023-24,2024-05-22,18.89,17.54,23.89,17.872975524475525,0.7148238493407016,0.6285934602631637
2023-24,2024-05-23,17.22,17.64,18.89,17.972975524475526,1.5232246757595695,2.688753249617981
2023-24,2024-05-24,13.89,13.701,17.22,14.033975524475526,1.7654005445623338,1.169748240566047
2023-24,2024-05-25,15.56,13.86,13.89,14.192975524475525,1.6212841303560046,1.505048419333834
2023-24,2024-05-26,18.89,16.451,15.56,16.783975524475526,1.070881163788755,0.7554255051837493
2023-24,2024-05-27,17.78,17.066,18.89,17.398975524475524,1.516768741234047,0.38243993858800646
2023-24,2024-05-28,18.33,16.298,17.78,16.630975524475524,1.2821991632893213,0.5560135133800225
2023-24,2024-05-29,23.33,17.671,18.33,18.003975524475525,2.282070523529042,1.5314732509244842
2023-24,2024-05-30,21.67,19.752,23.33,20.084975524475524,1.2044406444948539,1.6375385056276013
2023-24,2024-05-31,21.67,18.98,21.67,19.312975524475526,0.3575597354704833,0.2333964194517284
2023-24,2024-06-01,17.22,16.24,21.67,16.572975524475524,1.4283476204853425,0.8740565055679478
2023-24,2024-06-02,17.78,17.298,17.22,17.630975524475524,1.2505391122595817,0.9471042937237644
2023-24,2024-06-03,18.89,16.424,17.78,16.756975524475525,1.3256200730931975,1.493009341935671
2023-24,2024-06-04,24.44,21.779,18.89,22.111975524475525,2.167478095601141,1.2641484073735607
2023-24,2024-06-05,24.44,22.847,24.44,23.179975524475527,0.5456524942823968,-0.6742040674578611
2023-24,2024-06-06,17.22,18.794,24.44,19.126975524475526,0.42437372845986754,0.5911847679693463
2023-24,2024-06-07,19.44,19.051,17.22,19.383975524475524,0.6038852936695748,0.22349522607613795
2023-24,2024-06-08,17.22,17.121,19.44,17.453975524475524,1.4641294244809384,0.7729368054023065
2023-24,2024-06-09,18.33,17.034,17.22,17.366975524475524,1.7823616671203244,0.4596745875409854
2023-24,2024-06-10,17.78,19.649,18.33,19.981975524475526,0.7297566667199848,0.4458010967640074
2023-24,2024-06-11,23.33,21.53,17.78,21.862975524475527,0.9748442837199726,0.5457481089569545
2023-24,2024-06-12,20.0,18.336,23.33,18.668975524475524,1.42162652313897,-0.002900332107789571
2023-24,2024-06-13,17.78,17.361,20.0,17.693975524475526,1.7405817766805638,0.8836151286483286
2023-24,2024-06-14,17.78,18.685,17.78,19.017975524475524,2.593557723321777,1.1690269331037488
2023-24,2024-06-15,20.0,18.288,17.78,18.620975524475526,2.6007749458067297,1.8650624606290318
2023-24,2024-06-16,18.33,17.926,20.0,18.258975524475524,1.9174554594815998,1.9439411758329734
2023-24,2024-06-17,22.78,18.618,18.33,18.950975524475524,2.673589225879825,3.5674652318423856
2023-24,2024-06-18,22.22,17.85,22.78,18.182975524475527,2.102461696171955,1.1080900674248653
2023-24,2024-06-19,16.11,17.281,22.22,17.613975524475524,2.2970045034658044,1.210441656713448
2023-24,2024-06-20,15.0,18.223,16.11,18.555975524475524,1.5925853733546391,0.40013176630830866
2023-24,2024-06-21,17.22,19.895,15.0,20.227975524475525,1.1588886177864057,0.014673277261341154
2023-24,2024-06-22,19.44,21.817,17.22,22.149975524475526,0.2096006371054833,-0.13057878385286592
2023-24,2024-06-23,18.33,19.706,19.44,20.038975524475525,1.4848559421364431,-0.14130732551335198
2023-24,2024-06-24,21.67,21.132,18.33,21.464975524475527,-0.4768467098427757,-0.058951312154984156
2023-24,2024-06-25,20.0,21.255,21.67,21.587975524475524,-0.20558996830222462,-0.5051633099741182
2023-24,2024-06-26,17.78,18.359,20.0,18.691975524475527,-0.4265862722150241,-0.4189400575644014
2023-24,2024-06-27,17.78,18.449,17.78,18.781975524475527,-0.15051725683483297,-1.0448150135429435
2023-24,2024-06-28,21.67,19.356,17.78,19.688975524475527,0.4434553348692197,0.28080971125709303
2023-24,2024-06-29,20.56,20.047,21.67,20.379975524475526,0.11003963720190908,-0.45952468117710926
2023-24,2024-06-30,20.56,19.909,20.56,20.241975524475524,0.1377873394176319,-0.5651398531270453
2023-24,2024-07-01,21.67,21.338,20.56,21.670975524475526,-0.6724936072237527,-0.835709452694123
2023-24,2024-07-02,26.67,25.477,21.67,25.809975524475526,-1.1826480667676136,0.2149551138584208
2023-24,2024-07-03,25.56,25.569,26.67,25.901975524475525,-0.1326871536518693,0.33012355686804
2023-24,2024-07-04,25.56,24.687,25.56,25.019975524475527,-0.9951763542390513,-0.1947197252345596
2023-24,2024-07-05,24.44,24.636,25.56,24.968975524475525,-1.2736520957357433,-0.4909088527761206
2023-24,2024-07-06,23.89,25.075,24.44,25.407975524475525,-1.3112866880878413,-0.6507390685932426
2023-24,2024-07-07,22.22,23.649,23.89,23.981975524475526,-1.246271790819135,-1.3445942580112749
2023-24,2024-07-08,20.56,21.944,22.22,22.276975524475525,-1.2423876241700624,-0.9209664483151027
2023-24,2024-07-09,20.0,21.424,20.56,21.756975524475525,-1.0803835661469743,-0.7641514345798003
2023-24,2024-07-10,22.22,22.88,20.0,23.212975524475524,-1.5210220725290549,-1.5042939060248484
2023-24,2024-07-11,25.56,25.268,22.22,25.600975524475526,-1.4353421786996403,-0.9219713003754603
2023-24,2024-07-12,20.56,23.87,25.56,24.202975524475526,-1.4624327103131851,-1.4857057697200071
2023-24,2024-07-14,19.44,21.849,,22.181975524475526,-0.1018221702031417,0.1211304554051506
2023-24,2024-07-15,19.44,20.663,19.44,20.995975524475526,-0.7378421240612548,-0.6891693819376594
2023-24,2024-07-16,20.56,20.199,19.44,20.531975524475527,0.429321655566737,0.11853317818456321
2023-24,2024-07-17,17.22,20.561,20.56,20.893975524475525,0.41026933973486673,-0.473812175339169
2023-24,2024-07-18,21.11,22.689,17.22,23.021975524475526,-1.7910611084970052,-1.4535273200388157
2023-24,2024-07-19,26.67,23.17,21.11,23.502975524475527,-0.44658222697872224,-0.5409302937729885
2023-24,2024-07-20,19.44,19.081,26.67,19.413975524475525,-0.3201177680368205,-0.3038757024733513
2023-24,2024-07-21,16.11,18.911,19.44,19.243975524475527,0.2430610625499246,0.1347558537542264
2023-24,2024-07-22,21.11,22.18,16.11,22.512975524475525,-1.0679104203776744,-0.7869510952353811
2023-24,2024-07-23,24.44,23.763,21.11,24.095975524475527,-0.88719537837808,-1.061319506037016
2023-24,2024-07-24,23.89,24.345,24.44,24.677975524475524,-0.649107216516188,-0.480700670161279
2023-24,2024-07-25,20.0,22.978,23.89,23.310975524475527,-1.273979351807414,-1.2069642870649178
2023-24,2024-07-26,17.78,19.377,20.0,19.709975524475524,-0.46347355411064217,-0.12448865311756849
2023-24,2024-07-27,14.44,18.831,17.78,19.163975524475525,-0.7728239912553853,0.3933218995691504
2023-24,2024-07-28,19.44,19.599,14.44,19.931975524475526,-0.09884813610227038,0.573178429669372
2023-24,2024-07-29,17.78,19.645,19.44,19.977975524475525,-0.3465987512082279,0.8816422505636595
2023-24,2024-07-30,18.89,19.415,17.78,19.747975524475525,0.2881779792988608,0.4668011490099763
2023-24,2024-07-31,19.44,21.781,18.89,22.113975524475524,-0.4214271075881242,-0.8185939479957787
