fold,model,ordering,n_train,n_test,mae
2022-23,"B+D,L,R,T",record,494,364,1.2544180127512181
2022-23,"B+D,L,R,T",session73,494,364,1.2665377887899798
2022-23,"B+D,L,R,T",draw001,494,364,1.2689951485916204
2022-23,"B+D,L,R,T",draw002,494,364,1.2596008127495526
2022-23,"B+D,L,R,T",draw003,494,364,1.2725469071608426
2022-23,"B+D,L,R,T",draw004,494,364,1.2447501834776422
2022-23,"B+D,L,R,T",draw005,494,364,1.2576386359588076
2022-23,"B+D,L,R,T",draw006,494,364,1.2716116862712985
2022-23,"B+D,L,R,T",draw007,494,364,1.2619078247172697
2022-23,"B+D,L,R,T",draw008,494,364,1.2523098343981034
2022-23,"B+D,L,R,T",draw009,494,364,1.2670625323774856
2022-23,"B+D,L,R,T",draw010,494,364,1.2716775472980932
2022-23,"B+D,L,R,T",draw011,494,364,1.2691181144722603
2022-23,"B+D,L,R,T",draw012,494,364,1.2613458692477593
2022-23,"B+D,L,R,T",draw013,494,364,1.2725079523855942
2022-23,"B+D,L,R,T",draw014,494,364,1.2696930888442401
2022-23,"B+D,L,R,T",draw015,494,364,1.2482066632641629
2022-23,"B+D,L,R,T",draw016,494,364,1.2622775135269704
2022-23,"B+D,L,R,T",draw017,494,364,1.2603366199338513
2022-23,"B+D,L,R,T",draw018,494,364,1.2497809065473122
2022-23,"B+D,L,R,T",draw019,494,364,1.2620274896386583
2022-23,"B+D,L,R,T",draw020,494,364,1.26007225938816
2022-23,"B+D,L,R,T",draw021,494,364,1.2640887785885857
2022-23,"B+D,L,R,T",draw022,494,364,1.266401205079896
2022-23,"B+D,L,R,T",draw023,494,364,1.253012059442849
2022-23,"B+D,L,R,T",draw024,494,364,1.2565561250515767
2022-23,"B+D,L,R,T",draw025,494,364,1.2617166814479412
2022-23,"B+D,L,R,T",draw026,494,364,1.2694688582077238
2022-23,"B+D,L,R,T",draw027,494,364,1.250338083489949
2022-23,"B+D,L,R,T",draw028,494,364,1.2569147537936742
2022-23,"B+D,L,R,T",draw029,494,364,1.2621882387060877
2022-23,"B+D,L,R,T",draw030,494,364,1.2695156924870703
2022-23,"B+D,L,R,T",draw031,494,364,1.2544364852736067
2022-23,"B+D,L,R,T",draw032,494,364,1.264429420123596
2022-23,"B+D,L,R,T",draw033,494,364,1.2600336611409504
2022-23,"B+D,L,R,T",draw034,494,364,1.2603178018797827
2022-23,"B+D,L,R,T",draw035,494,364,1.2573054446054208
2022-23,"B+D,L,R,T",draw036,494,364,1.272712372564807
2022-23,"B+D,L,R,T",draw037,494,364,1.2824547786511233
2022-23,"B+D,L,R,T",draw038,494,364,1.2601834024009562
2022-23,"B+D,L,R,T",draw039,494,364,1.2537162552791556
2022-23,"B+D,L,R,T",draw040,494,364,1.2629044870455366
2022-23,"B+D,L,R,T",draw041,494,364,1.263418528064963
2022-23,"B+D,L,R,T",draw042,494,364,1.2569792099036237
2022-23,"B+D,L,R,T",draw043,494,364,1.2520139876639946
2022-23,"B+D,L,R,T",draw044,494,364,1.2626943832000899
2022-23,"B+D,L,R,T",draw045,494,364,1.2614412899843124
2022-23,"B+D,L,R,T",draw046,494,364,1.2681083536449358
2022-23,"B+D,L,R,T",draw047,494,364,1.2681677669305897
2022-23,"B+D,L,R,T",draw048,494,364,1.2598083266231774
2022-23,"B+D,L,R,T",draw049,494,364,1.2660595978447444
2022-23,"B+D,L,R,T",draw050,494,364,1.2592948610438792
2022-23,"B+D,L,R,T",draw051,494,364,1.2723509649962061
2022-23,"B+D,L,R,T",draw052,494,364,1.2544465429805012
2022-23,"B+D,L,R,T",draw053,494,364,1.2688157869649948
2022-23,"B+D,L,R,T",draw054,494,364,1.2707008848163832
2022-23,"B+D,L,R,T",draw055,494,364,1.2634969586308653
2022-23,"B+D,L,R,T",draw056,494,364,1.2542428862933548
2022-23,"B+D,L,R,T",draw057,494,364,1.2715782091654848
2022-23,"B+D,L,R,T",draw058,494,364,1.255441344518875
2022-23,"B+D,L,R,T",draw059,494,364,1.2537869716567025
2022-23,"B+D,L,R,T",draw060,494,364,1.2604530060868129
2022-23,"B+D,L,R,T",draw061,494,364,1.2585699580549454
2022-23,"B+D,L,R,T",draw062,494,364,1.256383109050255
2022-23,"B+D,L,R,T",draw063,494,364,1.2679792313193816
2022-23,"B+D,L,R,T",draw064,494,364,1.2655400545498203
2022-23,"B+D,L,R,T",draw065,494,364,1.2693075646917917
2022-23,"B+D,L,R,T",draw066,494,364,1.2559700268922276
2022-23,"B+D,L,R,T",draw067,494,364,1.2614720461022022
2022-23,"B+D,L,R,T",draw068,494,364,1.25574453094082
2022-23,"B+D,L,R,T",draw069,494,364,1.2601744538407296
2022-23,"B+D,L,R,T",draw070,494,364,1.2642191924100696
2022-23,"B+D,L,R,T",draw071,494,364,1.2628363234120639
2022-23,"B+D,L,R,T",draw072,494,364,1.257947233167229
2022-23,"B+D,L,R,T",draw073,494,364,1.2667112389990323
2022-23,"B+D,L,R,T",draw074,494,364,1.2593243971938732
2022-23,"B+D,L,R,T",draw075,494,364,1.2584238274795319
2022-23,"B+D,L,R,T",draw076,494,364,1.2813754425015165
2022-23,"B+D,L,R,T",draw077,494,364,1.2603122631800157
2022-23,"B+D,L,R,T",draw078,494,364,1.2668597909133832
2022-23,"B+D,L,R,T",draw079,494,364,1.2679522119058073
2022-23,"B+D,L,R,T",draw080,494,364,1.260623637732331
2022-23,"B+D,L,R,T",draw081,494,364,1.2506089298329401
2022-23,"B+D,L,R,T",draw082,494,364,1.2577536715947708
2022-23,"B+D,L,R,T",draw083,494,364,1.2634738409496307
2022-23,"B+D,L,R,T",draw084,494,364,1.2563461113158378
2022-23,"B+D,L,R,T",draw085,494,364,1.266139482313367
2022-23,"B+D,L,R,T",draw086,494,364,1.2690735027692905
2022-23,"B+D,L,R,T",draw087,494,364,1.255754524468593
2022-23,"B+D,L,R,T",draw088,494,364,1.268887966488761
2022-23,"B+D,L,R,T",draw089,494,364,1.269509367330338
2022-23,"B+D,L,R,T",draw090,494,364,1.2504031817197774
2022-23,"B+D,L,R,T",draw091,494,364,1.2533222545299645
2022-23,"B+D,L,R,T",draw092,494,364,1.2688874097330818
2022-23,"B+D,L,R,T",draw093,494,364,1.2629860332966467
2022-23,"B+D,L,R,T",draw094,494,364,1.260056846395034
2022-23,"B+D,L,R,T",draw095,494,364,1.2506774767898872
2022-23,"B+D,L,R,T",draw096,494,364,1.2621902238308704
2022-23,"B+D,L,R,T",draw097,494,364,1.257245905954009
2022-23,"B+D,L,R,T",draw098,494,364,1.2692541845809844
2022-23,"B+D,L,R,T",draw099,494,364,1.2652180397363921
2022-23,"B+D,L,R,T",draw100,494,364,1.2670179971186175
2022-23,B,canonical,494,364,1.2862693634534128
2022-23,B,perm001,494,364,1.284731474673092
2022-23,B,perm002,494,364,1.2877891869567892
2022-23,B,perm003,494,364,1.2919781486658872
2022-23,B,perm004,494,364,1.283258904163091
2022-23,B,perm005,494,364,1.2884100775866538
2022-23,B,perm006,494,364,1.2747197147586546
2022-23,B,perm007,494,364,1.282756055242759
2022-23,B,perm008,494,364,1.2872087419715308
2022-23,B,perm009,494,364,1.287655072135421
2022-23,B,perm010,494,364,1.2844755553486056
2022-23,B,perm011,494,364,1.2861759295490245
2022-23,B,perm012,494,364,1.2837015876504592
2022-23,B,perm013,494,364,1.2775235592902132
2022-23,B,perm014,494,364,1.2909036713779376
2022-23,B,perm015,494,364,1.2884774119423872
2022-23,B,perm016,494,364,1.2859992784199872
2022-23,B,perm017,494,364,1.2926475672691353
2022-23,B,perm018,494,364,1.2907122501676531
2022-23,B,perm019,494,364,1.285654877609442
2022-23,B,perm020,494,364,1.289951823122214
2022-23,B,perm021,494,364,1.285963226279909
2022-23,B,perm022,494,364,1.2816797377516982
2022-23,B,perm023,494,364,1.2861735221145874
2022-23,B,perm024,494,364,1.2825524177071503
2022-23,B,perm025,494,364,1.2805064758328246
2022-23,B,perm026,494,364,1.287303336179676
2022-23,B,perm027,494,364,1.283977016883679
2022-23,B,perm028,494,364,1.2823075607196257
2022-23,B,perm029,494,364,1.2836807551358262
2022-23,B,perm030,494,364,1.2803493527686132
2022-23,B,perm031,494,364,1.2806878442210834
2022-23,B,perm032,494,364,1.2874863981908673
2022-23,B,perm033,494,364,1.2867079323609674
2022-23,B,perm034,494,364,1.282370517784716
2022-23,B,perm035,494,364,1.279355474833133
2022-23,B,perm036,494,364,1.2855092329279256
2022-23,B,perm037,494,364,1.2841824207589374
2022-23,B,perm038,494,364,1.2816749004915389
2022-23,B,perm039,494,364,1.2773644930906076
2022-23,B,perm040,494,364,1.280805173478788
2022-23,B,perm041,494,364,1.2810735265581017
2022-23,B,perm042,494,364,1.2811708742125814
2022-23,B,perm043,494,364,1.2762690730077644
2022-23,B,perm044,494,364,1.2790289545180895
2022-23,B,perm045,494,364,1.2803040994353587
2022-23,B,perm046,494,364,1.2844780582873254
2022-23,B,perm047,494,364,1.2825771929020713
2022-23,B,perm048,494,364,1.2847108728232022
2022-23,B,perm049,494,364,1.2804470150088434
2022-23,B,perm050,494,364,1.2746915569346386
2022-23,B,perm051,494,364,1.2894456134985317
2022-23,B,perm052,494,364,1.288768965996229
2022-23,B,perm053,494,364,1.2883214519676625
2022-23,B,perm054,494,364,1.288073417249797
2022-23,B,perm055,494,364,1.284325045431885
2022-23,B,perm056,494,364,1.2867264902640367
2022-23,B,perm057,494,364,1.2787931799156909
2022-23,B,perm058,494,364,1.2892605738026177
2022-23,B,perm059,494,364,1.2755494475819829
2022-23,B,perm060,494,364,1.2945961997755178
2022-23,B,perm061,494,364,1.2831026910960066
2022-23,B,perm062,494,364,1.2906151292545787
2022-23,B,perm063,494,364,1.2801845221582977
2022-23,B,perm064,494,364,1.2832531723678957
2022-23,B,perm065,494,364,1.2812622144660988
2022-23,B,perm066,494,364,1.2800996272844767
2022-23,B,perm067,494,364,1.286159543734136
2022-23,B,perm068,494,364,1.2864980848256462
2022-23,B,perm069,494,364,1.2885549101265568
2022-23,B,perm070,494,364,1.2758999539405114
2022-23,B,perm071,494,364,1.2755597608003044
2022-23,B,perm072,494,364,1.2877777853861685
2022-23,B,perm073,494,364,1.2880535753500073
2022-23,B,perm074,494,364,1.287094837520177
2022-23,B,perm075,494,364,1.287409856900923
2022-23,B,perm076,494,364,1.2879674737333744
2022-23,B,perm077,494,364,1.2923560431166867
2022-23,B,perm078,494,364,1.2870225226664045
2022-23,B,perm079,494,364,1.2870225226664045
2022-23,B,perm080,494,364,1.2874161670732234
2022-23,B,perm081,494,364,1.283932782054329
2022-23,B,perm082,494,364,1.2819500722776402
2022-23,B,perm083,494,364,1.283480211501984
2022-23,B,perm084,494,364,1.2831680894842927
2022-23,B,perm085,494,364,1.2851903732301173
2022-23,B,perm086,494,364,1.2934554954247093
2022-23,B,perm087,494,364,1.2829873984276758
2022-23,B,perm088,494,364,1.281636145279661
2022-23,B,perm089,494,364,1.2824071380114095
2022-23,B,perm090,494,364,1.2807652497237483
2022-23,B,perm091,494,364,1.2824406958176
2022-23,B,perm092,494,364,1.2787334959189305
2022-23,B,perm093,494,364,1.282953682393746
2022-23,B,perm094,494,364,1.2837612804928211
2022-23,B,perm095,494,364,1.2828185390895488
2022-23,B,perm096,494,364,1.2877897784710872
2022-23,B,perm097,494,364,1.2833083052683454
2022-23,B,perm098,494,364,1.28560410278373
2022-23,B,perm099,494,364,1.2821170828332382
2022-23,B,perm100,494,364,1.287724056545726
2022-23,B,perm101,494,364,1.289448037379187
2022-23,B,perm102,494,364,1.280406497449145
2022-23,B,perm103,494,364,1.281084602590101
2022-23,B,perm104,494,364,1.2799968592250635
2022-23,B,perm105,494,364,1.287981294846741
2022-23,B,perm106,494,364,1.2772644934863813
2022-23,B,perm107,494,364,1.2817617164906752
2022-23,B,perm108,494,364,1.2808659999963528
2022-23,B,perm109,494,364,1.284622546068135
2022-23,B,perm110,494,364,1.2828564103159863
2022-23,B,perm111,494,364,1.2896402337779085
2022-23,B,perm112,494,364,1.279898767258935
2022-23,B,perm113,494,364,1.277994895878038
2022-23,B,perm114,494,364,1.280889557652786
2022-23,B,perm115,494,364,1.2781461139967165
2022-23,B,perm116,494,364,1.2848174152466514
2022-23,B,perm117,494,364,1.2846706127037364
2022-23,B,perm118,494,364,1.2756761869126878
2022-23,B,perm119,494,364,1.278808189742691
2023-24,"B+D,L,R,T",record,858,365,1.174587228071113
2023-24,"B+D,L,R,T",session73,858,365,1.1656672243791775
2023-24,"B+D,L,R,T",draw001,858,365,1.1735568861688581
2023-24,"B+D,L,R,T",draw002,858,365,1.1707024632916418
2023-24,"B+D,L,R,T",draw003,858,365,1.1701887044764743
2023-24,"B+D,L,R,T",draw004,858,365,1.164650613580184
2023-24,"B+D,L,R,T",draw005,858,365,1.1596797188666872
2023-24,"B+D,L,R,T",draw006,858,365,1.1776999007293838
2023-24,"B+D,L,R,T",draw007,858,365,1.158894277919179
2023-24,"B+D,L,R,T",draw008,858,365,1.1642362858915056
2023-24,"B+D,L,R,T",draw009,858,365,1.1702914842209358
2023-24,"B+D,L,R,T",draw010,858,365,1.1494114224949799
2023-24,"B+D,L,R,T",draw011,858,365,1.172615428279447
2023-24,"B+D,L,R,T",draw012,858,365,1.165621907905126
2023-24,"B+D,L,R,T",draw013,858,365,1.1678692149853693
2023-24,"B+D,L,R,T",draw014,858,365,1.1716045076323602
2023-24,"B+D,L,R,T",draw015,858,365,1.165318981373232
2023-24,"B+D,L,R,T",draw016,858,365,1.1719416546197472
2023-24,"B+D,L,R,T",draw017,858,365,1.1700453803498816
2023-24,"B+D,L,R,T",draw018,858,365,1.1684045326119823
2023-24,"B+D,L,R,T",draw019,858,365,1.1707101127522848
2023-24,"B+D,L,R,T",draw020,858,365,1.1699755084234609
2023-24,"B+D,L,R,T",draw021,858,365,1.1654963943255061
2023-24,"B+D,L,R,T",draw022,858,365,1.1693009737887667
2023-24,"B+D,L,R,T",draw023,858,365,1.1717522619804417
2023-24,"B+D,L,R,T",draw024,858,365,1.1704728005937566
2023-24,"B+D,L,R,T",draw025,858,365,1.1660908506592118
2023-24,"B+D,L,R,T",draw026,858,365,1.1727906902245822
2023-24,"B+D,L,R,T",draw027,858,365,1.1694091242392086
2023-24,"B+D,L,R,T",draw028,858,365,1.1729697487297284
2023-24,"B+D,L,R,T",draw029,858,365,1.1604756539790115
2023-24,"B+D,L,R,T",draw030,858,365,1.1697221675435074
2023-24,"B+D,L,R,T",draw031,858,365,1.1657907324883503
2023-24,"B+D,L,R,T",draw032,858,365,1.1516262158951984
2023-24,"B+D,L,R,T",draw033,858,365,1.1675232669942397
2023-24,"B+D,L,R,T",draw034,858,365,1.1686949077685975
2023-24,"B+D,L,R,T",draw035,858,365,1.1759810370733241
2023-24,"B+D,L,R,T",draw036,858,365,1.1701132466148458
2023-24,"B+D,L,R,T",draw037,858,365,1.1661130786823029
2023-24,"B+D,L,R,T",draw038,858,365,1.165967797119667
2023-24,"B+D,L,R,T",draw039,858,365,1.168149003827455
2023-24,"B+D,L,R,T",draw040,858,365,1.1646928960061276
2023-24,"B+D,L,R,T",draw041,858,365,1.1684958523882731
2023-24,"B+D,L,R,T",draw042,858,365,1.1730934475750683
2023-24,"B+D,L,R,T",draw043,858,365,1.1651745326482839
2023-24,"B+D,L,R,T",draw044,858,365,1.1667408698305866
2023-24,"B+D,L,R,T",draw045,858,365,1.1587300478808422
2023-24,"B+D,L,R,T",draw046,858,365,1.1692901520108536
2023-24,"B+D,L,R,T",draw047,858,365,1.1713150494774711
2023-24,"B+D,L,R,T",draw048,858,365,1.1624747789773842
2023-24,"B+D,L,R,T",draw049,858,365,1.16782947688917
2023-24,"B+D,L,R,T",draw050,858,365,1.1712043483968622
2023-24,"B+D,L,R,T",draw051,858,365,1.159543736089949
2023-24,"B+D,L,R,T",draw052,858,365,1.166633781401022
2023-24,"B+D,L,R,T",draw053,858,365,1.1669447662575851
2023-24,"B+D,L,R,T",draw054,858,365,1.1654031525073396
2023-24,"B+D,L,R,T",draw055,858,365,1.1643423289454253
2023-24,"B+D,L,R,T",draw056,858,365,1.1722537170769554
2023-24,"B+D,L,R,T",draw057,858,365,1.1665534016708783
2023-24,"B+D,L,R,T",draw058,858,365,1.1751470097750465
2023-24,"B+D,L,R,T",draw059,858,365,1.1652673662002258
2023-24,"B+D,L,R,T",draw060,858,365,1.1693934464858153
2023-24,"B+D,L,R,T",draw061,858,365,1.1622898805065336
2023-24,"B+D,L,R,T",draw062,858,365,1.1646213093401503
2023-24,"B+D,L,R,T",draw063,858,365,1.1560936157989266
2023-24,"B+D,L,R,T",draw064,858,365,1.16775864057209
2023-24,"B+D,L,R,T",draw065,858,365,1.1705006823318174
2023-24,"B+D,L,R,T",draw066,858,365,1.1728434643855252
2023-24,"B+D,L,R,T",draw067,858,365,1.1718501216770045
2023-24,"B+D,L,R,T",draw068,858,365,1.1696263143674077
2023-24,"B+D,L,R,T",draw069,858,365,1.1734859784308023
2023-24,"B+D,L,R,T",draw070,858,365,1.175921123315187
2023-24,"B+D,L,R,T",draw071,858,365,1.172430135927526
2023-24,"B+D,L,R,T",draw072,858,365,1.167241238926824
2023-24,"B+D,L,R,T",draw073,858,365,1.1660093262283988
2023-24,"B+D,L,R,T",draw074,858,365,1.171078556985897
2023-24,"B+D,L,R,T",draw075,858,365,1.1639973634494956
2023-24,"B+D,L,R,T",draw076,858,365,1.1552254078564739
2023-24,"B+D,L,R,T",draw077,858,365,1.1721516980964959
2023-24,"B+D,L,R,T",draw078,858,365,1.17110666702419
2023-24,"B+D,L,R,T",draw079,858,365,1.1678223628785844
2023-24,"B+D,L,R,T",draw080,858,365,1.1652872891673554
2023-24,"B+D,L,R,T",draw081,858,365,1.1609537488533366
2023-24,"B+D,L,R,T",draw082,858,365,1.1678405707643187
2023-24,"B+D,L,R,T",draw083,858,365,1.173170565638511
2023-24,"B+D,L,R,T",draw084,858,365,1.1692364732681533
2023-24,"B+D,L,R,T",draw085,858,365,1.1676679886250314
2023-24,"B+D,L,R,T",draw086,858,365,1.167084455519486
2023-24,"B+D,L,R,T",draw087,858,365,1.1683857750872402
2023-24,"B+D,L,R,T",draw088,858,365,1.1717458339572289
2023-24,"B+D,L,R,T",draw089,858,365,1.15988358319735
2023-24,"B+D,L,R,T",draw090,858,365,1.1675384140517286
2023-24,"B+D,L,R,T",draw091,858,365,1.1558428034932122
2023-24,"B+D,L,R,T",draw092,858,365,1.1588617765695757
2023-24,"B+D,L,R,T",draw093,858,365,1.168439476022102
2023-24,"B+D,L,R,T",draw094,858,365,1.16546304007395
2023-24,"B+D,L,R,T",draw095,858,365,1.165234127308453
2023-24,"B+D,L,R,T",draw096,858,365,1.1619879122207535
2023-24,"B+D,L,R,T",draw097,858,365,1.1694749031049114
2023-24,"B+D,L,R,T",draw098,858,365,1.1730996360190762
2023-24,"B+D,L,R,T",draw099,858,365,1.1662756801227547
2023-24,"B+D,L,R,T",draw100,858,365,1.1646496848875993
2023-24,B,canonical,858,365,1.2922832710768244
2023-24,B,perm001,858,365,1.2860510939988041
2023-24,B,perm002,858,365,1.2922832710768244
2023-24,B,perm003,858,365,1.280035155050025
2023-24,B,perm004,858,365,1.2884254367676846
2023-24,B,perm005,858,365,1.2856132612583706
2023-24,B,perm006,858,365,1.2958698740494783
2023-24,B,perm007,858,365,1.29167553377545
2023-24,B,perm008,858,365,1.2973421660472193
2023-24,B,perm009,858,365,1.2963610793052383
2023-24,B,perm010,858,365,1.2907344921193518
2023-24,B,perm011,858,365,1.2955069865517077
2023-24,B,perm012,858,365,1.2933115334901484
2023-24,B,perm013,858,365,1.2798703044996915
2023-24,B,perm014,858,365,1.2984342281828936
2023-24,B,perm015,858,365,1.2937019198388018
2023-24,B,perm016,858,365,1.294675857399721
2023-24,B,perm017,858,365,1.2923809485023154
2023-24,B,perm018,858,365,1.2916741619897432
2023-24,B,perm019,858,365,1.288627629046115
2023-24,B,perm020,858,365,1.296747726631547
2023-24,B,perm021,858,365,1.291265451528285
2023-24,B,perm022,858,365,1.291894255921831
2023-24,B,perm023,858,365,1.289594686425583
2023-24,B,perm024,858,365,1.2855602820009497
2023-24,B,perm025,858,365,1.2874343585236494
2023-24,B,perm026,858,365,1.2819026248092296
2023-24,B,perm027,858,365,1.2891966100949297
2023-24,B,perm028,858,365,1.2854905111877848
2023-24,B,perm029,858,365,1.2832343336393603
2023-24,B,perm030,858,365,1.2948561071826348
2023-24,B,perm031,858,365,1.2852920230085751
2023-24,B,perm032,858,365,1.2909795512270068
2023-24,B,perm033,858,365,1.2809834767771613
2023-24,B,perm034,858,365,1.2861539285515862
2023-24,B,perm035,858,365,1.2851094366781128
2023-24,B,perm036,858,365,1.2852140310418483
2023-24,B,perm037,858,365,1.2880423963324985
2023-24,B,perm038,858,365,1.2861615655383951
2023-24,B,perm039,858,365,1.2841286479986267
2023-24,B,perm040,858,365,1.2794018819338986
2023-24,B,perm041,858,365,1.2816518197631317
2023-24,B,perm042,858,365,1.2829689744202581
2023-24,B,perm043,858,365,1.2878944398797052
2023-24,B,perm044,858,365,1.2846826684475872
2023-24,B,perm045,858,365,1.2848927469811642
2023-24,B,perm046,858,365,1.279072839839161
2023-24,B,perm047,858,365,1.2853932357621871
2023-24,B,perm048,858,365,1.2930086964350773
2023-24,B,perm049,858,365,1.3011438710581535
2023-24,B,perm050,858,365,1.290596027085789
2023-24,B,perm051,858,365,1.2916702485829081
2023-24,B,perm052,858,365,1.2964583126439782
2023-24,B,perm053,858,365,1.2976701530625299
2023-24,B,perm054,858,365,1.2953018987246043
2023-24,B,perm055,858,365,1.2912515944264167
2023-24,B,perm056,858,365,1.3044962446380461
2023-24,B,perm057,858,365,1.3037894880506378
2023-24,B,perm058,858,365,1.291712284819253
2023-24,B,perm059,858,365,1.3017100701118285
2023-24,B,perm060,858,365,1.2965445501379635
2023-24,B,perm061,858,365,1.296632203056051
2023-24,B,perm062,858,365,1.3017337714531665
2023-24,B,perm063,858,365,1.3033580835918692
2023-24,B,perm064,858,365,1.306297618077472
2023-24,B,perm065,858,365,1.298707240244916
2023-24,B,perm066,858,365,1.2944482306695344
2023-24,B,perm067,858,365,1.2975092872804352
2023-24,B,perm068,858,365,1.3030371403733154
2023-24,B,perm069,858,365,1.3028500266300702
2023-24,B,perm070,858,365,1.3001362092617292
2023-24,B,perm071,858,365,1.3036907845210048
2023-24,B,perm072,858,365,1.2844220641165078
2023-24,B,perm073,858,365,1.2852600089864235
2023-24,B,perm074,858,365,1.295051418085577
2023-24,B,perm075,858,365,1.3001935544469319
2023-24,B,perm076,858,365,1.2837893438210368
2023-24,B,perm077,858,365,1.293887079475151
2023-24,B,perm078,858,365,1.2900609489854624
2023-24,B,perm079,858,365,1.2933408761200784
2023-24,B,perm080,858,365,1.2925533717219528
2023-24,B,perm081,858,365,1.2868355044881734
2023-24,B,perm082,858,365,1.2892312827668637
2023-24,B,perm083,858,365,1.2959937155778707
2023-24,B,perm084,858,365,1.2879995114122007
2023-24,B,perm085,858,365,1.2893124380018541
2023-24,B,perm086,858,365,1.291560164761014
2023-24,B,perm087,858,365,1.287497991013472
2023-24,B,perm088,858,365,1.2932744420116769
2023-24,B,perm089,858,365,1.283513283239786
2023-24,B,perm090,858,365,1.290030155221202
2023-24,B,perm091,858,365,1.296566474016886
2023-24,B,perm092,858,365,1.2863856357608425
2023-24,B,perm093,858,365,1.2967816432804238
2023-24,B,perm094,858,365,1.286270206473914
2023-24,B,perm095,858,365,1.2883104480093226
2023-24,B,perm096,858,365,1.2937910955887255
2023-24,B,perm097,858,365,1.2904591565202257
2023-24,B,perm098,858,365,1.302468322129277
2023-24,B,perm099,858,365,1.303533028394727
2023-24,B,perm100,858,365,1.2917182706565744
2023-24,B,perm101,858,365,1.2999730006148373
2023-24,B,perm102,858,365,1.2911405044925222
2023-24,B,perm103,858,365,1.2911405044925222
2023-24,B,perm104,858,365,1.2862019890969456
2023-24,B,perm105,858,365,1.2995786472263677
2023-24,B,perm106,858,365,1.279930913088298
2023-24,B,perm107,858,365,1.2995786472263677
2023-24,B,perm108,858,365,1.292828383733647
2023-24,B,perm109,858,365,1.286513953439837
2023-24,B,perm110,858,365,1.2904587822142737
2023-24,B,perm111,858,365,1.3003634199203549
2023-24,B,perm112,858,365,1.3002766266041317
2023-24,B,perm113,858,365,1.299361715157038
2023-24,B,perm114,858,365,1.2892671486966922
2023-24,B,perm115,858,365,1.2909864039597994
2023-24,B,perm116,858,365,1.2907871597458358
2023-24,B,perm117,858,365,1.2916606739412813
2023-24,B,perm118,858,365,1.2906795458191997
2023-24,B,perm119,858,365,1.2840688281834811
