group,key,n,mean_SW,mean_SE,mean_NW,mean_NE,mean_blend_no_constant,mean_temp,mean_openmeteo,spread_of_point_means,mean_daily_spread,om_minus_SW,om_minus_SE,om_minus_NW,om_minus_NE,om_minus_blend,om_minus_temp
calendar month,01,75,12.857161067708367,12.765161067708364,12.2720944010417,12.991427734375034,12.785196719041698,13.479613333333333,13.913333333333334,0.7193333333333332,1.4980000000000002,1.0561722656249664,1.1481722656249684,1.641238932291633,0.9219055989582998,1.1281366142916358,0.43372000000000016
calendar month,02,85,12.734810259650768,12.753751436121355,12.201986730239,13.210222024356648,12.762504307297828,13.456988235294117,14.223529411764705,1.0082352941176485,1.6915294117647068,1.4887191521139391,1.4697779756433522,2.0215426815257067,1.0133073874080585,1.4610251044668772,0.7665411764705883
calendar month,03,101,12.306611376469712,13.55225494082615,12.561660881420208,13.87710642597466,13.14053698092516,13.834930693069307,15.995049504950495,1.570495049504947,2.1913861386138582,3.6884381284807826,2.4427945641243456,3.433388623530286,2.1179430789758356,2.8545125240253344,2.1601188118811883
calendar month,04,120,12.87320756022139,15.526874226888056,13.44429089355472,15.923540893554723,14.617454511471395,15.311841666666668,19.116666666666667,3.0503333333333327,3.5422500000000006,6.243459106445278,3.589792439778611,5.672375773111947,3.1931257731119445,4.499212155195272,3.804825
calendar month,05,124,13.633053884198624,17.856037755166362,14.294182916456688,17.695070013230882,16.299743447908302,16.994145161290323,21.677419354838708,4.222983870967738,4.8149193548387075,8.044365470640084,3.821381599672346,7.383236438382023,3.982349341607828,5.377675906930408,4.683274193548387
calendar month,06,120,15.165004659016962,20.93117132568363,15.744421325683629,19.85225465901696,18.68408673735029,19.378508333333333,24.6175,5.766166666666667,6.016833333333332,9.452495340983038,3.686328674316372,8.873078674316371,4.76524534098304,5.933413262649711,5.238991666666666
calendar month,07,124,16.234095321163085,23.135708224388893,16.563934030840507,21.302643708259865,20.35804731309856,21.05242741935484,27.10725806451613,6.901612903225807,7.054032258064517,10.873162743353042,3.9715498401272344,10.543324033675622,5.804614356256267,6.749210751417571,6.0548306451612905
calendar month,08,93,17.563284268943242,23.391241258190558,17.79124125819056,22.40952082808303,21.107806994749694,21.80221505376344,27.263440860215052,5.8279569892473155,6.215053763440863,9.70015659127181,3.8721996020244966,9.472199602024494,4.853920032132026,6.155633865465358,5.461225806451613
calendar month,09,90,17.466310899522604,21.961866455078162,17.361866455078157,21.458533121744825,20.210419571744822,20.904844444444443,25.887777777777778,4.600000000000005,5.402222222222222,8.421466878255174,3.9259113226996174,8.525911322699619,4.429244656032953,5.677358206032956,4.982933333333333
calendar month,10,93,17.4198205697665,19.421971107400907,17.071325946110584,19.88541196761596,18.70064949396005,19.395086021505374,21.88279569892473,2.814086021505375,3.525698924731179,4.462975129158233,2.4608245915238247,4.811469752814146,1.9973837313087717,3.1821462049646794,2.487709677419355
calendar month,11,89,15.244292650544272,15.381258942679104,14.553056695488092,16.05923647076899,15.36041221121843,16.054775280898877,16.824719101123595,1.5061797752808985,1.8888764044943802,1.5804264505793222,1.4434601584444922,2.2716624056355017,0.765482630354604,1.464306889905164,0.769943820224719
calendar month,12,91,12.418546048677914,12.396348246480109,11.909095499227366,12.587337257469121,12.391377990436153,13.085758241758242,13.292307692307691,0.6782417582417555,1.3219780219780215,0.873761643629779,0.8959594458275824,1.3832121930803274,0.7049704348385701,0.9009297018715403,0.20654945054945065
year,2021,283,15.182384003009087,18.860935239758206,15.158073048945484,18.355952907602724,17.421247500712266,18.115643109540635,22.057950530035335,3.7028621908127217,4.544416961130742,6.875566527026249,3.197015290277131,6.8998774810898515,3.701997622432609,4.63670302932307,3.9423074204946995
year,2022,364,14.75113185337615,17.501324161068457,14.509758227002521,17.335829655573953,16.43402835255197,17.128434065934066,20.358516483516482,2.9915659340659353,3.858131868131867,5.607384630140335,2.8571923224480273,5.848758256513961,3.022686827942533,3.924488130964514,3.2300824175824174
year,2023,363,14.470524989777065,17.041599369942354,14.636255017325276,17.07085556828946,16.092365354239877,16.786785123966943,19.482920110192836,2.600330578512395,3.5571074380165277,5.012395120415773,2.4413207402504837,4.846665092867562,2.412064541903377,3.3905547559529605,2.6961349862258954
year,2024,195,14.108845628004845,17.58535844851766,14.640230243389455,17.258178961338174,16.280698315697148,16.975097435897435,20.757435897435897,3.4765128205128146,4.077641025641024,6.648590269431054,3.1720774489182357,6.117205654046443,3.499256936097724,4.47673758173875,3.782338461538462
whole period,all,1205,14.663943681519093,17.69574451139461,14.721238287328223,17.483022519693368,16.53814452961038,17.232551037344397,20.558423236514525,3.031800829875518,3.9641493775933605,5.894479554995429,2.8626787251199097,5.8371849491863,3.0754007168211555,4.0202787069041435,3.3258721991701243
