station,valid,lon,lat,elevation,tmpc,dwpc
DSM,2026-07-01 00:54,-93.6531,41.5339,294.00,32.22,23.33
DSM,2026-07-01 01:54,-93.6531,41.5339,294.00,30.00,24.44
DSM,2026-07-01 02:54,-93.6531,41.5339,294.00,30.00,23.89
DSM,2026-07-01 03:54,-93.6531,41.5339,294.00,28.89,23.33
DSM,2026-07-01 04:54,-93.6531,41.5339,294.00,28.33,23.89
DSM,2026-07-01 05:54,-93.6531,41.5339,294.00,28.89,23.89
DSM,2026-07-01 06:54,-93.6531,41.5339,294.00,28.33,22.78
DSM,2026-07-01 07:54,-93.6531,41.5339,294.00,27.22,21.67
DSM,2026-07-01 08:54,-93.6531,41.5339,294.00,27.22,20.56
DSM,2026-07-01 09:54,-93.6531,41.5339,294.00,26.67,20.56
DSM,2026-07-01 10:54,-93.6531,41.5339,294.00,26.67,20.56
DSM,2026-07-01 11:54,-93.6531,41.5339,294.00,26.11,21.11
DSM,2026-07-01 12:54,-93.6531,41.5339,294.00,26.11,21.11
DSM,2026-07-01 13:54,-93.6531,41.5339,294.00,27.22,21.67
DSM,2026-07-01 14:54,-93.6531,41.5339,294.00,28.33,21.67
DSM,2026-07-01 15:54,-93.6531,41.5339,294.00,28.33,21.67
DSM,2026-07-01 16:54,-93.6531,41.5339,294.00,29.44,21.67
DSM,2026-07-01 17:54,-93.6531,41.5339,294.00,30.56,21.67
DSM,2026-07-01 18:54,-93.6531,41.5339,294.00,31.67,20.56
DSM,2026-07-01 19:54,-93.6531,41.5339,294.00,32.22,21.67
DSM,2026-07-01 20:54,-93.6531,41.5339,294.00,32.22,22.22
DSM,2026-07-01 21:54,-93.6531,41.5339,294.00,32.22,22.78
DSM,2026-07-01 22:54,-93.6531,41.5339,294.00,31.67,22.78
DSM,2026-07-01 23:54,-93.6531,41.5339,294.00,31.11,23.33
DSM,2026-07-02 00:54,-93.6531,41.5339,294.00,30.56,23.33
DSM,2026-07-02 01:54,-93.6531,41.5339,294.00,29.44,23.33
DSM,2026-07-02 02:54,-93.6531,41.5339,294.00,28.89,22.78
DSM,2026-07-02 03:54,-93.6531,41.5339,294.00,27.78,22.22
DSM,2026-07-02 04:54,-93.6531,41.5339,294.00,27.22,22.22
DSM,2026-07-02 05:54,-93.6531,41.5339,294.00,26.67,22.22
DSM,2026-07-02 06:54,-93.6531,41.5339,294.00,27.22,22.22
DSM,2026-07-02 07:54,-93.6531,41.5339,294.00,27.22,21.67
DSM,2026-07-02 08:54,-93.6531,41.5339,294.00,26.11,21.67
DSM,2026-07-02 09:54,-93.6531,41.5339,294.00,26.11,21.67
DSM,2026-07-02 10:54,-93.6531,41.5339,294.00,26.11,21.67
DSM,2026-07-02 11:54,-93.6531,41.5339,294.00,25.56,21.67
DSM,2026-07-02 12:54,-93.6531,41.5339,294.00,26.67,21.67
DSM,2026-07-02 13:54,-93.6531,41.5339,294.00,28.33,21.67
DSM,2026-07-02 14:54,-93.6531,41.5339,294.00,29.44,22.22
DSM,2026-07-02 15:54,-93.6531,41.5339,294.00,30.56,22.22
DSM,2026-07-02 16:54,-93.6531,41.5339,294.00,31.11,22.22
DSM,2026-07-02 17:54,-93.6531,41.5339,294.00,31.11,22.22
DSM,2026-07-02 18:54,-93.6531,41.5339,294.00,31.11,22.78
DSM,2026-07-02 19:54,-93.6531,41.5339,294.00,32.22,22.22
DSM,2026-07-02 20:54,-93.6531,41.5339,294.00,32.22,22.78
DSM,2026-07-02 21:01,-93.6531,41.5339,294.00,32.22,22.78
DSM,2026-07-02 21:15,-93.6531,41.5339,294.00,27.78,24.44
DSM,2026-07-02 21:26,-93.6531,41.5339,294.00,25.56,21.11
DSM,2026-07-02 21:54,-93.6531,41.5339,294.00,31.11,23.89
DSM,2026-07-02 22:54,-93.6531,41.5339,294.00,32.22,22.78
DSM,2026-07-02 23:54,-93.6531,41.5339,294.00,31.67,22.78
DSM,2026-07-03 00:54,-93.6531,41.5339,294.00,31.11,22.78
DSM,2026-07-03 01:54,-93.6531,41.5339,294.00,26.11,21.67
DSM,2026-07-03 02:54,-93.6531,41.5339,294.00,25.00,17.78
DSM,2026-07-03 03:13,-93.6531,41.5339,294.00,23.33,19.44
DSM,2026-07-03 03:52,-93.6531,41.5339,294.00,22.00,19.00
DSM,2026-07-03 03:54,-93.6531,41.5339,294.00,21.67,19.44
DSM,2026-07-03 04:22,-93.6531,41.5339,294.00,21.67,18.89
DSM,2026-07-03 04:54,-93.6531,41.5339,294.00,21.11,18.33
DSM,2026-07-03 04:59,-93.6531,41.5339,294.00,20.56,18.33
DSM,2026-07-03 05:46,-93.6531,41.5339,294.00,20.00,18.89
DSM,2026-07-03 05:54,-93.6531,41.5339,294.00,20.00,18.89
DSM,2026-07-03 06:02,-93.6531,41.5339,294.00,20.00,18.33
DSM,2026-07-03 06:07,-93.6531,41.5339,294.00,20.00,18.89
DSM,2026-07-03 06:17,-93.6531,41.5339,294.00,20.00,18.89
DSM,2026-07-03 06:44,-93.6531,41.5339,294.00,20.00,18.89
DSM,2026-07-03 06:54,-93.6531,41.5339,294.00,19.44,18.89
DSM,2026-07-03 06:58,-93.6531,41.5339,294.00,20.00,18.89
DSM,2026-07-03 07:07,-93.6531,41.5339,294.00,20.56,19.44
DSM,2026-07-03 07:17,-93.6531,41.5339,294.00,20.56,19.44
DSM,2026-07-03 07:39,-93.6531,41.5339,294.00,20.56,18.89
DSM,2026-07-03 07:54,-93.6531,41.5339,294.00,20.56,19.44
DSM,2026-07-03 08:16,-93.6531,41.5339,294.00,21.11,20.00
DSM,2026-07-03 08:29,-93.6531,41.5339,294.00,21.11,20.00
DSM,2026-07-03 08:54,-93.6531,41.5339,294.00,20.56,19.44
DSM,2026-07-03 09:11,-93.6531,41.5339,294.00,20.00,19.44
DSM,2026-07-03 09:54,-93.6531,41.5339,294.00,20.00,19.44
DSM,2026-07-03 10:29,-93.6531,41.5339,294.00,20.56,19.44
DSM,2026-07-03 10:54,-93.6531,41.5339,294.00,20.00,19.44
DSM,2026-07-03 11:40,-93.6531,41.5339,294.00,20.56,18.89
DSM,2026-07-03 11:54,-93.6531,41.5339,294.00,20.00,18.89
DSM,2026-07-03 12:01,-93.6531,41.5339,294.00,20.00,18.89
DSM,2026-07-03 12:06,-93.6531,41.5339,294.00,19.44,18.33
DSM,2026-07-03 12:12,-93.6531,41.5339,294.00,18.89,18.33
DSM,2026-07-03 12:21,-93.6531,41.5339,294.00,18.89,17.78
DSM,2026-07-03 12:31,-93.6531,41.5339,294.00,18.89,17.78
DSM,2026-07-03 12:50,-93.6531,41.5339,294.00,19.00,18.00
DSM,2026-07-03 12:54,-93.6531,41.5339,294.00,18.89,17.78
DSM,2026-07-03 13:43,-93.6531,41.5339,294.00,19.44,17.78
DSM,2026-07-03 13:54,-93.6531,41.5339,294.00,19.44,17.78
DSM,2026-07-03 14:54,-93.6531,41.5339,294.00,22.22,18.33
DSM,2026-07-03 15:54,-93.6531,41.5339,294.00,25.00,18.89
DSM,2026-07-03 16:54,-93.6531,41.5339,294.00,27.22,19.44
DSM,2026-07-03 17:54,-93.6531,41.5339,294.00,28.33,21.11
DSM,2026-07-03 18:54,-93.6531,41.5339,294.00,29.44,22.22
DSM,2026-07-03 19:54,-93.6531,41.5339,294.00,30.00,22.78
DSM,2026-07-03 20:54,-93.6531,41.5339,294.00,30.00,22.78
DSM,2026-07-03 21:54,-93.6531,41.5339,294.00,30.00,22.22
DSM,2026-07-03 22:03,-93.6531,41.5339,294.00,30.00,22.78
DSM,2026-07-03 22:54,-93.6531,41.5339,294.00,29.44,23.33
DSM,2026-07-03 23:54,-93.6531,41.5339,294.00,28.33,23.89
DSM,2026-07-04 00:54,-93.6531,41.5339,294.00,27.78,23.33
DSM,2026-07-04 01:54,-93.6531,41.5339,294.00,27.22,22.78
DSM,2026-07-04 02:54,-93.6531,41.5339,294.00,26.11,23.33
DSM,2026-07-04 03:54,-93.6531,41.5339,294.00,25.00,22.22
DSM,2026-07-04 04:31,-93.6531,41.5339,294.00,25.00,21.11
DSM,2026-07-04 04:54,-93.6531,41.5339,294.00,23.89,22.22
DSM,2026-07-04 05:30,-93.6531,41.5339,294.00,23.89,22.22
DSM,2026-07-04 05:54,-93.6531,41.5339,294.00,23.89,22.78
DSM,2026-07-04 06:38,-93.6531,41.5339,294.00,23.89,22.78
DSM,2026-07-04 06:41,-93.6531,41.5339,294.00,23.89,22.78
DSM,2026-07-04 06:54,-93.6531,41.5339,294.00,22.78,20.00
DSM,2026-07-04 07:13,-93.6531,41.5339,294.00,20.56,18.89
DSM,2026-07-04 07:19,-93.6531,41.5339,294.00,20.00,18.89
DSM,2026-07-04 07:28,-93.6531,41.5339,294.00,20.00,18.89
DSM,2026-07-04 07:32,-93.6531,41.5339,294.00,20.00,18.89
DSM,2026-07-04 07:36,-93.6531,41.5339,294.00,20.56,19.44
DSM,2026-07-04 07:41,-93.6531,41.5339,294.00,20.56,20.00
DSM,2026-07-04 07:54,-93.6531,41.5339,294.00,20.00,18.89
DSM,2026-07-04 08:07,-93.6531,41.5339,294.00,19.44,18.33
DSM,2026-07-04 08:21,-93.6531,41.5339,294.00,20.00,18.89
DSM,2026-07-04 08:54,-93.6531,41.5339,294.00,20.56,18.33
DSM,2026-07-04 09:54,-93.6531,41.5339,294.00,20.56,17.78
DSM,2026-07-04 10:54,-93.6531,41.5339,294.00,21.11,17.78
DSM,2026-07-04 11:54,-93.6531,41.5339,294.00,20.00,18.33
DSM,2026-07-04 12:54,-93.6531,41.5339,294.00,21.67,18.89
DSM,2026-07-04 13:54,-93.6531,41.5339,294.00,23.33,18.33
DSM,2026-07-04 14:54,-93.6531,41.5339,294.00,25.00,18.33
DSM,2026-07-04 15:54,-93.6531,41.5339,294.00,26.67,19.44
DSM,2026-07-04 16:54,-93.6531,41.5339,294.00,27.78,18.89
DSM,2026-07-04 17:54,-93.6531,41.5339,294.00,28.33,18.33
DSM,2026-07-04 18:54,-93.6531,41.5339,294.00,28.33,19.44
DSM,2026-07-04 19:54,-93.6531,41.5339,294.00,28.89,18.89
DSM,2026-07-04 20:54,-93.6531,41.5339,294.00,28.89,16.67
DSM,2026-07-04 21:54,-93.6531,41.5339,294.00,29.44,17.78
DSM,2026-07-04 22:54,-93.6531,41.5339,294.00,29.44,18.89
DSM,2026-07-04 23:54,-93.6531,41.5339,294.00,28.33,18.33
DSM,2026-07-05 00:54,-93.6531,41.5339,294.00,27.78,19.44
DSM,2026-07-05 01:54,-93.6531,41.5339,294.00,27.22,20.56
DSM,2026-07-05 02:54,-93.6531,41.5339,294.00,25.56,20.56
DSM,2026-07-05 03:54,-93.6531,41.5339,294.00,25.00,20.00
DSM,2026-07-05 04:54,-93.6531,41.5339,294.00,25.00,20.00
DSM,2026-07-05 05:37,-93.6531,41.5339,294.00,25.00,20.00
DSM,2026-07-05 05:54,-93.6531,41.5339,294.00,23.33,20.56
DSM,2026-07-05 06:54,-93.6531,41.5339,294.00,23.33,20.00
DSM,2026-07-05 07:14,-93.6531,41.5339,294.00,23.33,20.00
DSM,2026-07-05 07:54,-93.6531,41.5339,294.00,23.33,20.56
DSM,2026-07-05 08:54,-93.6531,41.5339,294.00,23.33,20.00
DSM,2026-07-05 09:22,-93.6531,41.5339,294.00,22.78,20.56
DSM,2026-07-05 09:54,-93.6531,41.5339,294.00,22.22,20.00
DSM,2026-07-05 10:54,-93.6531,41.5339,294.00,22.22,20.00
DSM,2026-07-05 11:54,-93.6531,41.5339,294.00,21.67,19.44
DSM,2026-07-05 12:54,-93.6531,41.5339,294.00,21.67,19.44
DSM,2026-07-05 13:54,-93.6531,41.5339,294.00,23.89,20.00
DSM,2026-07-05 14:54,-93.6531,41.5339,294.00,24.44,18.89
DSM,2026-07-05 15:54,-93.6531,41.5339,294.00,25.56,19.44
DSM,2026-07-05 16:54,-93.6531,41.5339,294.00,27.22,18.89
DSM,2026-07-05 17:54,-93.6531,41.5339,294.00,28.33,18.89
DSM,2026-07-05 18:54,-93.6531,41.5339,294.00,28.33,18.89
DSM,2026-07-05 19:54,-93.6531,41.5339,294.00,28.33,18.33
DSM,2026-07-05 20:54,-93.6531,41.5339,294.00,28.89,18.89
DSM,2026-07-05 21:54,-93.6531,41.5339,294.00,29.44,20.00
DSM,2026-07-05 22:54,-93.6531,41.5339,294.00,28.89,19.44
DSM,2026-07-05 23:54,-93.6531,41.5339,294.00,28.89,20.00
DSM,2026-07-06 00:54,-93.6531,41.5339,294.00,27.78,20.00
DSM,2026-07-06 01:54,-93.6531,41.5339,294.00,26.67,20.00
DSM,2026-07-06 02:54,-93.6531,41.5339,294.00,26.11,20.00
DSM,2026-07-06 03:54,-93.6531,41.5339,294.00,25.56,20.00
DSM,2026-07-06 04:54,-93.6531,41.5339,294.00,24.44,20.56
DSM,2026-07-06 05:54,-93.6531,41.5339,294.00,23.89,20.56
DSM,2026-07-06 06:54,-93.6531,41.5339,294.00,23.33,20.56
DSM,2026-07-06 07:54,-93.6531,41.5339,294.00,22.78,20.56
DSM,2026-07-06 08:54,-93.6531,41.5339,294.00,22.22,20.00
DSM,2026-07-06 09:54,-93.6531,41.5339,294.00,20.56,20.00
DSM,2026-07-06 10:54,-93.6531,41.5339,294.00,21.67,20.00
DSM,2026-07-06 11:54,-93.6531,41.5339,294.00,22.22,20.00
DSM,2026-07-06 12:54,-93.6531,41.5339,294.00,23.33,20.56
DSM,2026-07-06 13:54,-93.6531,41.5339,294.00,24.44,20.00
DSM,2026-07-06 14:54,-93.6531,41.5339,294.00,26.11,20.00
DSM,2026-07-06 15:54,-93.6531,41.5339,294.00,27.22,20.00
DSM,2026-07-06 16:54,-93.6531,41.5339,294.00,27.78,20.00
DSM,2026-07-06 17:54,-93.6531,41.5339,294.00,28.33,19.44
DSM,2026-07-06 18:54,-93.6531,41.5339,294.00,28.89,19.44
DSM,2026-07-06 19:54,-93.6531,41.5339,294.00,28.33,20.00
DSM,2026-07-06 20:54,-93.6531,41.5339,294.00,29.44,19.44
DSM,2026-07-06 21:54,-93.6531,41.5339,294.00,28.89,19.44
DSM,2026-07-06 22:54,-93.6531,41.5339,294.00,28.33,19.44
DSM,2026-07-06 23:54,-93.6531,41.5339,294.00,28.89,18.89
DSM,2026-07-07 00:54,-93.6531,41.5339,294.00,28.33,20.00
DSM,2026-07-07 01:54,-93.6531,41.5339,294.00,27.22,20.00
DSM,2026-07-07 02:54,-93.6531,41.5339,294.00,26.11,20.00
DSM,2026-07-07 03:54,-93.6531,41.5339,294.00,25.00,20.00
DSM,2026-07-07 04:54,-93.6531,41.5339,294.00,25.00,19.44
DSM,2026-07-07 05:54,-93.6531,41.5339,294.00,24.44,18.89
DSM,2026-07-07 06:54,-93.6531,41.5339,294.00,22.78,18.89
DSM,2026-07-07 07:54,-93.6531,41.5339,294.00,22.78,18.89
DSM,2026-07-07 08:54,-93.6531,41.5339,294.00,22.22,18.89
DSM,2026-07-07 09:54,-93.6531,41.5339,294.00,21.67,18.89
DSM,2026-07-07 10:54,-93.6531,41.5339,294.00,21.67,19.44
DSM,2026-07-07 11:54,-93.6531,41.5339,294.00,21.11,19.44
DSM,2026-07-07 12:54,-93.6531,41.5339,294.00,22.22,20.00
DSM,2026-07-07 13:54,-93.6531,41.5339,294.00,24.44,20.00
DSM,2026-07-07 14:54,-93.6531,41.5339,294.00,26.67,19.44
DSM,2026-07-07 15:54,-93.6531,41.5339,294.00,27.78,19.44
DSM,2026-07-07 16:54,-93.6531,41.5339,294.00,28.33,20.56
DSM,2026-07-07 17:54,-93.6531,41.5339,294.00,28.89,19.44
DSM,2026-07-07 18:54,-93.6531,41.5339,294.00,28.89,19.44
DSM,2026-07-07 19:54,-93.6531,41.5339,294.00,30.00,20.00
DSM,2026-07-07 20:54,-93.6531,41.5339,294.00,30.56,18.89
DSM,2026-07-07 21:54,-93.6531,41.5339,294.00,31.11,18.33
DSM,2026-07-07 22:54,-93.6531,41.5339,294.00,30.56,17.78
DSM,2026-07-07 23:54,-93.6531,41.5339,294.00,30.00,19.44
DSM,2026-07-08 00:54,-93.6531,41.5339,294.00,29.44,19.44
DSM,2026-07-08 01:54,-93.6531,41.5339,294.00,28.33,20.56
DSM,2026-07-08 02:54,-93.6531,41.5339,294.00,27.22,20.00
DSM,2026-07-08 03:54,-93.6531,41.5339,294.00,26.11,20.56
DSM,2026-07-08 04:54,-93.6531,41.5339,294.00,25.56,20.00
DSM,2026-07-08 05:54,-93.6531,41.5339,294.00,25.00,20.00
DSM,2026-07-08 06:54,-93.6531,41.5339,294.00,23.89,20.00
DSM,2026-07-08 07:54,-93.6531,41.5339,294.00,23.33,19.44
DSM,2026-07-08 08:54,-93.6531,41.5339,294.00,22.78,18.89
DSM,2026-07-08 09:54,-93.6531,41.5339,294.00,22.22,18.89
DSM,2026-07-08 10:54,-93.6531,41.5339,294.00,22.22,18.33
DSM,2026-07-08 11:54,-93.6531,41.5339,294.00,22.22,17.78
DSM,2026-07-08 12:54,-93.6531,41.5339,294.00,22.78,18.33
DSM,2026-07-08 13:54,-93.6531,41.5339,294.00,25.00,19.44
DSM,2026-07-08 14:54,-93.6531,41.5339,294.00,27.22,19.44
DSM,2026-07-08 15:54,-93.6531,41.5339,294.00,28.33,20.00
DSM,2026-07-08 16:54,-93.6531,41.5339,294.00,29.44,20.00
DSM,2026-07-08 17:54,-93.6531,41.5339,294.00,30.00,19.44
DSM,2026-07-08 18:54,-93.6531,41.5339,294.00,31.11,19.44
DSM,2026-07-08 19:54,-93.6531,41.5339,294.00,31.11,19.44
DSM,2026-07-08 20:54,-93.6531,41.5339,294.00,31.67,19.44
DSM,2026-07-08 21:54,-93.6531,41.5339,294.00,31.67,20.00
DSM,2026-07-08 22:54,-93.6531,41.5339,294.00,31.67,19.44
DSM,2026-07-08 23:54,-93.6531,41.5339,294.00,30.56,18.89
DSM,2026-07-09 00:54,-93.6531,41.5339,294.00,29.44,19.44
DSM,2026-07-09 01:33,-93.6531,41.5339,294.00,24.44,16.11
DSM,2026-07-09 01:54,-93.6531,41.5339,294.00,21.11,18.33
DSM,2026-07-09 02:54,-93.6531,41.5339,294.00,21.67,20.56
DSM,2026-07-09 03:37,-93.6531,41.5339,294.00,21.67,20.00
DSM,2026-07-09 03:54,-93.6531,41.5339,294.00,21.11,20.00
DSM,2026-07-09 04:54,-93.6531,41.5339,294.00,21.67,19.44
DSM,2026-07-09 05:54,-93.6531,41.5339,294.00,21.11,20.00
DSM,2026-07-09 06:54,-93.6531,41.5339,294.00,21.11,20.00
DSM,2026-07-09 07:06,-93.6531,41.5339,294.00,21.11,20.00
DSM,2026-07-09 07:54,-93.6531,41.5339,294.00,20.56,19.44
DSM,2026-07-09 08:54,-93.6531,41.5339,294.00,20.56,20.00
DSM,2026-07-09 09:54,-93.6531,41.5339,294.00,21.11,19.44
DSM,2026-07-09 10:54,-93.6531,41.5339,294.00,20.56,18.89
DSM,2026-07-09 11:54,-93.6531,41.5339,294.00,20.56,19.44
DSM,2026-07-09 12:54,-93.6531,41.5339,294.00,21.67,19.44
DSM,2026-07-09 13:54,-93.6531,41.5339,294.00,23.33,19.44
DSM,2026-07-09 14:54,-93.6531,41.5339,294.00,25.00,20.00
DSM,2026-07-09 15:54,-93.6531,41.5339,294.00,26.11,19.44
DSM,2026-07-09 16:54,-93.6531,41.5339,294.00,26.67,19.44
DSM,2026-07-09 17:54,-93.6531,41.5339,294.00,27.22,19.44
DSM,2026-07-09 18:54,-93.6531,41.5339,294.00,27.78,19.44
DSM,2026-07-09 19:54,-93.6531,41.5339,294.00,28.33,20.00
DSM,2026-07-09 20:54,-93.6531,41.5339,294.00,28.89,20.00
DSM,2026-07-09 21:54,-93.6531,41.5339,294.00,29.44,20.56
DSM,2026-07-09 22:54,-93.6531,41.5339,294.00,29.44,20.56
DSM,2026-07-09 23:54,-93.6531,41.5339,294.00,28.89,20.00
DSM,2026-07-10 00:54,-93.6531,41.5339,294.00,28.33,20.56
DSM,2026-07-10 01:54,-93.6531,41.5339,294.00,27.22,21.11
DSM,2026-07-10 02:54,-93.6531,41.5339,294.00,26.11,21.11
DSM,2026-07-10 03:54,-93.6531,41.5339,294.00,26.11,20.56
DSM,2026-07-10 04:54,-93.6531,41.5339,294.00,24.44,21.11
DSM,2026-07-10 05:54,-93.6531,41.5339,294.00,25.56,21.11
DSM,2026-07-10 06:54,-93.6531,41.5339,294.00,23.89,21.67
DSM,2026-07-10 07:54,-93.6531,41.5339,294.00,23.89,21.67
DSM,2026-07-10 08:54,-93.6531,41.5339,294.00,23.33,21.67
DSM,2026-07-10 09:54,-93.6531,41.5339,294.00,22.78,21.67
DSM,2026-07-10 10:54,-93.6531,41.5339,294.00,22.22,21.11
DSM,2026-07-10 11:54,-93.6531,41.5339,294.00,22.78,21.11
DSM,2026-07-10 12:54,-93.6531,41.5339,294.00,23.33,21.67
DSM,2026-07-10 13:54,-93.6531,41.5339,294.00,23.89,21.11
DSM,2026-07-10 14:54,-93.6531,41.5339,294.00,25.00,22.22
DSM,2026-07-10 15:54,-93.6531,41.5339,294.00,25.56,22.22
DSM,2026-07-10 16:54,-93.6531,41.5339,294.00,26.67,21.67
DSM,2026-07-10 17:54,-93.6531,41.5339,294.00,27.22,21.11
DSM,2026-07-10 18:54,-93.6531,41.5339,294.00,27.22,21.67
DSM,2026-07-10 19:54,-93.6531,41.5339,294.00,27.22,21.67
DSM,2026-07-10 20:54,-93.6531,41.5339,294.00,27.22,21.67
DSM,2026-07-10 21:54,-93.6531,41.5339,294.00,27.78,21.67
DSM,2026-07-10 22:54,-93.6531,41.5339,294.00,27.78,21.67
DSM,2026-07-10 23:54,-93.6531,41.5339,294.00,27.78,21.67
DSM,2026-07-11 00:54,-93.6531,41.5339,294.00,27.22,21.11
DSM,2026-07-11 01:54,-93.6531,41.5339,294.00,26.67,21.67
DSM,2026-07-11 02:50,-93.6531,41.5339,294.00,24.00,19.00
DSM,2026-07-11 02:54,-93.6531,41.5339,294.00,24.44,18.89
DSM,2026-07-11 03:27,-93.6531,41.5339,294.00,22.78,19.44
DSM,2026-07-11 03:54,-93.6531,41.5339,294.00,22.78,19.44
DSM,2026-07-11 04:54,-93.6531,41.5339,294.00,22.22,19.44
DSM,2026-07-11 05:54,-93.6531,41.5339,294.00,21.67,19.44
DSM,2026-07-11 06:54,-93.6531,41.5339,294.00,22.78,19.44
DSM,2026-07-11 07:54,-93.6531,41.5339,294.00,21.67,20.00
DSM,2026-07-11 08:54,-93.6531,41.5339,294.00,21.11,20.00
DSM,2026-07-11 09:54,-93.6531,41.5339,294.00,21.11,20.00
DSM,2026-07-11 10:54,-93.6531,41.5339,294.00,21.11,19.44
DSM,2026-07-11 11:54,-93.6531,41.5339,294.00,21.67,19.44
DSM,2026-07-11 12:54,-93.6531,41.5339,294.00,23.33,20.00
DSM,2026-07-11 13:54,-93.6531,41.5339,294.00,24.44,20.56
DSM,2026-07-11 14:54,-93.6531,41.5339,294.00,25.56,20.00
DSM,2026-07-11 15:54,-93.6531,41.5339,294.00,26.67,20.56
DSM,2026-07-11 16:54,-93.6531,41.5339,294.00,27.22,20.00
DSM,2026-07-11 17:54,-93.6531,41.5339,294.00,28.33,18.89
DSM,2026-07-11 18:54,-93.6531,41.5339,294.00,28.33,18.89
DSM,2026-07-11 19:54,-93.6531,41.5339,294.00,28.89,18.89
DSM,2026-07-11 20:54,-93.6531,41.5339,294.00,28.89,18.33
DSM,2026-07-11 21:54,-93.6531,41.5339,294.00,29.44,16.11
DSM,2026-07-11 22:54,-93.6531,41.5339,294.00,28.89,17.22
DSM,2026-07-11 23:54,-93.6531,41.5339,294.00,28.33,15.56
DSM,2026-07-12 00:54,-93.6531,41.5339,294.00,27.78,16.67
DSM,2026-07-12 01:54,-93.6531,41.5339,294.00,26.11,17.22
DSM,2026-07-12 02:54,-93.6531,41.5339,294.00,25.00,17.78
DSM,2026-07-12 03:54,-93.6531,41.5339,294.00,24.44,18.33
DSM,2026-07-12 04:54,-93.6531,41.5339,294.00,23.33,18.33
DSM,2026-07-12 05:54,-93.6531,41.5339,294.00,22.78,18.33
DSM,2026-07-12 06:54,-93.6531,41.5339,294.00,22.22,17.78
DSM,2026-07-12 07:54,-93.6531,41.5339,294.00,21.67,17.22
DSM,2026-07-12 08:54,-93.6531,41.5339,294.00,20.56,17.78
DSM,2026-07-12 09:54,-93.6531,41.5339,294.00,20.00,17.78
DSM,2026-07-12 10:54,-93.6531,41.5339,294.00,20.00,17.22
DSM,2026-07-12 11:54,-93.6531,41.5339,294.00,20.00,17.22
DSM,2026-07-12 12:54,-93.6531,41.5339,294.00,22.78,17.22
DSM,2026-07-12 13:54,-93.6531,41.5339,294.00,24.44,18.33
DSM,2026-07-12 14:54,-93.6531,41.5339,294.00,26.11,18.33
DSM,2026-07-12 15:54,-93.6531,41.5339,294.00,26.67,16.67
DSM,2026-07-12 16:54,-93.6531,41.5339,294.00,27.78,17.78
DSM,2026-07-12 17:54,-93.6531,41.5339,294.00,27.78,17.78
DSM,2026-07-12 18:54,-93.6531,41.5339,294.00,28.89,18.33
DSM,2026-07-12 19:54,-93.6531,41.5339,294.00,29.44,18.33
DSM,2026-07-12 20:54,-93.6531,41.5339,294.00,31.67,17.78
DSM,2026-07-12 21:54,-93.6531,41.5339,294.00,32.22,16.67
DSM,2026-07-12 22:54,-93.6531,41.5339,294.00,30.56,17.78
DSM,2026-07-12 23:54,-93.6531,41.5339,294.00,30.00,16.67
DSM,2026-07-13 00:54,-93.6531,41.5339,294.00,28.89,17.78
DSM,2026-07-13 01:54,-93.6531,41.5339,294.00,27.22,18.33
DSM,2026-07-13 02:54,-93.6531,41.5339,294.00,25.56,18.89
DSM,2026-07-13 03:54,-93.6531,41.5339,294.00,25.00,18.33
DSM,2026-07-13 04:54,-93.6531,41.5339,294.00,23.89,18.33
DSM,2026-07-13 05:54,-93.6531,41.5339,294.00,23.33,17.78
DSM,2026-07-13 06:54,-93.6531,41.5339,294.00,23.33,17.78
DSM,2026-07-13 07:54,-93.6531,41.5339,294.00,22.22,18.33
DSM,2026-07-13 08:54,-93.6531,41.5339,294.00,21.67,18.33
DSM,2026-07-13 09:54,-93.6531,41.5339,294.00,20.00,17.78
DSM,2026-07-13 10:54,-93.6531,41.5339,294.00,19.44,17.78
DSM,2026-07-13 11:54,-93.6531,41.5339,294.00,20.56,18.33
DSM,2026-07-13 12:54,-93.6531,41.5339,294.00,22.78,18.89
DSM,2026-07-13 13:54,-93.6531,41.5339,294.00,24.44,19.44
DSM,2026-07-13 14:54,-93.6531,41.5339,294.00,26.11,20.00
DSM,2026-07-13 15:54,-93.6531,41.5339,294.00,27.78,18.33
DSM,2026-07-13 16:54,-93.6531,41.5339,294.00,29.44,16.11
DSM,2026-07-13 17:54,-93.6531,41.5339,294.00,31.67,16.67
DSM,2026-07-13 18:54,-93.6531,41.5339,294.00,32.11,17.22
DSM,2026-07-13 19:54,-93.6531,41.5339,294.00,32.22,17.22
DSM,2026-07-13 20:54,-93.6531,41.5339,294.00,31.67,17.78
DSM,2026-07-13 21:54,-93.6531,41.5339,294.00,31.67,18.89
DSM,2026-07-13 22:54,-93.6531,41.5339,294.00,31.11,18.89
DSM,2026-07-13 23:54,-93.6531,41.5339,294.00,30.00,19.44
DSM,2026-07-14 00:54,-93.6531,41.5339,294.00,29.44,19.44
DSM,2026-07-14 01:54,-93.6531,41.5339,294.00,28.33,21.11
DSM,2026-07-14 02:54,-93.6531,41.5339,294.00,27.22,21.11
DSM,2026-07-14 03:54,-93.6531,41.5339,294.00,25.56,20.56
DSM,2026-07-14 04:54,-93.6531,41.5339,294.00,25.00,20.56
DSM,2026-07-14 05:54,-93.6531,41.5339,294.00,23.33,20.56
DSM,2026-07-14 06:54,-93.6531,41.5339,294.00,22.78,21.11
DSM,2026-07-14 07:54,-93.6531,41.5339,294.00,22.78,21.11
DSM,2026-07-14 08:54,-93.6531,41.5339,294.00,21.67,20.00
DSM,2026-07-14 09:54,-93.6531,41.5339,294.00,20.56,20.00
DSM,2026-07-14 10:54,-93.6531,41.5339,294.00,20.00,19.44
DSM,2026-07-14 11:54,-93.6531,41.5339,294.00,21.11,19.44
DSM,2026-07-14 12:54,-93.6531,41.5339,294.00,23.89,20.56
DSM,2026-07-14 13:54,-93.6531,41.5339,294.00,25.56,21.11
DSM,2026-07-14 14:54,-93.6531,41.5339,294.00,27.78,20.56
DSM,2026-07-14 15:54,-93.6531,41.5339,294.00,28.89,20.00
DSM,2026-07-14 16:54,-93.6531,41.5339,294.00,30.00,20.00
DSM,2026-07-14 17:54,-93.6531,41.5339,294.00,30.56,20.56
DSM,2026-07-14 18:54,-93.6531,41.5339,294.00,30.56,20.00
DSM,2026-07-14 19:54,-93.6531,41.5339,294.00,31.67,20.00
DSM,2026-07-14 20:54,-93.6531,41.5339,294.00,31.67,20.00
DSM,2026-07-14 21:54,-93.6531,41.5339,294.00,31.67,19.44
DSM,2026-07-14 22:54,-93.6531,41.5339,294.00,31.67,18.89
DSM,2026-07-14 23:54,-93.6531,41.5339,294.00,31.11,18.89
DSM,2026-07-15 00:54,-93.6531,41.5339,294.00,30.56,18.89
DSM,2026-07-15 01:54,-93.6531,41.5339,294.00,29.44,19.44
DSM,2026-07-15 02:54,-93.6531,41.5339,294.00,28.33,20.56
DSM,2026-07-15 03:54,-93.6531,41.5339,294.00,27.78,20.56
DSM,2026-07-15 04:54,-93.6531,41.5339,294.00,26.67,20.56
DSM,2026-07-15 05:54,-93.6531,41.5339,294.00,25.56,20.56
DSM,2026-07-15 06:54,-93.6531,41.5339,294.00,23.33,20.56
DSM,2026-07-15 07:54,-93.6531,41.5339,294.00,23.33,21.11
DSM,2026-07-15 08:54,-93.6531,41.5339,294.00,24.44,21.11
DSM,2026-07-15 09:54,-93.6531,41.5339,294.00,21.67,20.56
DSM,2026-07-15 10:54,-93.6531,41.5339,294.00,21.11,20.56
DSM,2026-07-15 11:54,-93.6531,41.5339,294.00,22.22,20.56
DSM,2026-07-15 12:54,-93.6531,41.5339,294.00,24.44,21.67
DSM,2026-07-15 13:54,-93.6531,41.5339,294.00,27.22,21.11
DSM,2026-07-15 14:54,-93.6531,41.5339,294.00,28.89,21.67
DSM,2026-07-15 15:54,-93.6531,41.5339,294.00,30.00,21.67
DSM,2026-07-15 16:54,-93.6531,41.5339,294.00,29.44,21.11
DSM,2026-07-15 17:54,-93.6531,41.5339,294.00,30.56,20.56
DSM,2026-07-15 18:54,-93.6531,41.5339,294.00,31.67,20.00
DSM,2026-07-15 19:54,-93.6531,41.5339,294.00,32.22,21.11
DSM,2026-07-15 20:54,-93.6531,41.5339,294.00,32.22,21.11
DSM,2026-07-15 21:54,-93.6531,41.5339,294.00,31.67,20.56
DSM,2026-07-15 22:54,-93.6531,41.5339,294.00,31.11,20.56
DSM,2026-07-15 23:54,-93.6531,41.5339,294.00,30.56,21.11
DSM,2026-07-16 00:54,-93.6531,41.5339,294.00,30.56,20.56
DSM,2026-07-16 01:54,-93.6531,41.5339,294.00,29.44,21.11
DSM,2026-07-16 02:54,-93.6531,41.5339,294.00,28.89,21.11
DSM,2026-07-16 03:54,-93.6531,41.5339,294.00,27.78,21.67
DSM,2026-07-16 04:54,-93.6531,41.5339,294.00,26.67,21.67
DSM,2026-07-16 05:54,-93.6531,41.5339,294.00,26.67,21.67
DSM,2026-07-16 06:54,-93.6531,41.5339,294.00,26.11,21.67
DSM,2026-07-16 07:54,-93.6531,41.5339,294.00,23.89,21.11
DSM,2026-07-16 08:54,-93.6531,41.5339,294.00,23.33,21.11
DSM,2026-07-16 09:54,-93.6531,41.5339,294.00,23.89,21.11
DSM,2026-07-16 10:54,-93.6531,41.5339,294.00,23.89,21.67
DSM,2026-07-16 11:54,-93.6531,41.5339,294.00,24.44,22.22
DSM,2026-07-16 12:54,-93.6531,41.5339,294.00,26.11,22.22
DSM,2026-07-16 13:54,-93.6531,41.5339,294.00,27.22,21.67
DSM,2026-07-16 14:54,-93.6531,41.5339,294.00,28.89,22.22
DSM,2026-07-16 15:54,-93.6531,41.5339,294.00,30.00,20.56
DSM,2026-07-16 16:54,-93.6531,41.5339,294.00,30.56,20.56
DSM,2026-07-16 17:54,-93.6531,41.5339,294.00,31.11,20.00
DSM,2026-07-16 18:54,-93.6531,41.5339,294.00,31.67,18.89
DSM,2026-07-16 19:54,-93.6531,41.5339,294.00,32.22,21.11
DSM,2026-07-16 20:54,-93.6531,41.5339,294.00,31.67,20.00
DSM,2026-07-16 21:54,-93.6531,41.5339,294.00,32.22,18.89
DSM,2026-07-16 22:54,-93.6531,41.5339,294.00,31.67,20.00
DSM,2026-07-16 23:54,-93.6531,41.5339,294.00,31.67,20.56
DSM,2026-07-17 00:54,-93.6531,41.5339,294.00,28.33,21.67
DSM,2026-07-17 01:54,-93.6531,41.5339,294.00,27.78,21.11
DSM,2026-07-17 02:54,-93.6531,41.5339,294.00,28.33,21.11
DSM,2026-07-17 03:54,-93.6531,41.5339,294.00,26.67,21.11
DSM,2026-07-17 04:54,-93.6531,41.5339,294.00,27.22,21.11
DSM,2026-07-17 05:54,-93.6531,41.5339,294.00,25.56,21.67
DSM,2026-07-17 06:54,-93.6531,41.5339,294.00,25.00,21.67
DSM,2026-07-17 07:54,-93.6531,41.5339,294.00,24.44,21.67
DSM,2026-07-17 08:54,-93.6531,41.5339,294.00,24.44,21.67
DSM,2026-07-17 09:54,-93.6531,41.5339,294.00,23.33,21.11
DSM,2026-07-17 10:54,-93.6531,41.5339,294.00,22.78,21.11
DSM,2026-07-17 11:54,-93.6531,41.5339,294.00,23.33,21.67
DSM,2026-07-17 12:54,-93.6531,41.5339,294.00,23.89,21.67
DSM,2026-07-17 13:54,-93.6531,41.5339,294.00,26.11,22.22
DSM,2026-07-17 14:54,-93.6531,41.5339,294.00,27.78,22.78
DSM,2026-07-17 15:54,-93.6531,41.5339,294.00,28.89,22.22
DSM,2026-07-17 16:54,-93.6531,41.5339,294.00,30.56,21.67
DSM,2026-07-17 17:54,-93.6531,41.5339,294.00,31.67,21.11
DSM,2026-07-17 18:54,-93.6531,41.5339,294.00,31.67,21.67
DSM,2026-07-17 19:54,-93.6531,41.5339,294.00,31.67,21.67
DSM,2026-07-17 20:54,-93.6531,41.5339,294.00,32.22,21.67
DSM,2026-07-17 21:54,-93.6531,41.5339,294.00,32.78,20.56
DSM,2026-07-17 22:54,-93.6531,41.5339,294.00,32.78,21.11
DSM,2026-07-17 23:54,-93.6531,41.5339,294.00,31.67,21.67
DSM,2026-07-18 00:54,-93.6531,41.5339,294.00,30.56,22.78
DSM,2026-07-18 01:54,-93.6531,41.5339,294.00,28.33,21.67
DSM,2026-07-18 02:54,-93.6531,41.5339,294.00,27.22,21.67
DSM,2026-07-18 03:54,-93.6531,41.5339,294.00,27.22,21.67
DSM,2026-07-18 04:54,-93.6531,41.5339,294.00,26.11,21.67
DSM,2026-07-18 05:54,-93.6531,41.5339,294.00,25.00,21.67
DSM,2026-07-18 06:54,-93.6531,41.5339,294.00,25.00,21.67
DSM,2026-07-18 07:54,-93.6531,41.5339,294.00,23.89,21.11
DSM,2026-07-18 08:54,-93.6531,41.5339,294.00,24.44,21.11
DSM,2026-07-18 09:54,-93.6531,41.5339,294.00,23.89,21.11
DSM,2026-07-18 10:54,-93.6531,41.5339,294.00,23.33,21.11
DSM,2026-07-18 11:54,-93.6531,41.5339,294.00,23.33,21.11
DSM,2026-07-18 12:54,-93.6531,41.5339,294.00,24.44,21.67
DSM,2026-07-18 13:54,-93.6531,41.5339,294.00,26.67,22.22
DSM,2026-07-18 14:54,-93.6531,41.5339,294.00,27.78,22.78
DSM,2026-07-18 15:54,-93.6531,41.5339,294.00,30.00,22.78
DSM,2026-07-18 16:54,-93.6531,41.5339,294.00,31.11,22.22
DSM,2026-07-18 17:54,-93.6531,41.5339,294.00,32.22,23.33
DSM,2026-07-18 18:54,-93.6531,41.5339,294.00,32.22,22.78
DSM,2026-07-18 19:54,-93.6531,41.5339,294.00,32.22,22.78
DSM,2026-07-18 20:54,-93.6531,41.5339,294.00,32.78,23.33
DSM,2026-07-18 21:54,-93.6531,41.5339,294.00,31.67,23.33
DSM,2026-07-18 22:54,-93.6531,41.5339,294.00,31.67,22.78
DSM,2026-07-18 23:54,-93.6531,41.5339,294.00,29.44,22.78
DSM,2026-07-19 00:54,-93.6531,41.5339,294.00,28.33,20.00
DSM,2026-07-19 01:54,-93.6531,41.5339,294.00,27.78,20.00
DSM,2026-07-19 02:54,-93.6531,41.5339,294.00,27.22,18.89
DSM,2026-07-19 03:54,-93.6531,41.5339,294.00,26.11,18.89
DSM,2026-07-19 04:54,-93.6531,41.5339,294.00,25.00,18.33
DSM,2026-07-19 05:54,-93.6531,41.5339,294.00,23.89,18.89
DSM,2026-07-19 06:54,-93.6531,41.5339,294.00,23.33,18.89
DSM,2026-07-19 07:54,-93.6531,41.5339,294.00,22.78,18.89
DSM,2026-07-19 08:54,-93.6531,41.5339,294.00,21.67,18.33
DSM,2026-07-19 09:54,-93.6531,41.5339,294.00,21.11,18.33
DSM,2026-07-19 10:54,-93.6531,41.5339,294.00,21.11,18.33
DSM,2026-07-19 11:54,-93.6531,41.5339,294.00,21.11,18.33
DSM,2026-07-19 12:54,-93.6531,41.5339,294.00,22.78,18.89
DSM,2026-07-19 13:54,-93.6531,41.5339,294.00,24.44,18.89
DSM,2026-07-19 14:54,-93.6531,41.5339,294.00,25.56,19.44
DSM,2026-07-19 15:54,-93.6531,41.5339,294.00,27.22,18.33
DSM,2026-07-19 16:54,-93.6531,41.5339,294.00,28.33,17.78
DSM,2026-07-19 17:54,-93.6531,41.5339,294.00,28.89,18.33
DSM,2026-07-19 18:54,-93.6531,41.5339,294.00,28.89,18.33
DSM,2026-07-19 19:54,-93.6531,41.5339,294.00,30.00,17.78
DSM,2026-07-19 20:54,-93.6531,41.5339,294.00,30.00,18.89
DSM,2026-07-19 21:54,-93.6531,41.5339,294.00,30.00,17.78
DSM,2026-07-19 22:54,-93.6531,41.5339,294.00,30.00,18.33
DSM,2026-07-19 23:54,-93.6531,41.5339,294.00,28.89,17.78
DSM,2026-07-20 00:54,-93.6531,41.5339,294.00,28.33,18.33
DSM,2026-07-20 01:54,-93.6531,41.5339,294.00,27.78,19.44
DSM,2026-07-20 02:54,-93.6531,41.5339,294.00,26.67,19.44
DSM,2026-07-20 03:54,-93.6531,41.5339,294.00,26.11,20.00
DSM,2026-07-20 04:54,-93.6531,41.5339,294.00,25.56,20.00
DSM,2026-07-20 05:54,-93.6531,41.5339,294.00,25.00,20.00
DSM,2026-07-20 06:54,-93.6531,41.5339,294.00,24.44,20.00
DSM,2026-07-20 07:54,-93.6531,41.5339,294.00,23.89,20.00
DSM,2026-07-20 08:54,-93.6531,41.5339,294.00,23.33,20.00
DSM,2026-07-20 09:54,-93.6531,41.5339,294.00,23.33,20.00
DSM,2026-07-20 10:54,-93.6531,41.5339,294.00,22.78,20.00
DSM,2026-07-20 11:54,-93.6531,41.5339,294.00,22.78,20.56
DSM,2026-07-20 12:54,-93.6531,41.5339,294.00,24.44,21.11
DSM,2026-07-20 13:54,-93.6531,41.5339,294.00,26.67,22.78
DSM,2026-07-20 14:54,-93.6531,41.5339,294.00,29.44,23.89
DSM,2026-07-20 15:54,-93.6531,41.5339,294.00,31.67,24.44
DSM,2026-07-20 16:54,-93.6531,41.5339,294.00,32.22,23.89
DSM,2026-07-20 17:54,-93.6531,41.5339,294.00,33.33,22.78
DSM,2026-07-20 18:54,-93.6531,41.5339,294.00,33.89,23.33
DSM,2026-07-20 19:54,-93.6531,41.5339,294.00,35.00,22.78
DSM,2026-07-20 20:54,-93.6531,41.5339,294.00,36.11,22.22
DSM,2026-07-20 21:54,-93.6531,41.5339,294.00,36.67,22.22
DSM,2026-07-20 22:54,-93.6531,41.5339,294.00,36.11,22.22
DSM,2026-07-20 23:54,-93.6531,41.5339,294.00,35.00,22.22
DSM,2026-07-21 00:07,-93.6531,41.5339,294.00,35.00,22.22
DSM,2026-07-21 00:54,-93.6531,41.5339,294.00,23.33,21.67
DSM,2026-07-21 01:54,-93.6531,41.5339,294.00,23.33,21.11
DSM,2026-07-21 02:00,-93.6531,41.5339,294.00,22.78,21.67
DSM,2026-07-21 02:31,-93.6531,41.5339,294.00,22.22,21.67
DSM,2026-07-21 02:54,-93.6531,41.5339,294.00,22.22,21.67
DSM,2026-07-21 03:44,-93.6531,41.5339,294.00,22.22,21.67
DSM,2026-07-21 03:54,-93.6531,41.5339,294.00,22.78,21.67
DSM,2026-07-21 04:47,-93.6531,41.5339,294.00,22.78,21.67
DSM,2026-07-21 04:54,-93.6531,41.5339,294.00,22.78,21.67
DSM,2026-07-21 05:54,-93.6531,41.5339,294.00,22.78,21.67
DSM,2026-07-21 06:54,-93.6531,41.5339,294.00,22.78,21.67
DSM,2026-07-21 07:54,-93.6531,41.5339,294.00,22.78,21.67
DSM,2026-07-21 08:54,-93.6531,41.5339,294.00,22.78,22.22
DSM,2026-07-21 09:54,-93.6531,41.5339,294.00,22.22,21.67
DSM,2026-07-21 10:54,-93.6531,41.5339,294.00,22.22,20.56
DSM,2026-07-21 11:54,-93.6531,41.5339,294.00,21.67,18.89
DSM,2026-07-21 12:54,-93.6531,41.5339,294.00,22.78,17.78
DSM,2026-07-21 13:54,-93.6531,41.5339,294.00,23.89,17.22
DSM,2026-07-21 14:54,-93.6531,41.5339,294.00,23.89,16.67
DSM,2026-07-21 15:54,-93.6531,41.5339,294.00,24.44,16.11
DSM,2026-07-21 16:54,-93.6531,41.5339,294.00,24.44,16.11
DSM,2026-07-21 17:54,-93.6531,41.5339,294.00,25.56,16.67
DSM,2026-07-21 18:54,-93.6531,41.5339,294.00,25.56,16.11
DSM,2026-07-21 19:54,-93.6531,41.5339,294.00,26.67,16.11
DSM,2026-07-21 20:54,-93.6531,41.5339,294.00,26.11,15.56
DSM,2026-07-21 21:54,-93.6531,41.5339,294.00,26.67,14.44
DSM,2026-07-21 22:54,-93.6531,41.5339,294.00,25.56,14.44
DSM,2026-07-21 23:54,-93.6531,41.5339,294.00,25.00,13.89
