station,valid,lon,lat,elevation,tmpc,tmpf,dwpc
YSDU,2024-06-01 00:00,148.5747,-32.2167,275.00,13.00,55.40,10.00
YSDU,2024-06-01 01:00,148.5747,-32.2167,275.00,14.00,57.20,9.00
YSDU,2024-06-01 02:00,148.5747,-32.2167,275.00,15.00,59.00,9.00
YSDU,2024-06-01 03:00,148.5747,-32.2167,275.00,16.00,60.80,9.00
YSDU,2024-06-01 04:00,148.5747,-32.2167,275.00,16.00,60.80,9.00
YSDU,2024-06-01 05:00,148.5747,-32.2167,275.00,17.00,62.60,10.00
YSDU,2024-06-01 06:00,148.5747,-32.2167,275.00,16.00,60.80,9.00
YSDU,2024-06-01 07:00,148.5747,-32.2167,275.00,12.00,53.60,9.00
YSDU,2024-06-01 08:00,148.5747,-32.2167,275.00,11.00,51.80,9.00
YSDU,2024-06-01 09:00,148.5747,-32.2167,275.00,11.00,51.80,9.00
YSDU,2024-06-01 10:00,148.5747,-32.2167,275.00,11.00,51.80,9.00
YSDU,2024-06-01 11:00,148.5747,-32.2167,275.00,11.00,51.80,9.00
YSDU,2024-06-01 12:00,148.5747,-32.2167,275.00,10.00,50.00,9.00
YSDU,2024-06-01 13:00,148.5747,-32.2167,275.00,9.00,48.20,8.00
YSDU,2024-06-01 14:00,148.5747,-32.2167,275.00,9.00,48.20,9.00
YSDU,2024-06-01 15:00,148.5747,-32.2167,275.00,9.00,48.20,8.00
YSDU,2024-06-01 16:00,148.5747,-32.2167,275.00,9.00,48.20,8.00
YSDU,2024-06-01 17:00,148.5747,-32.2167,275.00,8.00,46.40,7.00
YSDU,2024-06-01 18:00,148.5747,-32.2167,275.00,8.00,46.40,7.00
YSDU,2024-06-01 19:00,148.5747,-32.2167,275.00,7.00,44.60,7.00
YSDU,2024-06-01 20:00,148.5747,-32.2167,275.00,7.00,44.60,7.00
YSDU,2024-06-01 21:00,148.5747,-32.2167,275.00,7.00,44.60,7.00
YSDU,2024-06-01 22:00,148.5747,-32.2167,275.00,9.00,48.20,8.00
YSDU,2024-06-01 23:00,148.5747,-32.2167,275.00,11.00,51.80,8.00
YSDU,2024-06-02 00:00,148.5747,-32.2167,275.00,13.00,55.40,8.00
YSDU,2024-06-02 01:00,148.5747,-32.2167,275.00,14.00,57.20,8.00
YSDU,2024-06-02 02:00,148.5747,-32.2167,275.00,15.00,59.00,9.00
YSDU,2024-06-02 03:00,148.5747,-32.2167,275.00,15.00,59.00,7.00
YSDU,2024-06-02 04:00,148.5747,-32.2167,275.00,15.00,59.00,9.00
YSDU,2024-06-02 05:00,148.5747,-32.2167,275.00,15.00,59.00,5.00
YSDU,2024-06-02 06:00,148.5747,-32.2167,275.00,13.00,55.40,6.00
YSDU,2024-06-02 07:00,148.5747,-32.2167,275.00,12.00,53.60,6.00
YSDU,2024-06-02 08:00,148.5747,-32.2167,275.00,11.00,51.80,6.00
YSDU,2024-06-02 09:00,148.5747,-32.2167,275.00,10.00,50.00,6.00
YSDU,2024-06-02 10:00,148.5747,-32.2167,275.00,6.00,42.80,4.00
YSDU,2024-06-02 11:00,148.5747,-32.2167,275.00,8.00,46.40,5.00
YSDU,2024-06-02 12:00,148.5747,-32.2167,275.00,6.00,42.80,4.00
YSDU,2024-06-02 13:00,148.5747,-32.2167,275.00,7.00,44.60,6.00
YSDU,2024-06-02 14:00,148.5747,-32.2167,275.00,8.00,46.40,6.00
YSDU,2024-06-02 15:00,148.5747,-32.2167,275.00,5.00,41.00,3.00
YSDU,2024-06-02 16:00,148.5747,-32.2167,275.00,4.00,39.20,3.00
YSDU,2024-06-02 17:00,148.5747,-32.2167,275.00,4.00,39.20,3.00
YSDU,2024-06-02 18:00,148.5747,-32.2167,275.00,3.00,37.40,2.00
YSDU,2024-06-02 19:00,148.5747,-32.2167,275.00,2.00,35.60,1.00
YSDU,2024-06-02 20:00,148.5747,-32.2167,275.00,1.00,33.80,1.00
YSDU,2024-06-02 21:00,148.5747,-32.2167,275.00,1.00,33.80,0.00
YSDU,2024-06-02 22:00,148.5747,-32.2167,275.00,2.00,35.60,2.00
YSDU,2024-06-02 23:00,148.5747,-32.2167,275.00,7.00,44.60,6.00
YSDU,2024-06-03 00:00,148.5747,-32.2167,275.00,10.00,50.00,7.00
YSDU,2024-06-03 01:00,148.5747,-32.2167,275.00,11.00,51.80,7.00
YSDU,2024-06-03 02:00,148.5747,-32.2167,275.00,11.00,51.80,6.00
YSDU,2024-06-03 03:00,148.5747,-32.2167,275.00,14.00,57.20,7.00
YSDU,2024-06-03 04:00,148.5747,-32.2167,275.00,14.00,57.20,5.00
YSDU,2024-06-03 05:00,148.5747,-32.2167,275.00,14.00,57.20,5.00
YSDU,2024-06-03 06:00,148.5747,-32.2167,275.00,13.00,55.40,5.00
YSDU,2024-06-03 07:00,148.5747,-32.2167,275.00,11.00,51.80,5.00
YSDU,2024-06-03 08:00,148.5747,-32.2167,275.00,9.00,48.20,5.00
YSDU,2024-06-03 09:00,148.5747,-32.2167,275.00,5.00,41.00,3.00
YSDU,2024-06-03 10:00,148.5747,-32.2167,275.00,7.00,44.60,5.00
YSDU,2024-06-03 11:00,148.5747,-32.2167,275.00,6.00,42.80,4.00
YSDU,2024-06-03 12:00,148.5747,-32.2167,275.00,5.00,41.00,3.00
YSDU,2024-06-03 13:00,148.5747,-32.2167,275.00,4.00,39.20,2.00
YSDU,2024-06-03 14:00,148.5747,-32.2167,275.00,2.00,35.60,1.00
YSDU,2024-06-03 15:00,148.5747,-32.2167,275.00,2.00,35.60,1.00
YSDU,2024-06-03 16:00,148.5747,-32.2167,275.00,1.00,33.80,1.00
YSDU,2024-06-03 17:00,148.5747,-32.2167,275.00,1.00,33.80,1.00
YSDU,2024-06-03 18:00,148.5747,-32.2167,275.00,2.00,35.60,2.00
YSDU,2024-06-03 19:00,148.5747,-32.2167,275.00,2.00,35.60,2.00
YSDU,2024-06-03 20:00,148.5747,-32.2167,275.00,2.00,35.60,1.00
YSDU,2024-06-03 21:00,148.5747,-32.2167,275.00,2.00,35.60,1.00
YSDU,2024-06-03 22:00,148.5747,-32.2167,275.00,3.00,37.40,3.00
YSDU,2024-06-03 23:00,148.5747,-32.2167,275.00,6.00,42.80,5.00
