run_date,cycle,fhour,variable,level,target_date,reason
2022-11-29,18,23,PRMSL,mean sea level,2022-11-30,"RuntimeError(""failed twice: first=RuntimeError('bad magic markers (not a complete GRIB2 message)'); second=RuntimeError('bad magic markers (not a complete GRIB2 message)')"")"
2022-11-29,18,26,DPT,2 m above ground,2022-11-30,"RuntimeError(""failed twice: first=RuntimeError('bad magic markers (not a complete GRIB2 message)'); second=RuntimeError('bad magic markers (not a complete GRIB2 message)')"")"
2022-11-29,18,26,DSWRF,surface,2022-11-30,"RuntimeError(""failed twice: first=RuntimeError('bad magic markers (not a complete GRIB2 message)'); second=RuntimeError('bad magic markers (not a complete GRIB2 message)')"")"
2022-11-29,18,26,PRES,surface,2022-11-30,"RuntimeError(""failed twice: first=RuntimeError('bad magic markers (not a complete GRIB2 message)'); second=RuntimeError('bad magic markers (not a complete GRIB2 message)')"")"
2022-11-29,18,26,PRMSL,mean sea level,2022-11-30,"RuntimeError(""failed twice: first=RuntimeError('bad magic markers (not a complete GRIB2 message)'); second=RuntimeError('bad magic markers (not a complete GRIB2 message)')"")"
2022-11-29,18,26,RH,2 m above ground,2022-11-30,"RuntimeError(""failed twice: first=RuntimeError('bad magic markers (not a complete GRIB2 message)'); second=RuntimeError('bad magic markers (not a complete GRIB2 message)')"")"
2022-11-29,18,26,SPFH,2 m above ground,2022-11-30,"RuntimeError(""failed twice: first=RuntimeError('bad magic markers (not a complete GRIB2 message)'); second=RuntimeError('bad magic markers (not a complete GRIB2 message)')"")"
2022-11-29,18,26,TMP,700 mb,2022-11-30,"RuntimeError(""failed twice: first=RuntimeError('bad magic markers (not a complete GRIB2 message)'); second=RuntimeError('bad magic markers (not a complete GRIB2 message)')"")"
2022-11-29,18,26,TMP,850 mb,2022-11-30,"RuntimeError(""failed twice: first=RuntimeError('bad magic markers (not a complete GRIB2 message)'); second=RuntimeError('bad magic markers (not a complete GRIB2 message)')"")"
2022-11-29,18,26,TMP,925 mb,2022-11-30,"RuntimeError(""failed twice: first=RuntimeError('bad magic markers (not a complete GRIB2 message)'); second=RuntimeError('bad magic markers (not a complete GRIB2 message)')"")"
