fold,target_date,resid_BDLRT_record
2022-23,2022-08-01,-1.2613699373825027
2022-23,2022-08-02,-1.4439987755242938
2022-23,2022-08-03,-1.6525961584164877
2022-23,2022-08-04,-1.6316944774295485
2022-23,2022-08-05,0.30150492453927663
2022-23,2022-08-06,0.709062871740958
2022-23,2022-08-07,-0.661672589206957
2022-23,2022-08-08,-0.39032706343430573
2022-23,2022-08-09,-1.0770871618339048
2022-23,2022-08-10,-0.6502785554953368
2022-23,2022-08-11,-1.2189587442485503
2022-23,2022-08-12,-1.2594914734737712
2022-23,2022-08-13,-0.8933854413791071
2022-23,2022-08-14,-1.7388054144636065
2022-23,2022-08-15,-0.8305207370995854
2022-23,2022-08-16,-1.0783055733363498
2022-23,2022-08-17,-1.1891787988617253
2022-23,2022-08-18,-0.7589585380906946
2022-23,2022-08-19,-0.8768980662253295
2022-23,2022-08-20,-1.0640457029995969
2022-23,2022-08-21,-0.005246016226364477
2022-23,2022-08-22,-1.1294581523781155
2022-23,2022-08-23,-0.46429446549850023
2022-23,2022-08-24,-0.18301770193680703
2022-23,2022-08-25,0.05933778111927214
2022-23,2022-08-26,0.1081986045700513
2022-23,2022-08-27,0.540157519006249
2022-23,2022-08-28,0.21101124465132315
2022-23,2022-08-29,0.24080454404377488
2022-23,2022-08-30,0.3500751227167781
2022-23,2022-08-31,-0.8253882686029878
2022-23,2022-09-01,-0.6437728753503076
2022-23,2022-09-02,-1.854380933448612
2022-23,2022-09-03,-1.3255695985206684
2022-23,2022-09-04,-0.9545453789647623
2022-23,2022-09-05,-0.5010422139492899
2022-23,2022-09-06,-0.05872387578892689
2022-23,2022-09-07,-0.3810884111438117
2022-23,2022-09-08,-1.2029915478744835
2022-23,2022-09-09,-1.8711660648292543
2022-23,2022-09-10,-0.7281679516088805
2022-23,2022-09-11,-1.5397968926123415
2022-23,2022-09-12,0.13567314240411055
2022-23,2022-09-13,0.5897320994508549
2022-23,2022-09-14,1.7085981796201142
2022-23,2022-09-15,1.827676826216024
2022-23,2022-09-16,1.9252247529812565
2022-23,2022-09-17,1.4626292553612896
2022-23,2022-09-18,2.5600523956399424
2022-23,2022-09-19,1.871153555627717
2022-23,2022-09-20,0.09216028059806218
2022-23,2022-09-21,1.9936147906711839
2022-23,2022-09-22,1.419623754787012
2022-23,2022-09-23,0.9326415072664169
2022-23,2022-09-24,1.494313444799433
2022-23,2022-09-25,-0.3353421249008018
2022-23,2022-09-26,-0.9333997760759071
2022-23,2022-09-27,0.42550043809348415
2022-23,2022-09-28,0.22796068843673667
2022-23,2022-09-29,0.01852264687619664
2022-23,2022-09-30,-0.576960621610419
2022-23,2022-10-01,0.2633240659764668
2022-23,2022-10-02,0.5652844516518141
2022-23,2022-10-03,0.013122887483159854
2022-23,2022-10-04,-0.27053357715570037
2022-23,2022-10-05,-1.3186096910512874
2022-23,2022-10-06,-1.0894220828791368
2022-23,2022-10-07,-1.2403542293896619
2022-23,2022-10-08,-1.3356140717265146
2022-23,2022-10-09,-1.0186731331274104
2022-23,2022-10-10,-0.8383327642909734
2022-23,2022-10-11,-0.4610521988787116
2022-23,2022-10-12,-0.7708321651358303
2022-23,2022-10-13,-0.48735009112972977
2022-23,2022-10-14,-0.8312085562025947
2022-23,2022-10-15,0.14280367588034434
2022-23,2022-10-16,0.038387621779047414
2022-23,2022-10-17,-0.6804495714823348
2022-23,2022-10-18,-1.5302064357933438
2022-23,2022-10-19,-0.7474756819876714
2022-23,2022-10-20,-0.697209244098953
2022-23,2022-10-21,-0.6612778376958988
2022-23,2022-10-22,1.0832312014416812
2022-23,2022-10-23,1.445409700045948
2022-23,2022-10-24,-0.17493659005047557
2022-23,2022-10-25,0.9416274323523639
2022-23,2022-10-26,1.0455431909025552
2022-23,2022-10-27,0.6563638299707516
2022-23,2022-10-28,0.2944385304225858
2022-23,2022-10-29,-0.1740392589202827
2022-23,2022-10-30,-1.0480546431893718
2022-23,2022-10-31,-0.8249339685850133
2022-23,2022-11-01,1.526208064526522
2022-23,2022-11-02,0.7249089862403809
2022-23,2022-11-03,1.2203194124060057
2022-23,2022-11-04,-1.3899476401920245
2022-23,2022-11-05,-0.0470194348843195
2022-23,2022-11-06,1.2706046291978128
2022-23,2022-11-07,0.6141552784083721
2022-23,2022-11-08,1.287213639011349
2022-23,2022-11-09,0.9251453447679904
2022-23,2022-11-10,-0.14866835604131298
2022-23,2022-11-11,-0.9106907402955544
2022-23,2022-11-12,0.595551809755824
2022-23,2022-11-13,0.9155369562576542
2022-23,2022-11-14,-0.6259160336016875
2022-23,2022-11-15,0.7501380591753316
2022-23,2022-11-16,-0.20714412890456166
2022-23,2022-11-17,-0.4396330612833095
2022-23,2022-11-18,-0.35209016988096
2022-23,2022-11-19,-0.05668447747974891
2022-23,2022-11-20,-1.7504681881449302
2022-23,2022-11-21,-1.5332806205259346
2022-23,2022-11-22,-1.655885455846787
2022-23,2022-11-23,-1.8706095288587292
2022-23,2022-11-24,-2.1687291702705345
2022-23,2022-11-25,-2.1158357478585064
2022-23,2022-11-26,-1.4810271206419665
2022-23,2022-11-27,-1.7130734319280596
2022-23,2022-11-28,0.6018490751215237
2022-23,2022-11-29,-1.271537081417523
2022-23,2022-12-01,-0.374563902330152
2022-23,2022-12-02,-0.15444812213910772
2022-23,2022-12-03,-1.6334144215653021
2022-23,2022-12-04,0.49791293558605626
2022-23,2022-12-05,-0.1892697692728945
2022-23,2022-12-06,0.23795021595654686
2022-23,2022-12-07,-1.303242362585256
2022-23,2022-12-08,-0.06462772042001526
2022-23,2022-12-09,-1.4721143145930689
2022-23,2022-12-10,0.6266122593812922
2022-23,2022-12-11,0.7635370257960922
2022-23,2022-12-12,0.49955049563403064
2022-23,2022-12-13,-1.0589360935346748
2022-23,2022-12-14,-1.2532873717694268
2022-23,2022-12-15,-1.4781022001159803
2022-23,2022-12-16,-0.5468427020024011
2022-23,2022-12-17,-2.2975285618969346
2022-23,2022-12-18,-1.2083679164031724
2022-23,2022-12-19,-0.9464560048587677
2022-23,2022-12-20,-2.1709426407615893
2022-23,2022-12-21,-2.429013617130294
2022-23,2022-12-22,-1.1108236613366305
2022-23,2022-12-23,-1.5610034107920274
2022-23,2022-12-24,-1.809428224354351
2022-23,2022-12-25,-2.206274599550957
2022-23,2022-12-26,-2.3595672556363576
2022-23,2022-12-27,0.5751789460677751
2022-23,2022-12-28,-1.2771747231542092
2022-23,2022-12-29,-0.1946399736667878
2022-23,2022-12-30,0.14036655140487256
2022-23,2022-12-31,-0.4720548005533704
2022-23,2023-01-01,0.016508943110711684
2022-23,2023-01-02,-0.11825066888678334
2022-23,2023-01-03,0.28694747633028167
2022-23,2023-01-04,-0.09623476891425967
2022-23,2023-01-05,0.47262143768411286
2022-23,2023-01-06,-0.42419582913606907
2022-23,2023-01-07,-0.2910066338662649
2022-23,2023-01-08,0.32551618397605764
2022-23,2023-01-09,0.08453165635096214
2022-23,2023-01-10,0.6355519261751862
2022-23,2023-01-11,0.1428629022837089
2022-23,2023-01-12,-0.9558166692943376
2022-23,2023-01-13,0.7969227714387411
2022-23,2023-01-14,0.5878462577222724
2022-23,2023-01-15,0.5787439570133508
2022-23,2023-01-16,0.5259858778497655
2022-23,2023-01-17,-0.3211917122149026
2022-23,2023-01-18,-1.3997891822505026
2022-23,2023-01-19,0.2797404170050589
2022-23,2023-01-20,0.11520105610156645
2022-23,2023-01-21,0.21607841037504424
2022-23,2023-01-22,-0.6917626080516703
2022-23,2023-01-23,0.05208079775345015
2022-23,2023-01-24,-1.4346088307197895
2022-23,2023-01-25,-1.2521105184970234
2022-23,2023-01-26,-2.541166745709167
2022-23,2023-01-27,-2.7107409162407365
2022-23,2023-01-28,-1.9618879672348029
2022-23,2023-01-29,0.53592543852437
2022-23,2023-01-30,0.42074772828520035
2022-23,2023-01-31,-1.6546276529757238
2022-23,2023-02-01,-1.2049109114253738
2022-23,2023-02-02,-1.985120185455493
2022-23,2023-02-03,0.9156027901815067
2022-23,2023-02-04,-0.27736037909792166
2022-23,2023-02-05,0.46750180495036037
2022-23,2023-02-06,-2.058957244713375
2022-23,2023-02-07,-0.8632644826456746
2022-23,2023-02-08,-1.883963403452231
2022-23,2023-02-09,-2.4556870670946407
2022-23,2023-02-10,-0.08478884723108218
2022-23,2023-02-11,0.8265910491934544
2022-23,2023-02-12,-2.313044650539011
2022-23,2023-02-13,-0.34657102113469174
2022-23,2023-02-14,-0.24070582794052775
2022-23,2023-02-15,1.2168022051845049
2022-23,2023-02-16,-1.364821690529556
2022-23,2023-02-17,-0.3731313531915165
2022-23,2023-02-18,-1.0001813928226795
2022-23,2023-02-19,-1.80088216330661
2022-23,2023-02-20,-1.5740176883237986
2022-23,2023-02-21,-0.2048115837861414
2022-23,2023-02-22,0.59617592196073
2022-23,2023-02-23,0.4245038533239245
2022-23,2023-02-24,0.9928267168330278
2022-23,2023-02-25,0.06517334024119288
2022-23,2023-02-26,0.6238071176228439
2022-23,2023-02-27,0.9983012566306099
2022-23,2023-02-28,0.7068394531044118
2022-23,2023-03-01,0.6348814883417434
2022-23,2023-03-02,0.29855144873139755
2022-23,2023-03-03,-1.1103830287176137
2022-23,2023-03-04,1.1989093127139225
2022-23,2023-03-05,0.4511738890811685
2022-23,2023-03-06,0.6669711661591097
2022-23,2023-03-07,0.12078548233872584
2022-23,2023-03-08,0.8666623118639731
2022-23,2023-03-09,1.136151377068296
2022-23,2023-03-10,1.0233554802670923
2022-23,2023-03-11,1.8744151062408811
2022-23,2023-03-12,0.9615568632396605
2022-23,2023-03-13,0.5882264244603733
2022-23,2023-03-14,1.466953923555334
2022-23,2023-03-15,1.6327985747254332
2022-23,2023-03-16,0.9310894897326696
2022-23,2023-03-17,-0.35739973592612584
2022-23,2023-03-18,-0.8883439439654408
2022-23,2023-03-19,1.4504720733340613
2022-23,2023-03-20,1.5373568576907968
2022-23,2023-03-21,1.5784609515080412
2022-23,2023-03-22,1.4622374878961049
2022-23,2023-03-23,0.9818999451577014
2022-23,2023-03-24,1.2391535007701897
2022-23,2023-03-25,1.1843922172003443
2022-23,2023-03-26,1.687630992995833
2022-23,2023-03-27,-0.06606157285396966
2022-23,2023-03-28,1.7787135794330917
2022-23,2023-03-29,1.4478903113475756
2022-23,2023-03-30,1.0822663645516384
2022-23,2023-03-31,1.6536457414935675
2022-23,2023-04-01,0.22694449320902724
2022-23,2023-04-02,1.287037389844568
2022-23,2023-04-03,1.5507848687237433
2022-23,2023-04-04,1.8773763903411989
2022-23,2023-04-05,1.4791480081244548
2022-23,2023-04-06,0.018852735267877754
2022-23,2023-04-07,2.7806231743818555
2022-23,2023-04-08,1.8358970255967935
2022-23,2023-04-09,1.2195595417957128
2022-23,2023-04-10,1.8784050385042494
2022-23,2023-04-11,1.7770113202833289
2022-23,2023-04-12,1.8214712458499576
2022-23,2023-04-13,2.138760971609977
2022-23,2023-04-14,2.026455079386464
2022-23,2023-04-15,2.1547689480273147
2022-23,2023-04-16,2.063206491275777
2022-23,2023-04-17,1.4941356897386353
2022-23,2023-04-18,1.9678668687018352
2022-23,2023-04-19,1.9822609076501005
2022-23,2023-04-20,2.6212027251600385
2022-23,2023-04-21,0.14250280905654106
2022-23,2023-04-22,2.1630714241569957
2022-23,2023-04-23,1.4771240468248141
2022-23,2023-04-24,0.4174768603967753
2022-23,2023-04-25,-0.07056794303344607
2022-23,2023-04-26,0.41274354448422323
2022-23,2023-04-27,0.9407664371042561
2022-23,2023-04-28,-0.0021900146111758787
2022-23,2023-04-29,-0.10272272619701805
2022-23,2023-04-30,1.69854049090087
2022-23,2023-05-01,2.4476268882763046
2022-23,2023-05-02,2.4668993469384226
2022-23,2023-05-03,2.5087377117167913
2022-23,2023-05-04,2.7281521841283283
2022-23,2023-05-05,2.6152075669081802
2022-23,2023-05-06,2.3971612690116473
2022-23,2023-05-07,2.8320022822245883
2022-23,2023-05-08,2.9028734095970323
2022-23,2023-05-09,2.6408873321241333
2022-23,2023-05-10,2.9258808409532664
2022-23,2023-05-11,2.1092912858851243
2022-23,2023-05-12,0.5518465309281031
2022-23,2023-05-13,0.8851528270175683
2022-23,2023-05-14,0.44519166014783706
2022-23,2023-05-15,0.4484093160742338
2022-23,2023-05-16,1.1053032322094503
2022-23,2023-05-17,0.6488423161127177
2022-23,2023-05-18,0.48403885842048144
2022-23,2023-05-19,1.0089670130098205
2022-23,2023-05-20,1.0385688752958717
2022-23,2023-05-21,0.5914325551845876
2022-23,2023-05-22,0.7404554683876908
2022-23,2023-05-23,0.7793504824221488
2022-23,2023-05-24,1.691612510983896
2022-23,2023-05-25,1.8516134949434966
2022-23,2023-05-26,1.1694060431289222
2022-23,2023-05-27,1.3161183117960928
2022-23,2023-05-28,1.7230824753552931
2022-23,2023-05-29,3.419974995524574
2022-23,2023-05-30,2.543172724059915
2022-23,2023-05-31,1.359133524547346
2022-23,2023-06-01,2.42220034227262
2022-23,2023-06-02,2.046983972068831
2022-23,2023-06-03,1.6788142241001478
2022-23,2023-06-04,0.7556202214786966
2022-23,2023-06-05,1.4490911496477552
2022-23,2023-06-06,2.9210173474946837
2022-23,2023-06-07,2.971593386986584
2022-23,2023-06-08,2.8852296596817295
2022-23,2023-06-09,2.708051250478384
2022-23,2023-06-10,1.794199431662424
2022-23,2023-06-11,1.9681627635278331
2022-23,2023-06-12,1.9404085895838576
2022-23,2023-06-13,1.900624207474895
2022-23,2023-06-14,1.7197897561331508
2022-23,2023-06-15,1.0698109753819753
2022-23,2023-06-16,1.70020311179614
2022-23,2023-06-17,1.438493066028626
2022-23,2023-06-18,1.7645250902641616
2022-23,2023-06-19,2.694836014943089
2022-23,2023-06-20,2.9371361716276843
2022-23,2023-06-21,3.786559997049021
2022-23,2023-06-22,2.671588549280591
2022-23,2023-06-23,2.9060625586172044
2022-23,2023-06-24,1.5336587698031146
2022-23,2023-06-25,1.100892010876068
2022-23,2023-06-26,0.3383248460483863
2022-23,2023-06-27,0.40325956111274636
2022-23,2023-06-28,0.4941407142533896
2022-23,2023-06-29,-0.5058577802532206
2022-23,2023-06-30,-0.9426711954439378
2022-23,2023-07-01,-0.6204101409247852
2022-23,2023-07-02,-0.52479042853075
2022-23,2023-07-03,-0.643248829019035
2022-23,2023-07-04,0.10039256583455229
2022-23,2023-07-05,0.3291990921787794
2022-23,2023-07-06,-0.4040251014860554
2022-23,2023-07-07,0.25687764654021344
2022-23,2023-07-08,-0.11707335145894315
2022-23,2023-07-09,0.37134615119945175
2022-23,2023-07-10,-0.18295407535333527
2022-23,2023-07-11,-0.368154341492809
2022-23,2023-07-12,-1.0155163117770516
2022-23,2023-07-13,-1.3124202738270112
2022-23,2023-07-14,-1.311896920858403
2022-23,2023-07-15,-1.210814716169857
2022-23,2023-07-16,-0.2629508654004668
2022-23,2023-07-17,-1.490244861939794
2022-23,2023-07-18,0.20125578210189554
2022-23,2023-07-19,-1.0690611577255704
2022-23,2023-07-20,-1.6684827599923338
2022-23,2023-07-21,-1.8243324589456178
2022-23,2023-07-22,-1.5219374817065578
2022-23,2023-07-23,-0.5429645323153073
2022-23,2023-07-24,-1.6248225942670316
2022-23,2023-07-25,-0.9332114856297568
2022-23,2023-07-26,-0.8781977551756955
2022-23,2023-07-27,-1.0488998596102996
2022-23,2023-07-28,-1.2885381729986245
2022-23,2023-07-29,-1.4384705320100168
2022-23,2023-07-30,-1.0775427901114363
2022-23,2023-07-31,-0.735837508374399
2023-24,2023-08-01,0.4015955755954168
2023-24,2023-08-02,0.600573515370873
2023-24,2023-08-03,1.0452747475045392
2023-24,2023-08-04,0.11440663762514049
2023-24,2023-08-05,-0.33100462390978447
2023-24,2023-08-06,-1.546764263104965
2023-24,2023-08-07,-1.1462189648334942
2023-24,2023-08-08,0.7364582022487159
2023-24,2023-08-09,0.45584513746245137
2023-24,2023-08-10,1.119286127312679
2023-24,2023-08-11,0.600624972330335
2023-24,2023-08-12,-0.3099218371340045
2023-24,2023-08-13,-1.021539419343473
2023-24,2023-08-14,-1.2774718858209233
2023-24,2023-08-15,-1.3794133378639362
2023-24,2023-08-16,-1.2902049053230817
2023-24,2023-08-17,-0.6308303167641997
2023-24,2023-08-18,-0.7266245488178121
2023-24,2023-08-19,-1.3873508338639169
2023-24,2023-08-20,0.5162311072482114
2023-24,2023-08-21,1.1349404248614257
2023-24,2023-08-22,1.54499801460446
2023-24,2023-08-23,1.2953704850537768
2023-24,2023-08-24,1.0045729209959948
2023-24,2023-08-25,0.0011031398627753286
2023-24,2023-08-26,-0.25273821487257714
2023-24,2023-08-27,0.19234943846442432
2023-24,2023-08-28,-0.38951305842632955
2023-24,2023-08-29,-0.7652084817604942
2023-24,2023-08-30,0.7239037620174928
2023-24,2023-08-31,0.2771797847184078
2023-24,2023-09-01,2.5771704337283268
2023-24,2023-09-02,2.3684511795247873
2023-24,2023-09-03,2.1461114908632846
2023-24,2023-09-04,1.9958392020135411
2023-24,2023-09-05,0.4585105024625217
2023-24,2023-09-06,0.8794138307706197
2023-24,2023-09-07,0.6514212311619022
2023-24,2023-09-08,0.9149351917322949
2023-24,2023-09-09,0.9052106418731191
2023-24,2023-09-10,0.7533736568294017
2023-24,2023-09-11,0.8261852772461923
2023-24,2023-09-12,0.15917618495475983
2023-24,2023-09-13,-0.012275756952572629
2023-24,2023-09-14,-0.28209011962116226
2023-24,2023-09-15,-0.19026751352945948
2023-24,2023-09-16,-0.22230193338961893
2023-24,2023-09-17,0.19002768691777785
2023-24,2023-09-18,1.1669791483279608
2023-24,2023-09-19,0.9470602874118796
2023-24,2023-09-20,0.28471681408927657
2023-24,2023-09-21,1.3139128000936946
2023-24,2023-09-22,1.3490827296301053
2023-24,2023-09-23,1.8425543682431056
2023-24,2023-09-24,1.314826935507967
2023-24,2023-09-25,1.4799538124354727
2023-24,2023-09-26,1.3744628353814048
2023-24,2023-09-27,0.6657272245368284
2023-24,2023-09-28,1.4259347611102855
2023-24,2023-09-29,1.4950740235156712
2023-24,2023-09-30,2.8404834329003
2023-24,2023-10-01,0.28560165159024564
2023-24,2023-10-02,0.2740933052436741
2023-24,2023-10-03,0.2817619537851674
2023-24,2023-10-04,0.07473818319516103
2023-24,2023-10-05,0.20199068182950317
2023-24,2023-10-06,0.23113144149543433
2023-24,2023-10-07,0.9419215246394277
2023-24,2023-10-08,-0.8500482748786109
2023-24,2023-10-09,0.9417996177477765
2023-24,2023-10-10,0.5978013920334955
2023-24,2023-10-11,0.66903771285281
2023-24,2023-10-12,-0.3821850630068784
2023-24,2023-10-13,0.7041345913282984
2023-24,2023-10-14,0.1114705525240741
2023-24,2023-10-15,-1.434218283157553
2023-24,2023-10-16,0.24424000390968503
2023-24,2023-10-17,-0.894057842224629
2023-24,2023-10-18,-0.6129949099804988
2023-24,2023-10-19,-0.5496371415977754
2023-24,2023-10-20,-1.9804413760631352
2023-24,2023-10-21,-0.12956502247909704
2023-24,2023-10-22,1.257004655670933
2023-24,2023-10-23,0.47707929469138505
2023-24,2023-10-24,-1.1997009919040165
2023-24,2023-10-25,1.2871267971473694
2023-24,2023-10-26,1.931173277120284
2023-24,2023-10-27,1.6552839616785961
2023-24,2023-10-28,1.249990292916264
2023-24,2023-10-29,0.8883985684317102
2023-24,2023-10-30,-0.9693415799147505
2023-24,2023-10-31,-1.1133049285747703
2023-24,2023-11-01,-1.5577721861491716
2023-24,2023-11-02,-0.9060014696456717
2023-24,2023-11-03,0.36073286972522334
2023-24,2023-11-04,-1.4195318023516867
2023-24,2023-11-05,-1.1817207019505813
2023-24,2023-11-06,0.6797155151700717
2023-24,2023-11-07,1.1301286804388355
2023-24,2023-11-08,1.065891832920555
2023-24,2023-11-09,0.735127208943443
2023-24,2023-11-10,0.3301440493659275
2023-24,2023-11-11,-1.0032373446624014
2023-24,2023-11-12,-1.8738682408418568
2023-24,2023-11-13,-1.540038753670745
2023-24,2023-11-14,-1.397638936933357
2023-24,2023-11-15,0.8715408023540534
2023-24,2023-11-16,-0.850842771373192
2023-24,2023-11-17,-0.2544852201680189
2023-24,2023-11-18,0.8658019213831959
2023-24,2023-11-19,1.502609854942407
2023-24,2023-11-20,0.5951541630016264
2023-24,2023-11-21,-1.5698746946472675
2023-24,2023-11-22,-2.2903701877261056
2023-24,2023-11-23,-2.0814986158126234
2023-24,2023-11-24,1.4884294063497692
2023-24,2023-11-25,0.9488953881982387
2023-24,2023-11-26,-0.4427167525643474
2023-24,2023-11-27,-1.3818588773671594
2023-24,2023-11-28,-2.2551366226177576
2023-24,2023-11-29,-0.791359580513858
2023-24,2023-11-30,-0.039835922735486654
2023-24,2023-12-01,0.6946922888387279
2023-24,2023-12-02,-2.0597847486271617
2023-24,2023-12-03,-2.4061723729016222
2023-24,2023-12-04,-2.886437159715462
2023-24,2023-12-05,-2.9707051228467383
2023-24,2023-12-06,-0.687738418634414
2023-24,2023-12-07,-0.4433943956100744
2023-24,2023-12-08,0.15333068623233362
2023-24,2023-12-09,0.138771628693143
2023-24,2023-12-10,-1.908020253321349
2023-24,2023-12-11,-2.1192613487179828
2023-24,2023-12-12,-2.044115073254887
2023-24,2023-12-13,-2.0667913575133543
2023-24,2023-12-14,-1.7140149189186997
2023-24,2023-12-15,-2.222830375970864
2023-24,2023-12-16,-2.0722107231039537
2023-24,2023-12-17,0.18252770732809165
2023-24,2023-12-18,0.1768790161116152
2023-24,2023-12-19,-1.0098956406633928
2023-24,2023-12-20,0.6683426760656896
2023-24,2023-12-21,-1.0893923253701565
2023-24,2023-12-22,-0.858201340431588
2023-24,2023-12-23,-2.1307386773507053
2023-24,2023-12-24,-2.4219094942770667
2023-24,2023-12-25,-2.1372286418637634
2023-24,2023-12-26,-2.3151975337144064
2023-24,2023-12-27,0.2938465993306169
2023-24,2023-12-28,-1.7581570960363209
2023-24,2023-12-29,-1.1469433206140704
2023-24,2023-12-30,-0.08784891631134688
2023-24,2023-12-31,-1.9916811791806617
2023-24,2024-01-01,-1.6402265838329715
2023-24,2024-01-02,-1.02559262963474
2023-24,2024-01-03,0.18710715772976672
2023-24,2024-01-04,0.212878933651385
2023-24,2024-01-05,-1.625799175356364
2023-24,2024-01-06,0.25036546644058094
2023-24,2024-01-07,0.9131167107763096
2023-24,2024-01-08,-0.8568516289166551
2023-24,2024-01-09,1.1939899978481638
2023-24,2024-01-10,0.10515230873852656
2023-24,2024-01-11,0.7068672686439197
2023-24,2024-01-12,0.4034931954037744
2023-24,2024-01-13,1.020481598037857
2023-24,2024-01-14,0.47144074138164666
2023-24,2024-01-15,-1.9200201513417006
2023-24,2024-01-16,-0.4745823780526295
2023-24,2024-01-17,-0.30725587937654814
2023-24,2024-01-18,-1.4815134395495577
2023-24,2024-01-19,0.4011795149953961
2023-24,2024-01-20,0.1207042123263455
2023-24,2024-01-21,1.0354449644566652
2023-24,2024-01-22,-0.613079733213562
2023-24,2024-01-23,-0.3275067547310554
2023-24,2024-01-24,1.344882219931434
2023-24,2024-01-25,-0.06307775861350963
2023-24,2024-01-26,-1.9482954774962342
2023-24,2024-01-27,-2.664913725122752
2023-24,2024-01-28,-2.7771469349720834
2023-24,2024-01-29,-2.7652425662223137
2023-24,2024-01-30,-3.2585969224722597
2023-24,2024-01-31,0.6425453656429179
2023-24,2024-02-01,-0.5170364825601779
2023-24,2024-02-02,0.619951807938773
2023-24,2024-02-03,-0.7050067121511437
2023-24,2024-02-04,0.6349092181096715
2023-24,2024-02-05,0.26777723177772556
2023-24,2024-02-06,0.08748427407375008
2023-24,2024-02-07,1.2161924224023226
2023-24,2024-02-08,0.8704685024606906
2023-24,2024-02-09,0.6768436075418318
2023-24,2024-02-10,-0.44143688662949976
2023-24,2024-02-11,-0.922580366458904
2023-24,2024-02-12,-1.6152541818341635
2023-24,2024-02-13,-1.565976860581332
2023-24,2024-02-14,0.1586064664125233
2023-24,2024-02-15,-1.6884381317471464
2023-24,2024-02-16,-2.0045580953472077
2023-24,2024-02-17,1.6894970341003996
2023-24,2024-02-18,-0.33538080359652966
2023-24,2024-02-19,0.8163494770626866
2023-24,2024-02-20,0.3612180295910302
2023-24,2024-02-21,0.21626576907530795
2023-24,2024-02-22,-1.1474478190592197
2023-24,2024-02-23,-0.438779577761821
2023-24,2024-02-24,-1.6180717994527691
2023-24,2024-02-25,-1.6701225425753567
2023-24,2024-02-26,0.32966219105179173
2023-24,2024-02-27,0.6914032762979686
2023-24,2024-02-28,0.2672818611741122
2023-24,2024-02-29,1.5255559280005153
2023-24,2024-03-01,0.6752306916591695
2023-24,2024-03-02,1.3035016946140499
2023-24,2024-03-03,1.0116256387925877
2023-24,2024-03-04,0.2649290470072664
2023-24,2024-03-05,0.8123563472680159
2023-24,2024-03-06,-0.0421840563416129
2023-24,2024-03-07,0.9834682109923601
2023-24,2024-03-08,-0.41297556858451867
2023-24,2024-03-09,0.3965741372163269
2023-24,2024-03-10,0.5649813045202786
2023-24,2024-03-11,-0.07485431242845485
2023-24,2024-03-12,1.2102060339700331
2023-24,2024-03-13,0.7653792983908759
2023-24,2024-03-14,0.8883534197882313
2023-24,2024-03-15,0.9642183603145213
2023-24,2024-03-16,-0.9078079923519887
2023-24,2024-03-17,-0.7025756033486068
2023-24,2024-03-18,-1.4822772389806866
2023-24,2024-03-19,-0.4093146031443668
2023-24,2024-03-20,0.6257048943444408
2023-24,2024-03-21,-0.24686735599461634
2023-24,2024-03-22,0.07541253332683025
2023-24,2024-03-23,0.6058522262224879
2023-24,2024-03-24,0.9226500759220516
2023-24,2024-03-25,1.1661020422278767
2023-24,2024-03-26,0.6682706916739033
2023-24,2024-03-27,0.49942873640047236
2023-24,2024-03-28,1.0610860957775152
2023-24,2024-03-29,2.232056671509062
2023-24,2024-03-30,1.3242747433637094
2023-24,2024-03-31,1.5169726483844315
2023-24,2024-04-01,1.9286071522350956
2023-24,2024-04-02,-0.3841582334900661
2023-24,2024-04-03,1.4835577900881391
2023-24,2024-04-04,2.08642141458649
2023-24,2024-04-05,1.9522954206107008
2023-24,2024-04-06,1.9045935465756505
2023-24,2024-04-07,2.0590121644975197
2023-24,2024-04-08,2.150852966098339
2023-24,2024-04-09,0.3548480778963109
2023-24,2024-04-10,0.41425419802299784
2023-24,2024-04-11,0.6788853516262704
2023-24,2024-04-12,2.0671216682057345
2023-24,2024-04-13,2.6786238134246867
2023-24,2024-04-14,1.8714087527882057
2023-24,2024-04-15,1.9144708751879502
2023-24,2024-04-16,1.3190833921177763
2023-24,2024-04-17,0.3143464920935632
2023-24,2024-04-18,0.06107202102624808
2023-24,2024-04-19,0.7892474934971515
2023-24,2024-04-20,0.41919942710222224
2023-24,2024-04-21,0.4401911936057286
2023-24,2024-04-22,0.6534148024240535
2023-24,2024-04-23,1.5019571514349195
2023-24,2024-04-24,1.8769373243476675
2023-24,2024-04-25,1.9563118743321368
2023-24,2024-04-26,1.9011293001444338
2023-24,2024-04-27,1.7818644887376225
2023-24,2024-04-28,1.4937320377427157
2023-24,2024-04-29,1.9730880888257496
2023-24,2024-04-30,1.9111444008363063
2023-24,2024-05-01,3.2025862921954813
2023-24,2024-05-02,1.8434377162947322
2023-24,2024-05-03,1.6307986621874853
2023-24,2024-05-04,2.874009878734749
2023-24,2024-05-05,2.173288484740653
2023-24,2024-05-06,2.4051070755612054
2023-24,2024-05-07,1.9067962444972115
2023-24,2024-05-08,3.2750328255710945
2023-24,2024-05-09,3.4503510711147123
2023-24,2024-05-10,1.6003658394480336
2023-24,2024-05-11,-0.4119639239478382
2023-24,2024-05-12,-0.15409077608260033
2023-24,2024-05-13,0.6554585270612143
2023-24,2024-05-14,-0.06369121236352229
2023-24,2024-05-15,0.44738372179845104
2023-24,2024-05-16,0.21728582586514034
2023-24,2024-05-17,0.4985966530499499
2023-24,2024-05-18,0.5209103326919786
2023-24,2024-05-19,0.9236070332534381
2023-24,2024-05-20,0.9710604604171632
2023-24,2024-05-21,3.1729513859293346
2023-24,2024-05-22,0.6285934602631637
2023-24,2024-05-23,2.688753249617981
2023-24,2024-05-24,1.169748240566047
2023-24,2024-05-25,1.505048419333834
2023-24,2024-05-26,0.7554255051837493
2023-24,2024-05-27,0.38243993858800646
2023-24,2024-05-28,0.5560135133800225
2023-24,2024-05-29,1.5314732509244842
2023-24,2024-05-30,1.6375385056276013
2023-24,2024-05-31,0.2333964194517284
2023-24,2024-06-01,0.8740565055679478
2023-24,2024-06-02,0.9471042937237644
2023-24,2024-06-03,1.493009341935671
2023-24,2024-06-04,1.2641484073735607
2023-24,2024-06-05,-0.6742040674578611
2023-24,2024-06-06,0.5911847679693463
2023-24,2024-06-07,0.22349522607613795
2023-24,2024-06-08,0.7729368054023065
2023-24,2024-06-09,0.4596745875409854
2023-24,2024-06-10,0.4458010967640074
2023-24,2024-06-11,0.5457481089569545
2023-24,2024-06-12,-0.002900332107789571
2023-24,2024-06-13,0.8836151286483286
2023-24,2024-06-14,1.1690269331037488
2023-24,2024-06-15,1.8650624606290318
2023-24,2024-06-16,1.9439411758329734
2023-24,2024-06-17,3.5674652318423856
2023-24,2024-06-18,1.1080900674248653
2023-24,2024-06-19,1.210441656713448
2023-24,2024-06-20,0.40013176630830866
2023-24,2024-06-21,0.014673277261341154
2023-24,2024-06-22,-0.13057878385286592
2023-24,2024-06-23,-0.14130732551335198
2023-24,2024-06-24,-0.058951312154984156
2023-24,2024-06-25,-0.5051633099741182
2023-24,2024-06-26,-0.4189400575644014
2023-24,2024-06-27,-1.0448150135429435
2023-24,2024-06-28,0.28080971125709303
2023-24,2024-06-29,-0.45952468117710926
2023-24,2024-06-30,-0.5651398531270453
2023-24,2024-07-01,-0.835709452694123
2023-24,2024-07-02,0.2149551138584208
2023-24,2024-07-03,0.33012355686804
2023-24,2024-07-04,-0.1947197252345596
2023-24,2024-07-05,-0.4909088527761206
2023-24,2024-07-06,-0.6507390685932426
2023-24,2024-07-07,-1.3445942580112749
2023-24,2024-07-08,-0.9209664483151027
2023-24,2024-07-09,-0.7641514345798003
2023-24,2024-07-10,-1.5042939060248484
2023-24,2024-07-11,-0.9219713003754603
2023-24,2024-07-12,-1.4857057697200071
2023-24,2024-07-14,0.1211304554051506
2023-24,2024-07-15,-0.6891693819376594
2023-24,2024-07-16,0.11853317818456321
2023-24,2024-07-17,-0.473812175339169
2023-24,2024-07-18,-1.4535273200388157
2023-24,2024-07-19,-0.5409302937729885
2023-24,2024-07-20,-0.3038757024733513
2023-24,2024-07-21,0.1347558537542264
2023-24,2024-07-22,-0.7869510952353811
2023-24,2024-07-23,-1.061319506037016
2023-24,2024-07-24,-0.480700670161279
2023-24,2024-07-25,-1.2069642870649178
2023-24,2024-07-26,-0.12448865311756849
2023-24,2024-07-27,0.3933218995691504
2023-24,2024-07-28,0.573178429669372
2023-24,2024-07-29,0.8816422505636595
2023-24,2024-07-30,0.4668011490099763
2023-24,2024-07-31,-0.8185939479957787
